"label","name","super_class","is_extendable","sys_updated_on"
"Adaptive Authentication Event","adaptive_auth_event","","false","2024-12-02 17:59:08"
"Agent Assist Recommendation","agent_assist_recommendation","Application File","false","2024-12-02 18:00:30"
"MID Server File","agent_file","","false","2024-12-02 17:45:55"
"Record Producer Configuration","aisa_rp_config","Application File","false","2024-12-02 18:03:53"
"Search Actions","aisa_ui_action","Application File","false","2024-12-02 18:03:53"
"AI Search ACL Overrides","ais_acl_overrides","Application File","false","2024-12-02 17:29:44"
"AI Search Active Table Ingestion Tracker","ais_active_table_ingestion_tracker","","false","2024-12-02 17:29:42"
"AI Search Async Genius Result","ais_async_genius_result","","false","2024-12-02 17:29:46"
"AI Search Async Request","ais_async_request","","false","2024-12-02 17:29:46"
"AI Search Child Table","ais_child_table","Application File","false","2024-12-02 17:29:45"
"AI Search Configuration Attribute","ais_configuration_attribute","","false","2024-12-02 17:29:42"
"AI Search Connection","ais_connection","","false","2024-12-02 17:29:46"
"AI Search Country To Search Language","ais_country_to_search_language","Application File","false","2024-12-02 17:29:46"
"Custom Matcher","ais_custom_matcher","Application File","false","2024-12-02 17:29:44"
"AI Search Indexed Source","ais_datasource","Application File","false","2024-12-02 17:29:45"
"AI Search Indexed Source Attribute","ais_datasource_attribute","Application File","false","2024-12-02 17:29:42"
"AI Search Indexed Source Field Attribute","ais_datasource_field_attribute","Application File","false","2024-12-02 17:29:43"
"AI Search Indexed Source Statistics","ais_datasource_stats","","false","2024-12-02 17:29:43"
"AI Search Dictionary","ais_dictionary","Application File","false","2024-12-02 17:29:43"
"AI Search Dictionary Term","ais_dictionary_term","Application File","false","2024-12-02 17:29:45"
"AI Search Genius Result Configuration","ais_genius_result_configuration","Application File","false","2024-12-02 17:29:42"
"AI Search Genius Result Configuration Parameters","ais_genius_result_configuration_parameters","","false","2024-12-02 17:29:44"
"AI Search Genius Result Configuration NLU Model Mapping","ais_genius_result_configuration_sys_nlu_model_m2m","Application File","false","2024-12-02 17:29:45"
"Guard Rail Limit for Indexed Data Sources","ais_guard_rail_limit_data_source","","false","2024-12-02 17:29:42"
"AI Search Helpfulness Score Stats","ais_helpfulness_score_stats","","false","2024-12-02 17:29:45"
"AI Search Index Event Statistics","ais_index_event_stats","","false","2024-12-02 17:29:42"
"AI Search Index Events stats","ais_index_queue_stats","","false","2024-12-02 17:29:44"
"AI Search Ingestion Trigger Checkin","ais_ingestion_trigger_checkin","","false","2024-12-02 17:29:45"
"AI Search Indexed Batch History","ais_ingest_batch_stats","","false","2024-12-02 17:29:46"
"AI Search Indexed Source History","ais_ingest_datasource_stats","","false","2024-12-02 17:29:43"
"AI Search Indexed Event History","ais_ingest_event_stats","","false","2024-12-02 17:29:43"
"AI Search Indexed Retry History","ais_ingest_retry_stats","","false","2024-12-02 17:29:43"
"AI Search Indexed Table History","ais_ingest_table_stats","","false","2024-12-02 17:29:42"
"AI Search Long Query Log","ais_long_query_log","","false","2024-12-02 17:29:43"
"AI Search NLQ Navigation","ais_nlq_navigation","","false","2024-12-02 17:29:45"
"AI Search Partition Health","ais_partition_health","","false","2024-12-02 17:29:44"
"AI Search Partition Health Response","ais_partition_health_response","","false","2024-12-02 17:29:44"
"AI Search Publish History","ais_publish_history","","false","2024-12-02 17:29:46"
"AI Search Query Statistics","ais_query_statistics","","false","2024-12-02 17:29:44"
"AI Search Relevancy Auto Train Solution","ais_relevancy_autotrain_solution","ML Auto Train Solution","false","2024-12-02 17:29:46"
"AI Search Relevancy Solution Definition","ais_relevancy_solution_definition","Solution Definition","false","2024-12-02 17:29:44"
"AI Search Relevancy Training Execution","ais_relevancy_training_execution","","false","2024-12-02 17:29:44"
"AI Search Relevancy Training Staging","ais_relevancy_training_staging","","false","2024-12-02 17:29:43"
"AI Search Retention Policy","ais_retention_policy","","false","2024-12-02 17:29:44"
"AI Search Results Improvement Rule","ais_rule","Application File","false","2024-12-02 17:29:45"
"AI Search Results Improvement Rule Action","ais_rule_action","Application File","false","2024-12-02 17:29:46"
"Mirrored Result Improvement Rule","ais_rule_mirror_m2m","Application File","false","2024-12-02 17:29:42"
"AI Search Search Profile","ais_search_profile","Application File","false","2024-12-02 17:29:45"
"AI Search Search Profile Dictionary Mapping","ais_search_profile_ais_dictionary_m2m","Application File","false","2024-12-02 17:29:44"
"AI Search Search Profile Genius Result Configuration Mapping","ais_search_profile_ais_genius_result_configuration_m2m","Application File","false","2024-12-02 17:29:43"
"AI Search Search Profile Search Source Mapping","ais_search_profile_ais_search_source_m2m","Application File","false","2024-12-02 17:29:45"
"AI Search Search Profile Relevancy Model","ais_search_profile_relevancy_model","","false","2024-12-02 17:29:43"
"AI Search Search Source","ais_search_source","Application File","false","2024-12-02 17:29:46"
"AI Search Updatable Field Event","ais_updatable_field_event","","false","2024-12-02 17:29:45"
"Asset","alm_asset","","true","2024-12-02 17:40:56"
"Asset CI Field Mapping","alm_asset_ci_field_mapping","Application File","false","2024-12-02 17:40:54"
"Asset CI Install Status Mapping","alm_asset_ci_state_mapping","Application File","false","2024-12-02 17:40:57"
"Asset Creation Queue","alm_asset_creation_queue","","false","2024-12-02 17:40:57"
"Consumable","alm_consumable","Asset","false","2024-12-02 17:40:57"
"Custom Template Task","alm_custom_template_task","Template Task","false","2024-12-02 17:40:57"
"License Entitlement","alm_entitlement","","true","2015-07-30 13:55:49"
"Device Entitlement","alm_entitlement_asset","License Entitlement","false","2015-07-30 13:59:23"
"User Entitlement","alm_entitlement_user","License Entitlement","false","2015-07-30 13:58:44"
"Facility","alm_facility","Asset","false","2024-12-02 17:40:56"
"Fixed Assets","alm_fixed_assets","","false","2024-12-02 17:40:52"
"Hardware","alm_hardware","Asset","false","2024-12-02 17:40:57"
"Asset CI Hardware State Mapping","alm_hardware_state_mapping","Application File","false","2024-12-02 17:40:55"
"Software License","alm_license","Asset","false","2024-12-02 17:40:57"
"Stockroom Model","alm_m2m_stockroom_model","","false","2024-12-02 17:40:56"
"Stockroom","alm_stockroom","","false","2024-12-02 17:40:58"
"Stockroom Type","alm_stockroom_type","","false","2024-12-02 17:40:55"
"Stock Rule","alm_stock_rule","","false","2024-12-02 17:40:55"
"Template Subtask","alm_template_subtask","","false","2024-12-02 17:40:56"
"Template Task","alm_template_task","","true","2024-12-02 17:40:53"
"Transfer Order","alm_transfer_order","","false","2024-12-02 17:40:55"
"Transfer Order Line","alm_transfer_order_line","","false","2024-12-02 17:40:53"
"Transfer Order Line Subtask","alm_transfer_order_line_subtask","Task","false","2024-12-02 17:40:54"
"Transfer Order Line Task","alm_transfer_order_line_task","Task","false","2024-12-02 17:40:57"
"Default Stockroom","alm_user_stockroom","","false","2024-12-02 17:40:56"
"Analytics Task","analytics_task","","true","2024-12-02 17:53:07"
"Announcement","announcement","Application File","false","2024-12-02 17:49:47"
"Announcement Consumer Type","announcement_consumer_type","Application File","false","2024-12-02 17:49:46"
"Announcement Style","announcement_style","Application File","false","2024-12-02 17:49:47"
"Antivirus Activity","antivirus_activity","","false","2024-12-02 17:55:49"
"API Key","api_key","Auth Credential","false","2024-12-02 17:59:17"
"API Key Credentials","api_key_credentials","Credentials","false","2024-12-02 17:46:35"
"Application Diagnostic","application_diagnostic","","false","2024-12-02 17:44:30"
"Archive Audit Result","ar_cert_audit_result","","false","2024-12-02 18:56:16"
"Archive Knowledge Use","ar_kb_use","","false","2024-12-02 18:56:13"
"Assessable Record","asmt_assessable_record","","false","2015-04-13 14:36:48"
"Assessment Group","asmt_assessment","","false","2024-12-02 17:41:18"
"Assessment Instance","asmt_assessment_instance","","false","2024-12-02 17:41:18"
"Assessment Instance Question","asmt_assessment_instance_question","","false","2016-07-01 19:16:40"
"Assessment Stat","asmt_assessment_stat","","false","2024-12-02 17:41:18"
"Bubble Chart","asmt_bubble_chart","Application File","false","2024-12-02 17:41:17"
"Assessment Category Result","asmt_category_result","","false","2024-12-02 17:41:17"
"Trigger Condition","asmt_condition","Application File","false","2024-12-02 17:41:19"
"Custom Metric","asmt_custom_metric","Application File","false","2024-12-02 17:41:18"
"Decision Matrix","asmt_decision_matrix","Application File","false","2024-12-02 17:41:19"
"Category Assessable Records","asmt_m2m_category_assessment","","false","2024-12-02 17:41:19"
"Assessment Category User","asmt_m2m_category_user","","false","2024-12-02 17:41:15"
"Survey Recipients Lists","asmt_m2m_recipientslist_survey","","false","2024-12-02 17:41:31"
"Assessment Stakeholders","asmt_m2m_stakeholder","","false","2024-12-02 17:41:16"
"Assessment X Category Matrix","asmt_m2m_xcategory_matrix","Application File","false","2024-12-02 17:41:15"
"Assessment Y Category Matrix","asmt_m2m_ycategory_matrix","Application File","false","2024-12-02 17:41:17"
"Assessment Metric","asmt_metric","Application File","false","2024-12-02 17:41:15"
"Metric Category","asmt_metric_category","Application File","false","2024-12-02 17:41:17"
"Assessment Metric Definition","asmt_metric_definition","Application File","false","2024-12-02 17:41:15"
"Metric Result","asmt_metric_result","","false","2024-12-02 17:41:16"
"Assessment Metric Type","asmt_metric_type","Application File","true","2024-12-02 17:41:17"
"Assessment Metric Type Group","asmt_metric_type_group","","false","2024-12-02 17:41:16"
"Assessment NPS Definition","asmt_nps_definition","Assessment Template Definition","false","2024-12-02 17:41:18"
"Assessment Net Promoter Score","asmt_nps_result","","false","2024-12-02 17:41:19"
"Assessment NPS Template","asmt_nps_template","Assessment Metric Template","false","2024-12-02 17:41:16"
"Signature","asmt_signature","Application File","false","2024-12-02 17:41:19"
"Assessment Metric Template","asmt_template","Application File","true","2024-12-02 17:41:16"
"Assessment Template Definition","asmt_template_definition","Application File","true","2024-12-02 17:41:15"
"Content Audit","asset_content_audit","","false","2024-12-02 17:40:58"
"Asset Job Log","asset_job_log","","false","2024-12-02 17:40:53"
"Asset Job Log Details","asset_job_log_detail","","false","2024-12-02 17:40:54"
"Asset Properties","asset_property","","false","2024-12-02 17:40:55"
"Asset Reclamation Request","asset_reclamation_request","Task","false","2024-12-02 17:40:53"
"Asset Task","asset_task","Task","false","2024-12-02 17:40:54"
"Contract","ast_contract","","true","2024-12-02 17:47:48"
"Lease Instance","ast_contract_instance","","false","2024-12-02 17:47:50"
"Lease","ast_lease","Contract","false","2024-12-02 17:47:48"
"Adobe Software License","ast_license_adobe","Software License","false","2024-12-02 17:47:50"
"Software License","ast_license_base","","true","2024-12-02 17:47:47"
"Generic Software License","ast_license_generic","Software License","false","2024-12-02 17:47:49"
"Microsoft Software License","ast_license_msft","Software License","false","2024-12-02 17:47:50"
"Software License Instance","ast_license_package_instance","","false","2024-12-02 17:47:50"
"Software License Instance","ast_license_software_instance","","false","2024-12-02 17:47:49"
"Symantec Software License","ast_license_symantec","Software License","false","2024-12-02 17:47:47"
"Service Contract","ast_service","Contract","false","2024-12-02 17:47:48"
"Software License","ast_software_license","","false","2024-12-02 17:47:50"
"Software Usage","ast_usage","","false","2024-12-02 17:47:47"
"Warranty","ast_warranty","Contract","false","2024-12-02 17:47:48"
"Breakpoint","atf_breakpoint","","false","2024-12-02 17:48:38"
"Input Variables","atf_input_variable","Test Variable","false","2024-12-02 17:48:40"
"Output Variables","atf_output_variable","Test Variable","false","2024-12-02 17:48:37"
"Attachment Extractor","attachment_extractor","Application File","false","2024-12-02 17:41:55"
"Attachment Scan History","attachment_scan_history","","false","2024-12-02 17:55:49"
"Auth Algorithm","auth_algorithm","Application File","false","2024-12-02 17:46:14"
"Auth Key Verification","auth_key_verification","","true","2024-12-02 17:46:13"
"Authentication Policy","auth_policy_mapping","Application File","false","2024-12-02 17:59:14"
"Command Pipeline","automation_pipeline","Probe","false","2024-12-02 17:46:29"
"Command","automation_pipeline_command","","true","2024-12-02 17:46:22"
"SNMPTable Pipeline Command","automation_pipeline_command_snmptable","Command","false","2024-12-02 17:46:37"
"Pipeline Command: Toolkit","automation_pipeline_command_toolkit","Command","false","2024-12-02 17:46:29"
"Pipeline Command: Unix","automation_pipeline_command_unix","Command","false","2024-12-02 17:46:22"
"Filter","automation_pipeline_filter","","true","2024-12-02 17:46:25"
"Pipeline Filter: Key/Value","automation_pipeline_filter_key_value","Filter","false","2024-12-02 17:46:33"
"Pipeline Filter: Regex","automation_pipeline_filter_regex","Filter","false","2024-12-02 17:46:25"
"Pipeline Filter: Table Column","automation_pipeline_filter_table_column","Filter","false","2024-12-02 17:46:33"
"Parser","automation_pipeline_parser","","true","2024-12-02 17:46:24"
"Pipeline Parser: Key/Value","automation_pipeline_parser_key_value","Parser","false","2024-12-02 17:46:24"
"SNMPTable Parser","automation_pipeline_parser_snmptable","Parser","false","2024-12-02 17:46:26"
"Pipeline Parser: Table","automation_pipeline_parser_table","Parser","false","2024-12-02 17:46:25"
"Transformer","automation_pipeline_transformer","","true","2024-12-02 17:46:23"
"Pipeline Transformer: Javascript","automation_pipeline_transformer_javascript","Transformer","false","2024-12-02 17:46:25"
"Pipeline Transformer: Key Mapper","automation_pipeline_transformer_key_mapper","Transformer","false","2024-12-02 17:46:23"
"Pipeline Transformer: PPID Special Case","automation_pipeline_transformer_ppid_special_case","Transformer","false","2024-12-02 17:46:23"
"Subnet Transformer","automation_pipeline_transformer_subnet","Transformer","false","2024-12-02 17:46:23"
"Automation Status Set","automation_status_set","","false","2024-12-02 17:46:34"
"AWS Credentials","aws_credentials","Credentials","false","2024-12-02 17:46:29"
"Workspace Record Types Selector","aw_record_type_selector","Application File","false","2024-12-02 18:00:31"
"Azure Alert Rule","azure_alert_rule","Application File","false","2024-12-02 17:46:29"
"Azure SAS credentials","azure_sas_credentials","Credentials","false","2024-12-02 17:46:34"
"Azure Service Principal","azure_service_principal","Cloud Management Credential","false","2024-12-02 17:46:27"
"Azure SSH Certificate Credentials","azure_ssh_certificate_credentials","Credentials","false","2024-12-02 17:46:38"
"Basic Auth Credentials","basic_auth_credentials","Credentials","false","2024-12-02 17:46:35"
"Basic(SFTP) Retry Conditions","basic_retry_conditions","","false","2024-12-02 17:46:17"
"Excluded Password","blacklisted_password","","false","2024-12-02 17:31:05"
"BSM Map Actions","bsm_action","Diagrammer Actions","false","2024-12-02 17:41:47"
"BSM Saved View","bsm_chart","","false","2024-12-02 17:42:01"
"BSM Menu Action","bsm_context_menu","","false","2024-12-02 17:42:01"
"Edge Color","bsm_edge_color","","false","2024-12-02 17:42:03"
"BSM Saved Map","bsm_graph","","false","2024-12-02 17:41:47"
"Map Indicator","bsm_indicator","Application File","false","2014-09-30 14:02:57"
"BSM Map Filter","bsm_map_filter","","false","2024-12-02 17:42:01"
"BSM Map Icon","bsm_map_icon","","false","2024-12-02 17:42:01"
"BSM Related Item","bsm_related_item","Application File","false","2024-12-02 17:41:48"
"Business Application Request","business_app_request","Task","false","2024-12-02 18:03:07"
"Business Calendar","business_calendar","Application File","true","2024-12-02 17:40:09"
"Business Calendar Filter Option","business_calendar_filter_option","Application File","false","2024-12-02 17:40:09"
"Business Calendar Group","business_calendar_group","Application File","false","2024-12-02 17:40:09"
"Business Calendar Entry","business_calendar_span","","true","2024-12-02 17:40:08"
"Business Calendar Entry Name","business_calendar_span_name","Application File","false","2024-12-02 17:40:09"
"Business Unit","business_unit","","false","2024-12-02 17:40:50"
"Business Unit Strategy","business_unit_strategy","Strategic Objective","false","2024-12-02 17:40:50"
"CAB Agenda Item","cab_agenda_item","Meeting Agenda Item","false","2024-12-02 17:57:29"
"CAB Attendee","cab_attendee","Meeting Attendee","false","2024-12-02 17:57:29"
"CAB Definition","cab_definition","Meeting Definition","false","2024-12-02 17:57:30"
"CAB Meeting","cab_meeting","Meeting","false","2024-12-02 17:57:29"
"CAB Meeting Runtime State","cab_runtime_state","Meeting Runtime State","false","2024-12-02 17:57:30"
"Cached forecast","cached_forecast","","false","2024-12-02 17:53:10"
"Cache Metrics","cache_metrics","","false","2024-12-02 18:04:54"
"Calendars for Package","calendars_for_package","","false","2024-12-02 17:40:09"
"Calendar Indices","calendar_indices","","false","2024-12-02 17:40:09"
"Catalog Builder Analytics","catalog_builder_analytics","","false","2024-12-02 18:03:16"
"Service Category","catalog_category_request","Application File","false","2013-11-09 07:30:37"
"Catalog Category Request User","catalog_category_request_user","","false","2024-12-02 17:44:37"
"Catalog Channel Analytics","catalog_channel_analytics","","false","2024-12-02 18:03:25"
"Catalog Data Lookup Definitions","catalog_dl_definition","Data Lookup Definitions","false","2024-12-02 17:48:16"
"Catalog Matcher Variable Definitions","catalog_dl_definition_rel_mat","Matcher Field Definitions","false","2024-12-02 17:48:17"
"Catalog Setter Variable Definitions","catalog_dl_definition_rel_set","Setter Field Definitions","false","2024-12-02 17:48:16"
"Catalog draft entities","catalog_draft_entities","","false","2024-12-02 18:03:16"
"Catalog Item Analytics","catalog_item_analytics","","false","2024-12-02 18:03:25"
"Catalog Client Scripts","catalog_script_client","Client Script","false","2024-12-02 17:43:33"
"Catalog UI Policy","catalog_ui_policy","UI Policy","false","2024-12-02 17:43:24"
"Catalog UI Policy Action","catalog_ui_policy_action","UI Policy Action","false","2024-12-02 17:43:24"
"Certification Attribute Condition","cert_attr_cond","Certification Condition","false","2024-12-02 17:39:54"
"Audit","cert_audit","Scheduled Script Execution","true","2024-12-02 17:40:04"
"Audit Result","cert_audit_result","","false","2013-02-12 12:11:32"
"Certification CI Relationship Condition","cert_ci_rel_cond","Certification Condition","false","2013-02-19 10:53:57"
"Certification Condition","cert_cond","","true","2013-02-19 10:34:59"
"Certification Filter","cert_filter","","false","2024-12-02 17:39:53"
"Follow On Task","cert_follow_on_task","Task","false","2024-12-02 17:39:53"
"Certification Group Relationship Condition","cert_group_rel_cond","Certification Condition","false","2013-02-19 10:55:59"
"Certification Related List Condition","cert_related_list_cond","Certification Condition","false","2024-12-02 17:39:53"
"Certification Template","cert_template","","false","2013-02-12 12:10:46"
"Certification User Relationship Condition","cert_user_rel_cond","Certification Condition","false","2013-02-19 10:58:48"
"Change Phase","change_phase","Task","false","2024-12-02 17:41:36"
"Change Request","change_request","Task","true","2024-12-02 18:09:47"
"IMAC","change_request_imac","Change Request","false","2024-12-02 17:41:37"
"Change Risk Details","change_risk_details","","false","2024-12-02 17:41:37"
"Change Task","change_task","Task","false","2024-12-02 17:41:36"
"Chat Queue","chat_queue","","false","2024-12-02 17:28:04"
"Chat Queue Entry","chat_queue_entry","Task","false","2024-12-02 17:28:04"
"Checklist","checklist","","false","2024-12-02 17:28:01"
"Checklist Item","checklist_item","","false","2024-12-02 17:28:01"
"Checklist Template","checklist_template","","false","2024-12-02 17:28:01"
"Checkpoint Attribute Description","checkpoint_attribute_description","","false","2024-12-02 17:58:48"
"Change Approval Definition","chg_approval_def","Change Policy Action","false","2024-12-02 17:58:29"
"Change Contextual Sidebar Cards","chg_ctx_sidebar_card","Task Overview Container","false","2024-12-02 18:21:45"
"Change Management Worker","chg_mgt_worker","","false","2024-12-02 17:41:37"
"Change Model","chg_model","State Transition Model","false","2024-12-02 17:58:32"
"Change Model Attribute","chg_model_attribute","State Model Attribute","false","2024-12-02 17:58:32"
"Change Model Condition Type","chg_model_condition_type","Model State Transition Condition Type","false","2024-12-02 17:58:32"
"Change Overview Card","chg_overview_card","Application File","false","2024-12-02 18:21:46"
"Change Overview Container","chg_overview_container","Task Overview Container","false","2024-12-02 18:21:46"
"Change Overview Field","chg_overview_field","Application File","false","2024-12-02 18:21:45"
"Change Policy","chg_policy","Decision Table","true","2024-12-02 17:58:29"
"Change Policy Action","chg_policy_action","","true","2024-12-02 17:58:29"
"Applied Change Policy","chg_policy_applied","","false","2024-12-02 17:58:29"
"Change Approval Policy","chg_policy_approval","Change Policy","false","2024-12-02 17:58:30"
"Change Schedule Definition","chg_soc_definition","Change Schedule Definition Core","false","2024-12-02 17:58:26"
"Related Definition","chg_soc_definition_child","Change Schedule Definition Core","false","2024-12-02 17:58:26"
"Change Schedule Definition Core","chg_soc_definition_core","Application File","true","2024-12-02 17:58:25"
"Style Rule","chg_soc_definition_style_rule","Style Rule Core","false","2024-12-02 17:58:25"
"Style Rule","chg_soc_def_child_style_rule","Style Rule Core","false","2024-12-02 17:58:26"
"Style Rule","chg_soc_style_rule","Style Rule Core","false","2024-12-02 17:58:25"
"Style Rule Core","chg_soc_style_rule_core","Application File","true","2024-12-02 17:58:25"
"CIM Credentials","cim_credentials","Credentials","false","2024-12-02 17:46:26"
"CI Diagnostic Category","ci_diagnostic_category","","false","2024-12-02 18:24:22"
"CI Diagnostic Content","ci_diagnostic_content","","false","2024-12-02 18:24:23"
"CI Identifier","ci_identifier","Application File","false","2024-12-02 17:46:12"
"Condition Checks","clm_condition_check","Application File","false","2024-12-02 17:47:49"
"Condition","clm_condition_checker","Application File","false","2024-12-02 17:47:49"
"Contract History","clm_contract_history","","false","2024-12-02 17:47:47"
"Terms and Conditions","clm_m2m_contract_and_terms","","false","2024-12-02 17:47:50"
"Asset Covered","clm_m2m_contract_asset","","false","2024-12-02 17:47:49"
"Users Covered","clm_m2m_contract_user","","false","2024-12-02 17:47:47"
"Asset Covered","clm_m2m_rate_card_asset","","false","2024-12-02 17:47:49"
"Terms and Conditions","clm_terms_and_conditions","","false","2024-12-02 17:47:47"
"Database Clone","clone","","true","2024-12-02 17:24:58"
"Clone Cleanup Script","clone_cleanup_script","Application File","false","2024-12-02 17:24:59"
"Clone Exclude Table","clone_data_exclude","Application File","false","2024-12-02 17:24:59"
"Clone Data Preserver","clone_data_preserver","Application File","false","2024-12-02 17:24:59"
"System Clone","clone_instance","Database Clone","false","2024-12-02 17:24:59"
"Clone Log","clone_log","Log Entry","false","2024-12-02 17:24:59"
"Clone Log","clone_log0000","Log Entry","false","2024-12-02 17:45:02"
"Clone Log","clone_log0001","Log Entry","false","2024-12-02 17:45:02"
"Clone Log","clone_log0002","Log Entry","false","2024-12-02 17:45:04"
"Clone Log","clone_log0003","Log Entry","false","2024-12-02 17:45:05"
"Clone Log","clone_log0004","Log Entry","false","2024-12-02 17:45:06"
"Clone Log","clone_log0005","Log Entry","false","2024-12-02 17:45:08"
"Clone Log","clone_log0006","Log Entry","false","2024-12-02 17:45:08"
"Clone Log","clone_log0007","Log Entry","false","2024-12-02 17:45:10"
"Preserved Data","clone_preserved_data","","false","2024-12-02 17:24:59"
"Clone Profile","clone_profile","Application File","false","2024-12-02 17:24:59"
"Clone Profile Cleanup Scripts","clone_profile_cleanup_scripts","Application File","false","2024-12-02 17:24:59"
"Clone Profile Exclusions","clone_profile_exclusions","Application File","false","2024-12-02 17:24:59"
"Clone Profile Preservers","clone_profile_preservers","Application File","false","2024-12-02 17:24:59"
"Database Table Clone","clone_table","","false","2024-12-02 17:24:59"
"Clone Security Token","clone_token","","false","2024-12-02 17:24:59"
"Cloud Management Credential","cloud_credential","Credentials","true","2024-12-02 17:46:26"
"Cloud Mgmt Region","cloud_mgmt_region","Application File","false","2024-12-02 17:37:05"
"Cloud Public IP Configuration","cloud_public_ip_config","Application File","false","2024-12-02 17:45:50"
"Base Configuration Item","cmdb","","true","2024-12-02 17:31:33"
"cmdb$par1","cmdb$par1","","false","2024-12-02 17:31:33"
"CI Alias","cmdb_alias","","false","2024-12-02 17:31:54"
"Application Model Lifecycle","cmdb_application_model_lifecycle","Model Lifecycle","false","2024-12-02 17:31:24"
"Application Model","cmdb_application_product_model","Product Model","false","2024-12-02 17:31:23"
"CMDB Baseline","cmdb_baseline","","false","2024-12-02 17:35:49"
"CMDB Baseline Entry","cmdb_baseline_entry","","false","2024-12-02 17:32:04"
"Business Rule Exclusion List","cmdb_business_rule_exclusions","Application File","false","2024-12-02 17:31:35"
"CMDB Categories","cmdb_categories","Application File","false","2024-12-02 17:36:10"
"Configuration Item","cmdb_ci","Base Configuration Item","true","2024-12-02 17:31:34"
"Accessory","cmdb_ci_acc","Configuration Item","false","2024-12-02 17:34:48"
"Active Directory Domain Controller","cmdb_ci_ad_controller","Directory Server","false","2024-12-02 17:37:08"
"AD Domain","cmdb_ci_ad_domain","Infrastructure Service","false","2024-12-02 17:35:26"
"Agility Process","cmdb_ci_agility_process","Application","false","2024-12-02 17:33:19"
"AIX Server","cmdb_ci_aix_server","UNIX Server","false","2024-12-02 17:33:21"
"Alias","cmdb_ci_alias","Configuration Item","true","2024-12-02 17:32:26"
"Apache Web Server","cmdb_ci_apache_web_server","Web Server","false","2024-12-02 17:35:50"
"Apic Host","cmdb_ci_apic_host","Virtual Machine Object","false","2024-12-02 17:36:12"
"Apic Tenant","cmdb_ci_apic_tenant","Virtual Machine Object","false","2024-12-02 17:34:07"
"Application","cmdb_ci_appl","Configuration Item","true","2024-12-02 17:31:36"
"Application Cluster","cmdb_ci_application_cluster","Configuration Item","false","2024-12-02 17:32:56"
"Application Software","cmdb_ci_application_software","Software","false","2024-12-02 17:36:54"
"Active Directory Service","cmdb_ci_appl_active_directory","Application","false","2024-12-02 17:33:43"
"BizTalk","cmdb_ci_appl_biztalk","Application","false","2024-12-02 17:32:14"
"BizTalk Orchestration","cmdb_ci_appl_biztalk_orch","Application","false","2024-12-02 17:35:55"
"CA Enterprise Communicator","cmdb_ci_appl_ca","Application","false","2024-12-02 17:35:32"
"CA eTrust Directory Server","cmdb_ci_appl_ca_dir_server","Infrastructure Service","false","2024-12-02 17:33:02"
"CA Introscope Enterprise Manager","cmdb_ci_appl_ca_ent_man","Application","false","2024-12-02 17:37:04"
"CA Identity Manager Provisioning Server","cmdb_ci_appl_ca_id_man","Application","false","2024-12-02 17:31:45"
"Cisco CallManager","cmdb_ci_appl_cisco_call_man","Application","false","2024-12-02 17:34:40"
"Cisco Fibre InterConnect","cmdb_ci_appl_cisco_fibre","Application","false","2024-12-02 17:35:12"
"Citrix Application Icon","cmdb_ci_appl_citrix_app","Application","false","2024-12-02 17:37:09"
"Citrix Collector","cmdb_ci_appl_citrix_collector","Application","false","2024-12-02 17:35:25"
"Citrix XenAPP or Presentation Server","cmdb_ci_appl_citrix_xenapp","Application","false","2024-12-02 17:32:32"
"Connect-It Service","cmdb_ci_appl_connectit","Application","false","2024-12-02 17:33:55"
"Control-M","cmdb_ci_appl_controlm","Application","false","2024-12-02 17:34:45"
"Delivery Controler","cmdb_ci_appl_delivery_controler","Application","false","2024-12-02 17:34:29"
"Documentum Brava Job Processor","cmdb_ci_appl_doc_brava_proc","Application","false","2024-12-02 17:32:54"
"Documentum Brava License Server","cmdb_ci_appl_doc_brava_server","Application","false","2024-12-02 17:35:40"
"Documentum DocBase","cmdb_ci_appl_doc_docbase","Application","false","2024-12-02 17:37:00"
"Documentum Broker","cmdb_ci_appl_doc_docbroker","Application","false","2024-12-02 17:36:23"
".NET Application","cmdb_ci_appl_dot_net","Application","false","2024-12-02 17:34:46"
"Fast Search","cmdb_ci_appl_fastsearch","Application","false","2024-12-02 17:31:41"
"Generic Application","cmdb_ci_appl_generic","Application","false","2024-12-02 17:33:10"
"GlassFish","cmdb_ci_appl_glassfish","Application Server","false","2024-12-02 17:36:31"
"GlassFish WAR","cmdb_ci_appl_glassfish_war","Application Server","false","2024-12-02 17:35:54"
"Groundwork","cmdb_ci_appl_groundwork","Application","false","2024-12-02 17:34:50"
"HP SM Index Server","cmdb_ci_appl_hp_index","Application","false","2024-12-02 17:33:59"
"HP Operations Manager","cmdb_ci_appl_hp_operations","Application","false","2024-12-02 17:35:52"
"HP Quality Center","cmdb_ci_appl_hp_qc","Application","false","2024-12-02 17:33:51"
"HP Service Manager","cmdb_ci_appl_hp_service","Application","false","2024-12-02 17:32:22"
"HP SM KnowledgeBase","cmdb_ci_appl_hp_sm_kb","Application","false","2024-12-02 17:36:48"
"IBM CICS","cmdb_ci_appl_ibm_cics","Application","false","2024-12-02 17:34:04"
"IBM CTG","cmdb_ci_appl_ibm_ctg","Application","false","2024-12-02 17:36:37"
"IBM WebSphere Message Broker","cmdb_ci_appl_ibm_wmb","Application","false","2024-12-02 17:34:15"
"IBM WMB Http Listener","cmdb_ci_appl_ibm_wmb_listener","Application","false","2024-12-02 17:36:47"
"IBM WebSphere MQ","cmdb_ci_appl_ibm_wmq","Application","false","2024-12-02 17:33:04"
"IBM WebSphere MQ Queue","cmdb_ci_appl_ibm_wmq_queue","Application","false","2024-12-02 17:35:10"
"ITAM Asset Center","cmdb_ci_appl_itam","Application","false","2024-12-02 17:35:15"
"Citrix License server","cmdb_ci_appl_license_server","Application","false","2024-12-02 17:33:07"
"Mongos Server","cmdb_ci_appl_mongos","Application","false","2024-12-02 17:34:58"
"Mongo Config Server","cmdb_ci_appl_mongo_config_serv","Application","false","2024-12-02 17:32:14"
"MSMQ","cmdb_ci_appl_msmq","Application","false","2024-12-02 17:33:28"
"Dynamic CRM Component","cmdb_ci_appl_ms_dynamic_crm","Application","false","2024-12-02 17:34:52"
"ServiceNow Application","cmdb_ci_appl_now_app","Application","true","2024-12-02 17:35:03"
"ServiceNow Application Component","cmdb_ci_appl_now_app_comp","ServiceNow Application","false","2024-12-02 17:35:31"
"Oracle Concurrent Server","cmdb_ci_appl_ora_conc","Application","false","2024-12-02 17:33:34"
"Oracle Discoverer Engine","cmdb_ci_appl_ora_disc","Application","false","2024-12-02 17:33:58"
"Oracle Discoverer UI","cmdb_ci_appl_ora_disc_ui","Application","false","2024-12-02 17:35:50"
"Oracle ESB","cmdb_ci_appl_ora_ebs","Application","false","2024-12-02 17:33:18"
"Oracle Forms Engine","cmdb_ci_appl_ora_forms","Application","false","2024-12-02 17:36:42"
"Oracle Forms UI","cmdb_ci_appl_ora_forms_ui","Application","false","2024-12-02 17:32:33"
"Oracle Fulfillment Server","cmdb_ci_appl_ora_fs","Application","false","2024-12-02 17:34:04"
"Oracle HTTP Server","cmdb_ci_appl_ora_http","Application","false","2024-12-02 17:35:30"
"Weblogic JMS Queue","cmdb_ci_appl_ora_jms_queue","Application","false","2024-12-02 17:32:27"
"Oracle Metric Client","cmdb_ci_appl_ora_metric_client","Application","false","2024-12-02 17:33:35"
"Oracle Metric Server","cmdb_ci_appl_ora_metric_svr","Application","false","2024-12-02 17:36:26"
"Oracle Notification Server","cmdb_ci_appl_ora_notif_svr","Application","false","2024-12-02 17:36:36"
"Oracle OACORE Server","cmdb_ci_appl_ora_oacore","Application","false","2024-12-02 17:36:15"
"Oracle OAFM Server","cmdb_ci_appl_ora_oafm","Application","false","2024-12-02 17:32:03"
"Oracle Process Manager","cmdb_ci_appl_ora_pm","Application","false","2024-12-02 17:34:24"
"Advanced Queue Queue","cmdb_ci_appl_ora_queue","Application","false","2024-12-02 17:36:00"
"Oracle Report Server","cmdb_ci_appl_ora_report","Application","false","2024-12-02 17:32:51"
"Oracle App TNS Service","cmdb_ci_appl_ora_tns","Application","false","2024-12-02 17:34:10"
"Oracle TNS Listener Engine","cmdb_ci_appl_ora_tnslsnr","Application","false","2024-12-02 17:36:44"
"Peoplesoft Application Server","cmdb_ci_appl_peoplesoft","Application","false","2024-12-02 17:33:26"
"RabbitMQ","cmdb_ci_appl_rabbitmq","Application","false","2024-12-02 17:35:11"
"RabbitMQ Cluster","cmdb_ci_appl_rabbitmq_cluster","Application","false","2024-12-02 17:37:01"
"RabbitMQ Queue","cmdb_ci_appl_rabbitmq_queue","Application","false","2024-12-02 17:34:33"
"SAP Application","cmdb_ci_appl_sap","Application","true","2024-12-02 17:31:47"
"SAP ASCS Application","cmdb_ci_appl_sap_ascs","SAP Application","false","2024-12-02 17:32:00"
"SAP Business Objects CMS server","cmdb_ci_appl_sap_bo","Application","false","2024-12-02 17:35:56"
"SAP BO BOXIScheduleRouter","cmdb_ci_appl_sap_bo_scheduler","Application","false","2024-12-02 17:33:20"
"SAP Business Objects","cmdb_ci_appl_sap_bus_obj","Application","false","2024-12-02 17:31:48"
"SAP CI Application","cmdb_ci_appl_sap_ci","SAP Application","false","2024-12-02 17:34:44"
"SAP DI Application","cmdb_ci_appl_sap_di","SAP Application","false","2024-12-02 17:36:36"
"SAP ERS Application","cmdb_ci_appl_sap_ers","SAP Application","false","2024-12-02 17:32:34"
"SAP Hana Db","cmdb_ci_appl_sap_hana_db","Application","false","2024-12-02 17:35:46"
"SAP JC Application","cmdb_ci_appl_sap_jc","SAP Application","false","2024-12-02 17:31:48"
"SAP SCS Application","cmdb_ci_appl_sap_scs","SAP Application","false","2024-12-02 17:31:50"
"SAP Application Server","cmdb_ci_appl_sap_server","Application","false","2024-12-02 17:32:17"
"SAP System","cmdb_ci_appl_sap_system","Application","false","2024-12-02 17:32:19"
"Sendmail","cmdb_ci_appl_sendmail","Application","false","2024-12-02 17:33:16"
"SharePoint","cmdb_ci_appl_sharepoint","Application","false","2024-12-02 17:32:35"
"SharePoint Service","cmdb_ci_appl_sp_service","Application","false","2024-12-02 17:34:19"
"Tibco Adapter","cmdb_ci_appl_tibco_adapter","Application","false","2024-12-02 17:36:25"
"Tibco Hawk","cmdb_ci_appl_tibco_hawk","Application","false","2024-12-02 17:34:34"
"ActiveMatrix Business Works","cmdb_ci_appl_tibco_matrix","Application","false","2024-12-02 17:36:59"
"ActiveMatrix Business Works Process","cmdb_ci_appl_tibco_matrix_proc","Application","false","2024-12-02 17:36:50"
"Tibco Enterprise Message Service","cmdb_ci_appl_tibco_message","Application","false","2024-12-02 17:33:13"
"EMS Queue","cmdb_ci_appl_tibco_queue","Application","false","2024-12-02 17:36:19"
"Tuxedo","cmdb_ci_appl_tuxedo","Application","false","2024-12-02 17:34:16"
"Tuxedo Portal","cmdb_ci_appl_tuxedo_portal","Application","false","2024-12-02 17:36:34"
"Vignette Search Starter","cmdb_ci_appl_vignette_search","Application","false","2024-12-02 17:33:44"
"Vignette Server","cmdb_ci_appl_vignette_server","Application","false","2024-12-02 17:32:43"
"Vignette Content Management Server","cmdb_ci_appl_vign_content_svr","Application","false","2024-12-02 17:35:36"
"Weblogic Module Server","cmdb_ci_appl_weblogicmodule","Application","false","2024-12-02 17:31:42"
"Weblogic JMS Server","cmdb_ci_appl_weblogic_jms","Application","false","2024-12-02 17:36:52"
"Weblogic LB","cmdb_ci_appl_weblogic_lb","Application Server","false","2024-12-02 17:32:52"
"Websphere Portal","cmdb_ci_appl_websphere_portal","Application","false","2024-12-02 17:31:43"
"WMB Flow","cmdb_ci_appl_wmb","Application","false","2024-12-02 17:34:29"
"Application Network Profile","cmdb_ci_app_network_profile","Virtual Machine Object","false","2024-12-02 17:35:55"
"Application Server","cmdb_ci_app_server","Application","true","2024-12-02 17:31:41"
"Composer","cmdb_ci_app_server_composer","Application Server","false","2024-12-02 17:31:49"
"Data Power","cmdb_ci_app_server_datapower","Application Server","false","2024-12-02 17:31:49"
"Domino","cmdb_ci_app_server_domino","Application Server","false","2024-12-02 17:33:39"
"Data Power Domain","cmdb_ci_app_server_dp_domain","Application Server","false","2024-12-02 17:33:35"
"HP uCMDB","cmdb_ci_app_server_hp_ucmdb","Application Server","false","2024-12-02 17:34:33"
"JavaServer","cmdb_ci_app_server_java","Application Server","false","2024-12-02 17:34:22"
"JBoss","cmdb_ci_app_server_jboss","Application Server","false","2024-12-02 17:35:06"
"Jboss module","cmdb_ci_app_server_jb_module","Application Server","false","2024-12-02 17:36:51"
"Jrun","cmdb_ci_app_server_jrun","Application Server","false","2024-12-02 17:35:46"
"Jrun WAR","cmdb_ci_app_server_jrun_war","Application Server","false","2024-12-02 17:31:45"
"Oracle Essbase Server","cmdb_ci_app_server_ora_ess","Application Server","false","2024-12-02 17:31:42"
"Oracle iAS","cmdb_ci_app_server_ora_ias","Application Server","false","2024-12-02 17:37:10"
"Oracle iAS Web module","cmdb_ci_app_server_ora_ias_m","Application Server","false","2024-12-02 17:35:55"
"Remedy HSServer","cmdb_ci_app_server_remedy","Application Server","false","2024-12-02 17:33:07"
"Tomcat","cmdb_ci_app_server_tomcat","Application Server","false","2024-12-02 17:34:31"
"Tomcat WAR","cmdb_ci_app_server_tomcat_war","Application Server","false","2024-12-02 17:36:56"
"Vendavo Application Server","cmdb_ci_app_server_vendavo","Application Server","false","2024-12-02 17:34:59"
"Oracle WebLogic","cmdb_ci_app_server_weblogic","Application Server","false","2024-12-02 17:33:07"
"Webseal","cmdb_ci_app_server_webseal","Application","false","2024-12-02 17:33:15"
"IBM WebSphere AS","cmdb_ci_app_server_websphere","Application Server","true","2024-12-02 17:32:37"
"WeblogicModule","cmdb_ci_app_server_wl_module","Application Server","false","2024-12-02 17:34:19"
"Websphere EAR","cmdb_ci_app_server_ws_ear","Application Server","false","2024-12-02 17:35:27"
"Websphere ODR LB","cmdb_ci_app_server_ws_odr","IBM WebSphere AS","false","2024-12-02 17:35:59"
"Simulation","cmdb_ci_app_simulation","Application","false","2024-12-02 17:33:23"
"Simulation Inclusion","cmdb_ci_app_simulation_inc","Application","false","2024-12-02 17:36:08"
"Automatic Transfer Switch","cmdb_ci_ats_power_eq","Power Equipment","false","2024-12-02 17:35:19"
"Availability Set","cmdb_ci_availability_set","Virtual Machine Object","false","2024-12-02 17:35:21"
"Availability Zone","cmdb_ci_availability_zone","Virtual Machine Object","false","2024-12-02 17:36:43"
"AWS Account","cmdb_ci_aws_account","Virtual Machine Object","false","2024-12-02 17:32:24"
"AWS Datacenter","cmdb_ci_aws_datacenter","Logical Datacenter","false","2024-12-02 17:36:27"
"Azure Datacenter","cmdb_ci_azure_datacenter","Logical Datacenter","false","2024-12-02 17:35:33"
"Azure Subscription","cmdb_ci_azure_subscription","Virtual Machine Object","false","2024-12-02 17:33:14"
"Batch Job","cmdb_ci_batch_job","Configuration Item","false","2024-12-02 17:31:56"
"Tower Beacon","cmdb_ci_beacon_tower_eq","Tower Equipment","false","2024-12-02 17:33:56"
"Bridge Domain","cmdb_ci_bridge_domain","Virtual Machine Object","false","2024-12-02 17:36:34"
"Buildings","cmdb_ci_building_facility","Facility Hardware","false","2024-12-02 17:34:37"
"Bundled Resources","cmdb_ci_bundled_resources","Virtual Machine Object","false","2024-12-02 17:36:18"
"Business Application","cmdb_ci_business_app","Configuration Item","false","2024-12-02 17:32:57"
"Business Capability","cmdb_ci_business_capability","Configuration Item","false","2024-12-02 17:34:00"
"Business Process","cmdb_ci_business_process","Configuration Item","false","2024-12-02 17:32:11"
"Server Chassis","cmdb_ci_chassis_server","Server Hardware","false","2024-12-02 17:36:47"
"CIM Profiles","cmdb_ci_cim_profile","Configuration Item","false","2024-12-02 17:31:53"
"CIM Server","cmdb_ci_cim_server","Server","false","2024-12-02 17:32:26"
"Circuit","cmdb_ci_circuit","Configuration Item","false","2024-12-02 17:37:10"
"Cisco Apic","cmdb_ci_cisco_apic","Logical Datacenter","false","2024-12-02 17:34:03"
"Cloud App Server","cmdb_ci_cloud_appserver","Application Server","false","2024-12-02 17:35:11"
"Cloud DataBase","cmdb_ci_cloud_database","Database Instance","false","2024-12-02 17:37:04"
"Cloud Directory","cmdb_ci_cloud_directory","Directory Server","false","2024-12-02 17:35:28"
"Cloud Host","cmdb_ci_cloud_host","Virtualization Server","false","2024-12-02 17:35:24"
"Cloud IP Address","cmdb_ci_cloud_ip_address","Virtual Machine Object","false","2024-12-02 17:36:01"
"Cloud Key Pair","cmdb_ci_cloud_key_pair","Configuration Item","false","2024-12-02 17:34:17"
"Cloud LB IPAddress","cmdb_ci_cloud_lb_ipaddress","Virtual Machine Object","false","2024-12-02 17:36:06"
"Cloud Load Balancer","cmdb_ci_cloud_load_balancer","Virtual Machine Object","false","2024-12-02 17:35:42"
"Cloud Messaging Service","cmdb_ci_cloud_messaging_service","Application","false","2024-12-02 17:33:08"
"Cloud Monitor Alarm","cmdb_ci_cloud_monitor_alarm","Virtual Machine Object","false","2024-12-02 17:34:56"
"Cloud Monitor Notification","cmdb_ci_cloud_monitor_notification","Virtual Machine Object","false","2024-12-02 17:32:39"
"Cloud Public IP Address","cmdb_ci_cloud_public_ipaddress","Virtual Machine Object","false","2024-12-02 17:36:28"
"Cloud Resource Base","cmdb_ci_cloud_resource_base","Configuration Item","false","2024-12-02 17:33:28"
"Cloud Storage Account","cmdb_ci_cloud_storage_account","Virtual Machine Object","false","2024-12-02 17:33:46"
"Cloud Subnet","cmdb_ci_cloud_subnet","Virtual Machine Object","false","2024-12-02 17:31:52"
"Cloud Topic","cmdb_ci_cloud_topic","Virtual Machine Object","false","2024-12-02 17:37:08"
"Cloud WebServer","cmdb_ci_cloud_webserver","Web Server","false","2024-12-02 17:35:35"
"Cluster","cmdb_ci_cluster","Configuration Item","true","2024-12-02 17:31:55"
"Cluster Node","cmdb_ci_cluster_node","Configuration Item","true","2024-12-02 17:31:40"
"Cluster Node Resource","cmdb_ci_cluster_node_resource","","false","2024-12-02 17:34:47"
"Cluster Resource","cmdb_ci_cluster_resource","Configuration Item","true","2024-12-02 17:35:51"
"Cluster Virtual IP","cmdb_ci_cluster_vip","Configuration Item","false","2024-12-02 17:35:58"
"Cluster VM Affinity Rule Info","cmdb_ci_cluster_vm_affinity_rule","VMWare vCenter Cluster DRS Rule","false","2024-12-02 17:35:49"
"Cluster VM Dependency Rule Info","cmdb_ci_cluster_vm_dependency_rule","VMWare vCenter Cluster DRS Rule","false","2024-12-02 17:32:45"
"Cluster VM Host Rule Info","cmdb_ci_cluster_vm_host_rule","VMWare vCenter Cluster DRS Rule","false","2024-12-02 17:34:48"
"Cloud Resource","cmdb_ci_cmp_resource","Virtual Machine Object","false","2024-12-02 17:36:35"
"Communication Device","cmdb_ci_comm","Configuration Item","false","2024-12-02 17:33:47"
"Computer","cmdb_ci_computer","Hardware","true","2024-12-02 17:32:06"
"Computer Room","cmdb_ci_computer_room","Configuration Item","false","2024-12-02 17:35:45"
"Compute Security Group","cmdb_ci_compute_security_group","Virtual Machine Object","false","2024-12-02 17:33:53"
"Hardware Type","cmdb_ci_compute_template","Virtual Machine Object","false","2024-12-02 17:33:39"
"Management Server","cmdb_ci_config_automation_server","Application","true","2024-12-02 17:39:43"
"Configuration file","cmdb_ci_config_file","Configuration Item","true","2024-12-02 17:32:15"
"Tracked Configuration file","cmdb_ci_config_file_tracked","Configuration file","false","2024-12-02 17:32:16"
"Computer Room AC","cmdb_ci_crac","Configuration Item","false","2024-12-02 17:33:38"
"CSU/DSU","cmdb_ci_csu_dsu_network","Network Gear","false","2024-12-02 17:34:38"
"Customer Gateway","cmdb_ci_customer_gateway","Virtual Machine Object","false","2024-12-02 17:36:52"
"Customization Spec","cmdb_ci_customization_spec","Virtual Machine Object","false","2024-12-02 17:32:48"
"Database","cmdb_ci_database","Configuration Item","false","2024-12-02 17:34:15"
"Data Center","cmdb_ci_datacenter","Configuration Item","false","2024-12-02 17:35:44"
"Data Power Hosting Server","cmdb_ci_datapower_server","Server","false","2024-12-02 17:33:15"
"Datastore","cmdb_ci_datastore","VMware vCenter Object","true","2024-12-02 17:31:38"
"Database Catalog","cmdb_ci_db_catalog","Configuration Item","true","2024-12-02 17:31:34"
"DB2 Catalog","cmdb_ci_db_db2_catalog","Database Catalog","false","2024-12-02 17:35:20"
"DB2 Instance","cmdb_ci_db_db2_instance","Database Instance","false","2024-12-02 17:37:00"
"HBase Instance","cmdb_ci_db_hbase_instance","Database Instance","false","2024-12-02 17:39:42"
"Database Instance","cmdb_ci_db_instance","Application","true","2024-12-02 17:31:54"
"MongoDB Instance","cmdb_ci_db_mongodb_instance","Database Instance","false","2024-12-02 17:39:43"
"SQL Server Analysis Services","cmdb_ci_db_mssql_analysis","Database Instance","false","2024-12-02 17:34:39"
"MSFT SQL Catalog","cmdb_ci_db_mssql_catalog","Database Catalog","false","2024-12-02 17:33:14"
"MS SQL DataBase","cmdb_ci_db_mssql_database","Database Instance","false","2024-12-02 17:33:05"
"MSFT SQL Instance","cmdb_ci_db_mssql_instance","Database Instance","false","2024-12-02 17:34:55"
"SQL Server Integration Services","cmdb_ci_db_mssql_integration","Database Instance","false","2024-12-02 17:34:01"
"SQL Server Integration Services Job","cmdb_ci_db_mssql_int_job","Application","false","2024-12-02 17:35:03"
"SQL Server Reporting Services","cmdb_ci_db_mssql_reporting","Database Instance","false","2024-12-02 17:31:54"
"MS SQL Server","cmdb_ci_db_mssql_server","Database Instance","false","2024-12-02 17:32:56"
"MySQL Catalog","cmdb_ci_db_mysql_catalog","Database Catalog","false","2024-12-02 17:31:35"
"MySQLClusterMGMNode","cmdb_ci_db_mysql_clustermgnode","Application","false","2024-12-02 17:32:35"
"MySQLClusterDataNode","cmdb_ci_db_mysql_clusternode","Application","false","2024-12-02 17:36:48"
"MySQL Instance","cmdb_ci_db_mysql_instance","Database Instance","false","2024-12-02 17:34:57"
"Oracle Catalog","cmdb_ci_db_ora_catalog","Database Catalog","false","2024-12-02 17:36:32"
"Oracle Instance","cmdb_ci_db_ora_instance","Database Instance","false","2024-12-02 17:36:16"
"Oracle Database Listener","cmdb_ci_db_ora_listener","Application","false","2024-12-02 17:35:08"
"PostgreSQL Instance","cmdb_ci_db_postgresql_instance","Database Instance","false","2024-12-02 17:34:16"
"Sybase Catalog","cmdb_ci_db_syb_catalog","Database Catalog","false","2024-12-02 17:33:42"
"Sybase Instance","cmdb_ci_db_syb_instance","Database Instance","false","2024-12-02 17:33:22"
"Direct Current Plant Battery Bank","cmdb_ci_dc_plant_battery_pwr","Power Equipment","false","2024-12-02 17:34:34"
"Direct Current Plant Equipment","cmdb_ci_dc_plant_eq_power_eq","Power Equipment","false","2024-12-02 17:35:40"
"Desktop Software","cmdb_ci_desktop_software","Software","false","2024-12-02 17:37:01"
"AD Forest","cmdb_ci_directory_ad_forest","Infrastructure Service","false","2024-12-02 17:32:55"
"HA Proxy","cmdb_ci_directory_ha","Infrastructure Service","false","2024-12-02 17:32:25"
"IIFP","cmdb_ci_directory_iifp","Infrastructure Service","false","2024-12-02 17:32:36"
"LDAP DB","cmdb_ci_directory_ldap","LDAP Service","false","2024-12-02 17:33:57"
"Directory Server","cmdb_ci_directory_server","Infrastructure Service","true","2024-12-02 17:32:21"
"Policy Server","cmdb_ci_dir_policy_server","Infrastructure Service","false","2024-12-02 17:32:55"
"Site Minder","cmdb_ci_dir_site_minder_server","Infrastructure Service","false","2024-12-02 17:32:38"
"Disk","cmdb_ci_disk","Storage Device","true","2024-12-02 17:35:43"
"Disk Partition","cmdb_ci_disk_partition","Configuration Item","false","2024-12-02 17:36:07"
"Display Hardware","cmdb_ci_display_hardware","Configuration Item","false","2024-12-02 17:33:15"
"DNS Alias","cmdb_ci_dns_alias","Alias","false","2024-12-02 17:34:14"
"DNS Name","cmdb_ci_dns_name","Configuration Item","false","2024-12-02 17:32:40"
"Docker Container","cmdb_ci_docker_container","Operating-system-level Virtualization Container","false","2024-12-02 17:35:43"
"Docker Engine","cmdb_ci_docker_engine","Operating-system-level Virtualization Engine","false","2024-12-02 17:33:46"
"Docker Image","cmdb_ci_docker_image","Operating-system-level Virtualization Image","false","2024-12-02 17:32:53"
"Docker Image Tag","cmdb_ci_docker_image_tag","Operating-system-level Virtualization Image Tag","false","2024-12-02 17:32:41"
"Docker Local Image","cmdb_ci_docker_local_image","Operating-system-level Virtualization Local Image","false","2024-12-02 17:32:31"
"DRS VM Config","cmdb_ci_drs_vm_config","Configuration Item","false","2024-12-02 17:33:19"
"EC2 Virtual Machine Instance","cmdb_ci_ec2_instance","Virtual Machine Instance","false","2024-12-02 17:35:05"
"Email Server","cmdb_ci_email_server","Infrastructure Service","false","2024-12-02 17:35:54"
"Enterprise Vault","cmdb_ci_email_server_ent_vault","Infrastructure Service","false","2024-12-02 17:36:43"
"JES","cmdb_ci_email_server_jes","Infrastructure Service","false","2024-12-02 17:31:57"
"Endpoint","cmdb_ci_endpoint","Configuration Item","true","2024-12-02 17:31:35"
"ACL Endpoint","cmdb_ci_endpoint_acl","Endpoint","false","2024-12-02 17:32:23"
"Active Directory Domain to Domain Controllers Endpoint","cmdb_ci_endpoint_ad_domain","Endpoint","false","2024-12-02 17:35:20"
"Active Directory Forest Endpoint","cmdb_ci_endpoint_ad_forest","Endpoint","false","2024-12-02 17:35:06"
"AD Service inc","cmdb_ci_endpoint_ad_service_in","Inclusion Endpoint","false","2024-12-02 17:37:11"
"Agility Endpoint","cmdb_ci_endpoint_agility","Endpoint","false","2024-12-02 17:33:45"
"AJP Endpoint","cmdb_ci_endpoint_ajp","Endpoint","false","2024-12-02 17:34:12"
"App Icon Inc","cmdb_ci_endpoint_app","Inclusion Endpoint","false","2024-12-02 17:32:24"
"Application To Storage Endpoint","cmdb_ci_endpoint_app_storage","Endpoint","false","2024-12-02 17:35:04"
"Advanced Queue Endpoint","cmdb_ci_endpoint_aq","Endpoint","false","2024-12-02 17:39:11"
"AQ Queue","cmdb_ci_endpoint_aq_queue","Inclusion Endpoint","false","2024-12-02 17:36:13"
"BizTalk Connection Endpoint","cmdb_ci_endpoint_biztalk","Endpoint","false","2024-12-02 17:32:00"
"BizTalk Inclusion","cmdb_ci_endpoint_biztalk_orch","Inclusion Endpoint","false","2024-12-02 17:34:37"
"Block Endpoint","cmdb_ci_endpoint_block","Endpoint","false","2024-12-02 17:34:15"
"Cloud DB Instance Inclusion","cmdb_ci_endpoint_cloud_db_instance","Inclusion Endpoint","false","2024-12-02 17:32:04"
"Compute Security Endpoint","cmdb_ci_endpoint_comp_security","Endpoint","false","2024-12-02 17:35:13"
"CRM Component Endpoint","cmdb_ci_endpoint_crm","Endpoint","false","2024-12-02 17:36:29"
"CTG Endpoint","cmdb_ci_endpoint_ctg","Endpoint","false","2024-12-02 17:34:30"
"Customer Gateway Endpoint","cmdb_ci_endpoint_cust_gateway","Endpoint","false","2024-12-02 17:36:05"
"DB2 UDB Endpoint","cmdb_ci_endpoint_db2sql","Endpoint","false","2024-12-02 17:31:36"
"DCTM Connection to broker Endpoint","cmdb_ci_endpoint_dctm_broker","Endpoint","false","2024-12-02 17:33:24"
"DCTM Index Agent Connection Endpoint","cmdb_ci_endpoint_dctm_index","Endpoint","false","2024-12-02 17:39:11"
"DCTM Job Processor Endpoint","cmdb_ci_endpoint_dctm_job","Endpoint","false","2024-12-02 17:33:33"
"Citrix Delivery Controller Endpoint","cmdb_ci_endpoint_dliver_cnrl","Endpoint","false","2024-12-02 17:31:46"
"DocBase Connection Endpoint","cmdb_ci_endpoint_docbase","Endpoint","false","2024-12-02 17:34:32"
"EBS Inc Modules","cmdb_ci_endpoint_ebs","Inclusion Endpoint","false","2024-12-02 17:36:23"
"EJB Endpoint","cmdb_ci_endpoint_ejb","Endpoint","false","2024-12-02 17:33:40"
"EMS Endpoint","cmdb_ci_endpoint_ems","Endpoint","false","2024-12-02 17:33:20"
"EMS JNDI Endpoint","cmdb_ci_endpoint_ems_jndi","Endpoint","false","2024-12-02 17:34:36"
"EMS Queue EP","cmdb_ci_endpoint_ems_queue","Inclusion Endpoint","false","2024-12-02 17:34:22"
"Enterprise Vault Endpoint","cmdb_ci_endpoint_ent_vault","Endpoint","false","2024-12-02 17:32:04"
"Epicd Endpoint","cmdb_ci_endpoint_epicd","Endpoint","false","2024-12-02 17:34:55"
"Exchange 2013 Endpoint","cmdb_ci_endpoint_exchange","Endpoint","false","2024-12-02 17:33:24"
"External Network Endpoint","cmdb_ci_endpoint_extnetwork","Endpoint","false","2024-12-02 17:32:23"
"F5 Mirror Endpoint","cmdb_ci_endpoint_f5","Endpoint","false","2024-12-02 17:37:02"
"Fast Search Endpoint","cmdb_ci_endpoint_fastsearch","Endpoint","false","2024-12-02 17:36:04"
"FromCluster_to_RabbitMQ Endpoint","cmdb_ci_endpoint_fromcluster_t","Endpoint","false","2024-12-02 17:33:37"
"FTP Endpoint","cmdb_ci_endpoint_ftp","Endpoint","false","2024-12-02 17:33:09"
"GlassFish WAR Inc","cmdb_ci_endpoint_glassfish_war","Inclusion Endpoint","false","2024-12-02 17:33:40"
"HPOM Endpoint","cmdb_ci_endpoint_hpom","Endpoint","false","2024-12-02 17:39:10"
"HTTP(S) Endpoint","cmdb_ci_endpoint_http","Endpoint","false","2024-12-02 17:36:58"
"IIFP Endpoint","cmdb_ci_endpoint_iifp","Endpoint","false","2024-12-02 17:34:35"
"IIS Website","cmdb_ci_endpoint_iis","Inclusion Endpoint","false","2024-12-02 17:32:47"
"IMAP Endpoint","cmdb_ci_endpoint_imap","Endpoint","false","2024-12-02 17:36:39"
"Inclusion Endpoint","cmdb_ci_endpoint_inclusion","Endpoint","true","2024-12-02 17:31:58"
"RabbitMQ Queue Endpoint","cmdb_ci_endpoint_inclusion_rabbitmq_queue","Inclusion Endpoint","false","2024-12-02 17:36:15"
"Inter connect Endpoint","cmdb_ci_endpoint_inter_connect","Endpoint","false","2024-12-02 17:34:00"
"Internet Gateway Endpoint","cmdb_ci_endpoint_intgateway","Endpoint","false","2024-12-02 17:33:27"
"ISCSI Endpoint","cmdb_ci_endpoint_iscsi","Endpoint","false","2024-12-02 17:36:45"
"ITAM Asset Center Endpoint","cmdb_ci_endpoint_itam","Endpoint","false","2024-12-02 17:32:22"
"J2EE EAR","cmdb_ci_endpoint_j2ee_ear","Inclusion Endpoint","false","2024-12-02 17:36:21"
"Jboss Module Inclusion","cmdb_ci_endpoint_jboss","Inclusion Endpoint","false","2024-12-02 17:31:58"
"JMS Flow Endpoint","cmdb_ci_endpoint_jms_flow","Endpoint","false","2024-12-02 17:35:00"
"JMS Queue","cmdb_ci_endpoint_jms_queue","Inclusion Endpoint","false","2024-12-02 17:34:25"
"JMS Server Endpoint","cmdb_ci_endpoint_jms_server","Endpoint","false","2024-12-02 17:33:55"
"Jrun WAR Inc","cmdb_ci_endpoint_jrun","Inclusion Endpoint","false","2024-12-02 17:33:53"
"LDAP Endpoint","cmdb_ci_endpoint_ldap","Endpoint","false","2024-12-02 17:32:06"
"LDAP DB EP","cmdb_ci_endpoint_ldap_db","Inclusion Endpoint","false","2024-12-02 17:34:05"
"HTTP Listener to WMB Dependency Endpoint","cmdb_ci_endpoint_listener_wmb","Endpoint","false","2024-12-02 17:35:15"
"Manual Endpoint","cmdb_ci_endpoint_manual","Endpoint","false","2024-12-02 17:37:05"
"MAPI Endpoint","cmdb_ci_endpoint_mapi","Endpoint","false","2024-12-02 17:35:48"
"MAPI-HUB Endpoint","cmdb_ci_endpoint_mapi_hub","Endpoint","false","2024-12-02 17:34:30"
"MQ Endpoint","cmdb_ci_endpoint_mq","Endpoint","false","2024-12-02 17:35:29"
"MQ Flow Endpoint","cmdb_ci_endpoint_mq_flow","Endpoint","false","2024-12-02 17:34:32"
"MQ Cross-memory Endpoint","cmdb_ci_endpoint_mq_mem","Endpoint","false","2024-12-02 17:34:51"
"MQ Queue","cmdb_ci_endpoint_mq_queue","Inclusion Endpoint","false","2024-12-02 17:32:30"
"MSMQ Flow Endpoint","cmdb_ci_endpoint_msmq","Endpoint","false","2024-12-02 17:32:12"
"MS SQL db inclusion","cmdb_ci_endpoint_ms_sql","Inclusion Endpoint","false","2024-12-02 17:36:42"
"MS SQL Server Endpoint","cmdb_ci_endpoint_ms_sql_server","Endpoint","false","2024-12-02 17:39:11"
"MySQL Cluster Data Node Endpoint","cmdb_ci_endpoint_mysql_cl_dn","Endpoint","false","2024-12-02 17:31:37"
"MySQL Cluster MGM Endpoint","cmdb_ci_endpoint_mysql_cl_mg","Endpoint","false","2024-12-02 17:35:49"
"MySQL Server Endpoint","cmdb_ci_endpoint_mysql_server","Endpoint","false","2024-12-02 17:35:36"
"MySQL Secondary Server Endpoint","cmdb_ci_endpoint_mysql_slave","Endpoint","false","2024-12-02 17:35:53"
"NAT Endpoint","cmdb_ci_endpoint_nat","Endpoint","false","2024-12-02 17:36:49"
"Network Endpoint","cmdb_ci_endpoint_network","Endpoint","false","2024-12-02 17:36:56"
"NFS Endpoint","cmdb_ci_endpoint_nfs","Endpoint","false","2024-12-02 17:33:59"
"NNTP Endpoint","cmdb_ci_endpoint_nntp","Endpoint","false","2024-12-02 17:34:08"
"Business Objects CMS Server Endpoint","cmdb_ci_endpoint_obj_cms_srv","Endpoint","false","2024-12-02 17:33:17"
"Outbound Cluster Endpoint","cmdb_ci_endpoint_ob_cluster","Endpoint","false","2024-12-02 17:32:53"
"Oracle DB Endpoint","cmdb_ci_endpoint_oracle_db","Endpoint","false","2024-12-02 17:35:41"
"Oracle DB schema inclusion","cmdb_ci_endpoint_oracle_db_schema","Inclusion Endpoint","false","2024-12-02 17:35:09"
"Oracle ESB Connection Endpoint","cmdb_ci_endpoint_oracle_esb","Endpoint","false","2024-12-02 17:35:58"
"Oracle iAS Module INC","cmdb_ci_endpoint_oracle_ias","Inclusion Endpoint","false","2024-12-02 17:32:54"
"Oracle RAC DB Endpoint","cmdb_ci_endpoint_oracle_rac","Endpoint","false","2024-12-02 17:35:35"
"Oracle App TNS Service EP","cmdb_ci_endpoint_oracle_tns","Inclusion Endpoint","false","2024-12-02 17:32:24"
"Peoplesoft Application Server Endpoint","cmdb_ci_endpoint_peoplesoft","Endpoint","false","2024-12-02 17:32:27"
"POP3 Endpoint","cmdb_ci_endpoint_pop3","Endpoint","false","2024-12-02 17:34:57"
"PostgreSQL DB Endpoint","cmdb_ci_endpoint_postgresql","Endpoint","false","2024-12-02 17:33:11"
"RabbitMQ Endpoint","cmdb_ci_endpoint_rabbitmq","Endpoint","false","2024-12-02 17:32:15"
"Remote TCP Cross-memory Endpoint","cmdb_ci_endpoint_remote_tcp","Endpoint","false","2024-12-02 17:32:33"
"RFC Endpoint","cmdb_ci_endpoint_rfc","Endpoint","false","2024-12-02 17:33:51"
"Router Endpoint","cmdb_ci_endpoint_router","Endpoint","false","2024-12-02 17:36:00"
"Route Table Endpoint","cmdb_ci_endpoint_route_table","Endpoint","false","2024-12-02 17:34:57"
"SAP Application Server Endpoint","cmdb_ci_endpoint_sap","Endpoint","false","2024-12-02 17:32:39"
"SAP APP Endpoint","cmdb_ci_endpoint_sap_app","Endpoint","false","2024-12-02 17:37:05"
"SAP BO Servers","cmdb_ci_endpoint_sap_bo_servers","Inclusion Endpoint","false","2024-12-02 17:34:49"
"SAP BO Servers Endpoint","cmdb_ci_endpoint_sap_bo_srv","Endpoint","false","2024-12-02 17:35:31"
"SAP HANA DB Endpoint","cmdb_ci_endpoint_sap_db","Endpoint","false","2024-12-02 17:33:02"
"SharePoint Service EP","cmdb_ci_endpoint_sharepoint_service","Inclusion Endpoint","false","2024-12-02 17:36:35"
"Simulation Endpoint","cmdb_ci_endpoint_sim_flow","Endpoint","false","2024-12-02 17:34:07"
"Simulation Inclusion Endpoint","cmdb_ci_endpoint_sim_inc","Inclusion Endpoint","false","2024-12-02 17:34:18"
"SMTP Endpoint","cmdb_ci_endpoint_smtp","Endpoint","false","2024-12-02 17:31:54"
"Sharepoint connection Endpoint","cmdb_ci_endpoint_sp_connection","Endpoint","false","2024-12-02 17:33:25"
"SSAS Endpoint","cmdb_ci_endpoint_ssas","Endpoint","false","2024-12-02 17:36:24"
"SSAS for MSSQL Endpoint","cmdb_ci_endpoint_ssas_mssql","Endpoint","false","2024-12-02 17:36:33"
"SSIS Endpoint","cmdb_ci_endpoint_ssis","Endpoint","false","2024-12-02 17:31:59"
"SSIS file Endpoint","cmdb_ci_endpoint_ssis_file","Endpoint","false","2024-12-02 17:36:37"
"SSIS job","cmdb_ci_endpoint_ssis_job","Inclusion Endpoint","false","2024-12-02 17:34:41"
"SSIS for MSSQL Endpoint","cmdb_ci_endpoint_ssis_mssql","Endpoint","false","2024-12-02 17:31:52"
"Storage FC Connectivity Endpoint","cmdb_ci_endpoint_storage_fc","Endpoint","false","2024-12-02 17:37:02"
"StoreFront Components","cmdb_ci_endpoint_storefront_comp","Inclusion Endpoint","false","2024-12-02 17:35:48"
"StoreFront Components Endpoint","cmdb_ci_endpoint_storefront_components","Endpoint","false","2024-12-02 17:32:40"
"XenApp or Presentation Server","cmdb_ci_endpoint_storf","Inclusion Endpoint","false","2024-12-02 17:36:22"
"Subnet Endpoint","cmdb_ci_endpoint_subnet","Endpoint","false","2024-12-02 17:35:08"
"Sybase Endpoint","cmdb_ci_endpoint_sybase","Endpoint","false","2024-12-02 17:37:07"
"Tibco Conf File Endpoint","cmdb_ci_endpoint_tbco_confile","Endpoint","false","2024-12-02 17:35:22"
"TCP Endpoint","cmdb_ci_endpoint_tcp","Endpoint","false","2024-12-02 17:36:22"
"Tibco BW Endpoint","cmdb_ci_endpoint_tibco_bw","Endpoint","false","2024-12-02 17:33:28"
"Tibco BW process","cmdb_ci_endpoint_tibco_bw_proc","Inclusion Endpoint","false","2024-12-02 17:33:00"
"Tibco File Listener Endpoint","cmdb_ci_endpoint_tibco_file","Endpoint","false","2024-12-02 17:33:25"
"Tibco Hawk Endpoint","cmdb_ci_endpoint_tibco_hawk","Endpoint","false","2024-12-02 17:34:03"
"Tomcat WAR Inclusion","cmdb_ci_endpoint_tomcat_war","Inclusion Endpoint","false","2024-12-02 17:33:23"
"VirtualMachine to ESX Storage Endpoint","cmdb_ci_endpoint_vm_esx","Endpoint","false","2024-12-02 17:34:28"
"VNIC Endpoint","cmdb_ci_endpoint_vnic","Endpoint","false","2024-12-02 17:32:38"
"Virtual Private Gateway Endpoint","cmdb_ci_endpoint_vpg","Endpoint","false","2024-12-02 17:32:30"
"Weblogic Module","cmdb_ci_endpoint_weblogic_module","Inclusion Endpoint","false","2024-12-02 17:31:59"
"WMB Dependency Endpoint","cmdb_ci_endpoint_wmb_depend","Endpoint","false","2024-12-02 17:34:49"
"WMB Flow EP","cmdb_ci_endpoint_wmb_flow","Inclusion Endpoint","false","2024-12-02 17:35:00"
"XenApp or Presentation Server Endpoint","cmdb_ci_endpoint_xenapp","Endpoint","false","2024-12-02 17:32:25"
"Citrix StoreFront App Icon Inc","cmdb_ci_endpoint_xenapp_citrx","Inclusion Endpoint","false","2024-12-02 17:34:11"
"XenApp or Presentation Server Components Endpoint","cmdb_ci_endpoint_xenapp_comp","Endpoint","false","2024-12-02 17:35:04"
"CMDB CI End Of Life Ledger","cmdb_ci_end_of_life_ledger","","true","2024-12-02 18:04:24"
"Environment","cmdb_ci_environment","Configuration Item","false","2024-12-02 17:33:10"
"epicd app server","cmdb_ci_epicd_app_server","Application","false","2024-12-02 17:34:27"
"epic agent","cmdb_ci_epic_agent","Application","false","2024-12-02 17:35:30"
"epic cache","cmdb_ci_epic_cache","Application","false","2024-12-02 17:34:02"
"ESX Resource Pool","cmdb_ci_esx_resource_pool","VMware vCenter Object","false","2024-12-02 17:35:23"
"ESX Server","cmdb_ci_esx_server","VMware vCenter Server Object","false","2024-12-02 17:35:19"
"ExchangeBackEndServer","cmdb_ci_exchange_backend","Exchange Service Component","false","2024-12-02 17:33:30"
"Exchange Client Access Server","cmdb_ci_exchange_cas","Exchange Service Component","false","2024-12-02 17:34:10"
"Exchange Edge Transport Server","cmdb_ci_exchange_edge_transport_server","Exchange Service Component","false","2024-12-02 17:35:47"
"ExchangeFrontEndServer","cmdb_ci_exchange_frontend","Exchange Service Component","false","2024-12-02 17:36:57"
"ExchangeHub","cmdb_ci_exchange_hub","Exchange Service Component","false","2024-12-02 17:35:01"
"Exchange Hub Transport Server","cmdb_ci_exchange_hub_transport_server","Exchange Service Component","false","2024-12-02 17:32:56"
"Exchange MailBox","cmdb_ci_exchange_mailbox","Exchange Service Component","false","2024-12-02 17:31:37"
"Exchange Mailbox Server","cmdb_ci_exchange_mailbox_server","Exchange Service Component","false","2024-12-02 17:34:29"
"Exchange Service Component","cmdb_ci_exchange_service_component","Application","true","2024-12-02 17:31:36"
"Facility Hardware","cmdb_ci_facility_hardware","Configuration Item","true","2024-12-02 17:31:44"
"Fibre Channel Disk","cmdb_ci_fc_disk","SAN Disk","false","2024-12-02 17:35:24"
"Fibre Channel Export","cmdb_ci_fc_export","SAN Export","false","2024-12-02 17:33:50"
"Fibre Channel Port","cmdb_ci_fc_port","Configuration Item","true","2024-12-02 17:34:24"
"FDDI Cards","cmdb_ci_fddi_network","Network Gear","false","2024-12-02 17:32:02"
"File System","cmdb_ci_file_system","Storage Volume","true","2024-12-02 17:32:49"
"NFS File system","cmdb_ci_file_system_nfs","File System","false","2024-12-02 17:34:42"
"SMB File system","cmdb_ci_file_system_smb","File System","false","2024-12-02 17:35:37"
"Firewall Hardware","cmdb_ci_firewall_network","Network Gear","false","2024-12-02 17:36:53"
"FTP Server","cmdb_ci_ftp_server","Infrastructure Service","false","2024-12-02 17:32:18"
"Fuel Tank","cmdb_ci_fuel_tank","Facility Hardware","false","2024-12-02 17:31:55"
"Power Generator","cmdb_ci_generator_power_eq","Power Equipment","false","2024-12-02 17:35:47"
"Group","cmdb_ci_group","Configuration Item","true","2024-12-02 17:35:59"
"Hardware","cmdb_ci_hardware","Configuration Item","true","2024-12-02 17:31:50"
"Host Cluster","cmdb_ci_host_cluster","VMware vCenter Object","true","2024-12-02 17:31:56"
"HPUX Server","cmdb_ci_hpux_server","UNIX Server","false","2024-12-02 17:34:17"
"Hub Hardware","cmdb_ci_hub_network","Network Gear","false","2024-12-02 17:36:46"
"HVAC Equipment","cmdb_ci_hvac","Facility Hardware","false","2024-12-02 17:32:20"
"Hyper-V Cluster","cmdb_ci_hyper_v_cluster","Hyper-V Object","false","2024-12-02 17:35:09"
"Hyper-V Virtual Machine Instance","cmdb_ci_hyper_v_instance","Virtual Machine Instance","false","2024-12-02 17:32:05"
"Hyper-V Virtual Network","cmdb_ci_hyper_v_network","Hyper-V Object","false","2024-12-02 17:33:55"
"Hyper-V Object","cmdb_ci_hyper_v_object","Virtual Machine Object","true","2024-12-02 17:32:37"
"Hyper-V Resource Pool","cmdb_ci_hyper_v_resource_pool","Hyper-V Object","false","2024-12-02 17:34:56"
"Hyper-V Resource Pool Component","cmdb_ci_hyper_v_rpool_comp","Hyper-V Object","false","2012-10-30 08:07:25"
"Hyper-V Server","cmdb_ci_hyper_v_server","Virtualization Server","false","2024-12-02 17:34:58"
"IBM zOS server","cmdb_ci_ibm_zos_server","Server","false","2024-12-02 17:35:34"
"Intrusion Detection System","cmdb_ci_ids_network","Network Gear","false","2024-12-02 17:31:51"
"IIS Virtual Directory","cmdb_ci_iisdirectory","Infrastructure Service","false","2024-12-02 17:35:57"
"Imaging Hardware","cmdb_ci_imaging_hardware","Configuration Item","true","2024-12-02 17:32:20"
"Inetinfo service","cmdb_ci_inetinfo","Infrastructure Service","false","2024-12-02 17:32:43"
"Information Object","cmdb_ci_information_object","Configuration Item","false","2024-12-02 17:33:42"
"Infrastructure Service","cmdb_ci_infra_service","Application","true","2024-12-02 17:31:57"
"LDAP Service","cmdb_ci_infra_service_ldap","Infrastructure Service","true","2024-12-02 17:33:57"
"Infrastructure Software","cmdb_ci_inf_software","Software","false","2024-12-02 17:34:06"
"Installed Bundles","cmdb_ci_installed_bundles","Virtual Machine Object","false","2024-12-02 17:32:59"
"Interconnect Instance","cmdb_ci_interconnect_instance","Application","false","2024-12-02 17:33:03"
"Internet Gateway","cmdb_ci_internet_gateway","Virtual Machine Object","false","2024-12-02 17:35:47"
"Inter connect","cmdb_ci_inter_connect","Application","false","2024-12-02 17:35:28"
"Iplanet Web Server","cmdb_ci_iplanet_web_server","Web Server","false","2024-12-02 17:35:13"
"IP Address","cmdb_ci_ip_address","Configuration Item","true","2024-12-02 17:33:22"
"IP Device","cmdb_ci_ip_device","Configuration Item","false","2024-12-02 17:36:07"
"IP Firewall","cmdb_ci_ip_firewall","Network Gear","false","2024-12-02 17:33:37"
"IP Network","cmdb_ci_ip_network","Configuration Item","false","2024-12-02 17:33:39"
"IP Phone","cmdb_ci_ip_phone","Configuration Item","false","2024-12-02 17:32:45"
"IP Router","cmdb_ci_ip_router","Network Gear","false","2024-12-02 17:36:38"
"IP Server","cmdb_ci_ip_server","Infrastructure Service","false","2024-12-02 17:34:36"
"IP Service Instance","cmdb_ci_ip_service","Configuration Item","true","2024-12-02 17:33:29"
"IP Switch","cmdb_ci_ip_switch","Network Gear","false","2024-12-02 17:34:47"
"ISAM Server","cmdb_ci_isam_server","Server","false","2024-12-02 17:34:41"
"iSCSI Disk","cmdb_ci_iscsi_disk","SAN Disk","false","2024-12-02 17:33:48"
"iSCSI Export","cmdb_ci_iscsi_export","SAN Export","false","2024-12-02 17:36:12"
"KVM","cmdb_ci_kvm","Virtual Machine HyperVisor","false","2024-12-02 17:32:58"
"Network","cmdb_ci_kvm_network","KVM Object","false","2024-12-02 17:34:42"
"KVM Object","cmdb_ci_kvm_object","Virtual Machine Object","true","2024-12-02 17:32:08"
"KVM Storage Pool","cmdb_ci_kvm_storage_pool","KVM Object","false","2024-12-02 17:35:16"
"KVM Storage Volume","cmdb_ci_kvm_storage_volume","KVM Object","false","2024-12-02 17:32:08"
"KVM Virtual Machine Instance","cmdb_ci_kvm_vm_instance","Virtual Machine Instance","false","2024-12-02 17:32:21"
"Load Balancer","cmdb_ci_lb","Server","true","2024-12-02 17:32:09"
"A10 Load Balancer","cmdb_ci_lb_a10","Load Balancer","false","2024-12-02 17:34:35"
"ACE","cmdb_ci_lb_ace","Load Balancer","false","2024-12-02 17:34:13"
"Alteon","cmdb_ci_lb_alteon","Load Balancer","false","2024-12-02 17:33:32"
"Load Balancer Application","cmdb_ci_lb_appl","Application","true","2016-01-05 22:52:41"
"LB Backend Server","cmdb_ci_lb_backend_server","Virtual Machine Object","false","2024-12-02 17:36:20"
"F5 BIG-IP","cmdb_ci_lb_bigip","Load Balancer","false","2024-12-02 17:34:13"
"Cisco CSM","cmdb_ci_lb_cisco_csm","Load Balancer","false","2024-12-02 17:33:32"
"Cisco CSS","cmdb_ci_lb_cisco_css","Load Balancer","false","2024-12-02 17:32:36"
"Cisco GSS","cmdb_ci_lb_cisco_gss","Load Balancer","false","2024-12-02 17:32:09"
"LB Cookie Stickiness Policy","cmdb_ci_lb_ckstickinesspolicy","Virtual Machine Object","false","2024-12-02 17:35:04"
"LB Datacenter","cmdb_ci_lb_datacenter","Logical Datacenter","false","2024-12-02 17:33:09"
"F5 BigIP GTM","cmdb_ci_lb_f5_gtm","Load Balancer","false","2024-12-02 17:33:35"
"F5 BigIP LTM","cmdb_ci_lb_f5_ltm","Load Balancer","false","2024-12-02 17:32:46"
"HAProxy Load Balancer","cmdb_ci_lb_haproxy","Load Balancer Application","false","2024-12-02 17:34:27"
"Load Balancer Interface","cmdb_ci_lb_interface","Configuration Item","false","2024-12-02 17:37:06"
"ISA Server","cmdb_ci_lb_isa","Load Balancer","false","2024-12-02 17:34:44"
"Load Balancer Listener","cmdb_ci_lb_listener","Virtual Machine Object","false","2024-12-02 17:35:01"
"Modjk Load Balancer","cmdb_ci_lb_modjk","Load Balancer Application","false","2024-12-02 17:35:56"
"ModProxy Load Balancer","cmdb_ci_lb_modproxy","Load Balancer Application","false","2024-12-02 17:31:43"
"Citrix Netscaler","cmdb_ci_lb_netscaler","Load Balancer","false","2024-12-02 17:36:10"
"Network Load Balancer","cmdb_ci_lb_network","Load Balancer","false","2024-12-02 17:34:51"
"Nginx Load Balancer","cmdb_ci_lb_nginx","Load Balancer Application","false","2024-12-02 17:35:37"
"Load Balancer Pool","cmdb_ci_lb_pool","Configuration Item","false","2024-12-02 17:36:14"
"Load Balancer Pool Member","cmdb_ci_lb_pool_member","Configuration Item","false","2024-12-02 17:34:54"
"Radware Load Balancer","cmdb_ci_lb_radware","Load Balancer","false","2024-12-02 17:33:58"
"Load Balancer Service","cmdb_ci_lb_service","Configuration Item","false","2024-12-02 17:35:02"
"Load Balancer Template","cmdb_ci_lb_template","Virtual Machine Object","false","2024-12-02 17:33:54"
"Load Balancer VLAN","cmdb_ci_lb_vlan","Configuration Item","false","2024-12-02 17:35:33"
"LIF","cmdb_ci_lif","Virtual Machine Object","false","2024-12-02 17:33:38"
"Linux Server","cmdb_ci_linux_server","Server","false","2024-12-02 17:33:52"
"Logical Datacenter","cmdb_ci_logical_datacenter","VMware vCenter Object","true","2024-12-02 17:33:08"
"Logical Partition","cmdb_ci_lpar","Configuration Item","false","2024-12-02 17:36:25"
"LVM Pool","cmdb_ci_lvm_pool","Storage Pool","false","2024-12-02 17:36:19"
"LVM Pool Member","cmdb_ci_lvm_pool_member","Storage Pool Member","false","2024-12-02 17:36:13"
"IBM Mainframe","cmdb_ci_mainframe","Server","false","2024-12-02 17:35:17"
"Mainframe Hardware","cmdb_ci_mainframe_hardware","Computer","false","2024-12-02 17:33:29"
"IBM Mainframe LPAR","cmdb_ci_mainframe_lpar","Server","false","2024-12-02 17:33:11"
"Memory Module","cmdb_ci_memory_module","Configuration Item","false","2024-12-02 17:34:45"
"Multi-function Printer","cmdb_ci_mfp_printer","Printer","false","2024-12-02 17:34:11"
"Microsoft iis Web Server","cmdb_ci_microsoft_iis_web_server","Web Server","false","2024-12-02 17:32:59"
"Mirror Template","cmdb_ci_mirror_template","Virtual Machine Object","false","2024-12-02 17:33:44"
"Model Entry","cmdb_ci_model_entry","","false","2024-12-02 17:36:01"
"Modem Hardware","cmdb_ci_modem_network","Network Gear","false","2024-12-02 17:32:47"
"Monitoring Equipment","cmdb_ci_monitoring_hardware","Configuration Item","false","2024-12-02 17:35:39"
"Multipath IO Pool","cmdb_ci_mpio_pool","Storage Pool","false","2024-12-02 17:35:07"
"Multipath IO Pool Group","cmdb_ci_mpio_pool_group","Storage Pool","false","2024-12-02 17:36:30"
"Multipath IO Pool Path","cmdb_ci_mpio_pool_path","Storage Pool Member","false","2024-12-02 17:36:31"
"Mass Storage Device","cmdb_ci_msd","Hardware","false","2024-12-02 17:33:56"
"NAS File System","cmdb_ci_nas_file_system","File System","false","2024-12-02 17:32:50"
"NAS Storage","cmdb_ci_nas_storage","Virtual Machine Object","false","2024-12-02 17:31:40"
"NAT Gateway","cmdb_ci_nat_gateway","Virtual Machine Object","false","2024-12-02 17:36:05"
"Netapp CDOT","cmdb_ci_netapp_cdot","Virtual Machine Object","false","2024-12-02 17:36:41"
"Netapp Datacenter","cmdb_ci_netapp_datacenter","Logical Datacenter","false","2024-12-02 17:35:14"
"Netapp SVM","cmdb_ci_netapp_svm","Virtual Machine Object","false","2024-12-02 17:35:29"
"Netapp Volume","cmdb_ci_netapp_volume","Storage Volume","false","2024-12-02 17:33:12"
"Network Gear","cmdb_ci_netgear","Hardware","true","2024-12-02 17:31:51"
"Netware Server","cmdb_ci_netware_server","Server","false","2024-12-02 17:33:10"
"Cloud Network","cmdb_ci_network","VMware vCenter Object","true","2024-12-02 17:34:08"
"Network ACL","cmdb_ci_network_acl","Virtual Machine Object","false","2024-12-02 17:35:14"
"Network ACL Rule","cmdb_ci_network_acl_rule","Virtual Machine Object","false","2024-12-02 17:33:31"
"Network Adapter","cmdb_ci_network_adapter","Configuration Item","true","2024-12-02 17:32:03"
"Network Hostname","cmdb_ci_network_host","Configuration Item","false","2024-12-02 17:34:54"
"Network Policy Group","cmdb_ci_network_policy_group","Virtual Machine Object","false","2024-12-02 17:33:45"
"Network Template","cmdb_ci_network_template","Virtual Machine Object","false","2024-12-02 17:32:42"
"Network Appliance Hostname","cmdb_ci_net_app_host","Configuration Item","false","2024-12-02 17:31:53"
"Network Appliance Hardware","cmdb_ci_net_app_server","Server Hardware","false","2024-12-02 17:35:17"
"Network Traffic","cmdb_ci_net_traffic","Configuration Item","false","2024-12-02 17:32:10"
"Nginx Web Server","cmdb_ci_nginx_web_server","Web Server","false","2024-12-02 17:32:13"
"Cloud Mgmt Network Interface","cmdb_ci_nic","Network Adapter","true","2024-12-02 17:32:03"
"Openstack Datacenter","cmdb_ci_openstack_datacenter","Logical Datacenter","false","2024-12-02 17:35:39"
"Operating-system-level Virtualization Container","cmdb_ci_oslv_container","Configuration Item","true","2024-12-02 17:35:42"
"Operating-system-level Virtualization Engine","cmdb_ci_oslv_engine","Application","true","2024-12-02 17:33:46"
"Operating-system-level Virtualization Image","cmdb_ci_oslv_image","Configuration Item","true","2024-12-02 17:32:52"
"Operating-system-level Virtualization Image Tag","cmdb_ci_oslv_image_tag","Configuration Item","true","2024-12-02 17:32:41"
"Operating-system-level Virtualization Local Image","cmdb_ci_oslv_local_image","Configuration Item","true","2024-12-02 17:32:31"
"OS/X Server","cmdb_ci_osx_server","Server","false","2024-12-02 17:33:20"
"Package","cmdb_ci_os_packages","Configuration Item","false","2024-12-02 17:33:26"
"Image","cmdb_ci_os_template","Virtual Machine Object","true","2024-12-02 17:33:05"
"Outage","cmdb_ci_outage","","false","2024-12-02 17:36:41"
"Out-of-Band Device","cmdb_ci_outofband_device","Hardware","false","2024-12-02 17:39:44"
"Patch","cmdb_ci_patches","Configuration Item","false","2024-12-02 17:33:52"
"Personal Computer","cmdb_ci_pc_hardware","Computer","false","2024-12-02 17:36:40"
"PDU","cmdb_ci_pdu","Hardware","false","2024-12-02 17:32:28"
"Outlet","cmdb_ci_pdu_outlet","Configuration Item","false","2024-12-02 17:33:51"
"Performance Template","cmdb_ci_perf_template","Virtual Machine Object","false","2024-12-02 17:36:11"
"Computer Peripheral","cmdb_ci_peripheral","Configuration Item","false","2024-12-02 17:33:17"
"Personal Printer","cmdb_ci_personal_printer","Printer","false","2024-12-02 17:33:00"
"Plotter","cmdb_ci_plotter","Printing Hardware","false","2024-12-02 17:33:01"
"Port","cmdb_ci_port","Configuration Item","false","2024-12-02 17:32:29"
"Port Group","cmdb_ci_port_group","Virtual Machine Object","true","2024-12-02 17:35:23"
"Power Equipment","cmdb_ci_power_eq","Facility Hardware","true","2024-12-02 17:32:10"
"Printer","cmdb_ci_printer","Hardware","true","2024-12-02 17:32:19"
"Printing Hardware","cmdb_ci_printing_hardware","Configuration Item","true","2024-12-02 17:33:01"
"Print Queue","cmdb_ci_print_queue","Configuration Item","false","2024-12-02 17:36:40"
"Protection Template","cmdb_ci_protection_template","Virtual Machine Object","false","2024-12-02 17:35:38"
"Puppet Primary","cmdb_ci_puppet_master","Management Server","false","2024-12-02 17:39:45"
"Qtree","cmdb_ci_qtree","Virtual Machine Object","false","2024-12-02 17:36:14"
"Qualifier","cmdb_ci_qualifier","Configuration Item","true","2024-12-02 17:31:46"
"Boundary Connection Qualifier","cmdb_ci_qualifier_boundary_connection","Qualifier","false","2024-12-02 17:34:02"
"Entrypoint Marker","cmdb_ci_qualifier_entrypoint","Qualifier","false","2024-12-02 17:34:22"
"External Connection Qualifier","cmdb_ci_qualifier_external_connection","Qualifier","false","2024-12-02 17:33:30"
"Hidden Connection Qualifier","cmdb_ci_qualifier_hidden_conn","Qualifier","false","2024-12-02 17:31:46"
"Manual CI Endpoint Qualifier","cmdb_ci_qualifier_manual_ci_endpoint","Qualifier","false","2024-12-02 17:35:27"
"Manual Connection Qualifier","cmdb_ci_qualifier_manual_connection","Qualifier","false","2024-12-02 17:37:09"
"Dynamic CI Group","cmdb_ci_query_based_service","Application Service","false","2024-12-02 17:58:53"
"Rack","cmdb_ci_rack","Configuration Item","false","2024-12-02 17:33:36"
"RAID","cmdb_ci_raid","Storage Pool","false","2024-12-02 17:34:18"
"RAID Member","cmdb_ci_raid_member","Storage Pool Member","false","2024-12-02 17:34:21"
"Remote Backup Template","cmdb_ci_remote_backup_template","Virtual Machine Object","false","2024-12-02 17:35:38"
"Resource Group","cmdb_ci_resource_group","Virtual Machine Object","false","2024-12-02 17:32:11"
"Route","cmdb_ci_route","Virtual Machine Object","false","2024-12-02 17:36:03"
"Router","cmdb_ci_router","Virtual Machine Object","false","2024-12-02 17:36:04"
"Route Table","cmdb_ci_route_table","Virtual Machine Object","false","2024-12-02 17:32:50"
"Routing Policy","cmdb_ci_routing_policy","Virtual Machine Object","false","2024-12-02 17:36:50"
"Storage Area Network","cmdb_ci_san","Configuration Item","false","2024-12-02 17:35:07"
"SAN Connection","cmdb_ci_san_connection","Configuration Item","false","2024-12-02 17:32:21"
"SAN Disk","cmdb_ci_san_disk","Storage Device","true","2024-12-02 17:33:48"
"SAN Endpoint","cmdb_ci_san_endpoint","Configuration Item","false","2024-12-02 17:32:51"
"SAN Export","cmdb_ci_san_export","Storage Export","true","2024-12-02 17:33:49"
"SAN Fabric","cmdb_ci_san_fabric","Configuration Item","false","2024-12-02 17:32:44"
"SAN Zone","cmdb_ci_san_zone","Configuration Item","false","2024-12-02 17:35:53"
"SAN Zone Alias","cmdb_ci_san_zone_alias","Configuration Item","false","2024-12-02 17:32:17"
"SAN Zone Alias Member","cmdb_ci_san_zone_alias_member","Configuration Item","false","2024-12-02 17:32:43"
"SAN Zone Member","cmdb_ci_san_zone_member","Configuration Item","false","2024-12-02 17:36:33"
"SAN Zone Set","cmdb_ci_san_zone_set","Configuration Item","false","2024-12-02 17:31:47"
"Dynamic Scaling Policy","cmdb_ci_sa_dynamic_policy","Scaling Policy","false","2024-12-02 17:36:51"
"Server Array Launch Configuration","cmdb_ci_sa_launch_config","Virtual Machine Object","false","2024-12-02 17:33:50"
"Scaling Policy","cmdb_ci_sa_scaling_pol_base","Virtual Machine Object","true","2024-12-02 17:33:21"
"Virtual Server Array","cmdb_ci_sa_server_array","Virtual Machine Object","false","2024-12-02 17:32:12"
"Simple Scaling Policy","cmdb_ci_sa_simple_policy","Scaling Policy","false","2024-12-02 17:36:09"
"Scanner","cmdb_ci_scanner","Imaging Hardware","false","2024-12-02 17:34:23"
"Schedule Policy Template","cmdb_ci_schedule_policy_template","Virtual Machine Object","false","2024-12-02 17:33:18"
"Compute Security Group Template","cmdb_ci_security_grp_template","Virtual Machine Object","false","2024-12-02 17:36:52"
"Server","cmdb_ci_server","Computer","true","2024-12-02 17:32:07"
"Server Hardware","cmdb_ci_server_hardware","Server","true","2024-12-02 17:32:32"
"Server Snapshot","cmdb_ci_server_snapshot","Virtual Machine Object","false","2024-12-02 17:34:39"
"Service","cmdb_ci_service","Configuration Item","true","2024-12-02 17:31:58"
"Application Service","cmdb_ci_service_auto","Service","true","2024-12-02 17:58:49"
"Business Service","cmdb_ci_service_business","Service","false","2024-12-02 17:31:59"
"Calculated Application Service","cmdb_ci_service_calculated","Mapped Application Service","false","2024-12-02 17:58:51"
"Mapped Application Service","cmdb_ci_service_discovered","Application Service","true","2024-12-02 17:58:50"
"Application Service Group","cmdb_ci_service_group","Service","true","2024-12-02 17:58:54"
"Technical Service","cmdb_ci_service_technical","Service","false","2024-12-02 17:33:06"
"Snapshot Template","cmdb_ci_snapshot_template","Virtual Machine Object","false","2024-12-02 17:36:03"
"SNAT IP Pool","cmdb_ci_snat_ip_pool","Virtual Machine Object","false","2024-12-02 17:33:16"
"Solaris Virtual Machine Instance","cmdb_ci_solaris_instance","Virtual Machine Instance","false","2024-12-02 17:36:46"
"Solaris Server","cmdb_ci_solaris_server","UNIX Server","false","2024-12-02 17:32:30"
"Software","cmdb_ci_spkg","Configuration Item","true","2024-12-02 17:34:06"
"CMDB CI State Management Task To CIs","cmdb_ci_state_management_task_to_ci","","true","2024-12-02 18:04:25"
"Storage Access Policy","cmdb_ci_storage_access_policy","Virtual Machine Object","false","2024-12-02 17:33:36"
"Storage Cluster","cmdb_ci_storage_cluster","Cluster","false","2024-12-02 17:32:15"
"Storage Cluster Node","cmdb_ci_storage_cluster_node","Cluster Node","false","2024-12-02 17:31:40"
"Storage Container","cmdb_ci_storage_container","Virtual Machine Object","false","2024-12-02 17:35:25"
"Storage Controller","cmdb_ci_storage_controller","Configuration Item","false","2024-12-02 17:31:48"
"Storage Default Template","cmdb_ci_storage_def_template","Virtual Machine Object","false","2024-12-02 17:32:06"
"Storage Device","cmdb_ci_storage_device","Configuration Item","true","2024-12-02 17:33:47"
"Storage Disk","cmdb_ci_storage_disk","Disk","false","2024-12-02 17:35:44"
"Storage Efficiency Template","cmdb_ci_storage_eff_template","Virtual Machine Object","false","2024-12-02 17:34:38"
"Storage Export","cmdb_ci_storage_export","Configuration Item","true","2024-12-02 17:33:49"
"Storage File Share","cmdb_ci_storage_fileshare","Configuration Item","false","2024-12-02 17:32:45"
"Storage HBA","cmdb_ci_storage_hba","Configuration Item","false","2024-12-02 17:33:34"
"Storage Mapping","cmdb_ci_storage_mapping","Virtual Machine Object","false","2024-12-02 17:34:09"
"Storage Node","cmdb_ci_storage_node","Virtual Machine Object","false","2024-12-02 17:32:41"
"Storage Node Element","cmdb_ci_storage_node_element","Server","false","2024-12-02 17:36:18"
"Storage Pool","cmdb_ci_storage_pool","Configuration Item","true","2024-12-02 17:32:01"
"Storage Pool Member","cmdb_ci_storage_pool_member","Configuration Item","true","2024-12-02 17:33:33"
"Storage Port","cmdb_ci_storage_port","Fibre Channel Port","false","2024-12-02 17:34:25"
"Storage Server","cmdb_ci_storage_server","Server","false","2024-12-02 17:37:03"
"Storage Switch","cmdb_ci_storage_switch","Computer","false","2024-12-02 17:36:08"
"Storage Volume","cmdb_ci_storage_volume","Configuration Item","true","2024-12-02 17:32:49"
"Storage Volume Snapshot","cmdb_ci_storage_vol_snapshot","Virtual Machine Object","false","2024-12-02 17:33:42"
"Cloud Mgmt Subnet","cmdb_ci_subnet","Configuration Item","false","2024-12-02 17:46:25"
"Sun Directory Proxy Server","cmdb_ci_sun_dir_proxy_server","Infrastructure Service","false","2024-12-02 17:32:51"
"Sun LDAP Server","cmdb_ci_sun_ldap_dir_server","Infrastructure Service","false","2024-12-02 17:34:23"
"Surger Protection Equipment","cmdb_ci_surge_power_eq","Power Equipment","false","2024-12-02 17:35:09"
"Switch","cmdb_ci_switch","Virtual Machine Object","false","2024-12-02 17:36:54"
"Server Tape Unit","cmdb_ci_tape_server","Server Hardware","false","2024-12-02 17:36:55"
"Tomcat Connector","cmdb_ci_tomcat_connector","Configuration Item","false","2024-12-02 17:32:28"
"Tower Equipment","cmdb_ci_tower_eq","Facility Hardware","true","2024-12-02 17:31:44"
"Tower Lights","cmdb_ci_tower_light_tower_eq","Tower Equipment","false","2024-12-02 17:34:46"
"Tower","cmdb_ci_tower_tower_eq","Tower Equipment","false","2024-12-02 17:36:44"
"Translation Rule","cmdb_ci_translation_rule","Configuration Item","false","2024-12-02 17:34:31"
"Tower Light Controller","cmdb_ci_twr_light_cnt_tower_eq","Tower Equipment","false","2024-12-02 17:31:45"
"Cisco UCS Blade","cmdb_ci_ucs_blade","Computer","false","2024-12-02 17:34:43"
"Cisco UCS Chassis","cmdb_ci_ucs_chassis","Hardware","false","2024-12-02 17:36:03"
"Cisco UCS Equipment","cmdb_ci_ucs_equipment","Hardware","false","2024-12-02 17:34:52"
"Cisco UCS Rack Mount Unit","cmdb_ci_ucs_rack_unit","Computer","false","2024-12-02 17:32:18"
"UNIX Cluster","cmdb_ci_unix_cluster","Cluster","false","2024-12-02 17:33:54"
"UNIX Cluster Node","cmdb_ci_unix_cluster_node","Cluster Node","false","2024-12-02 17:32:32"
"UNIX Cluster Resource","cmdb_ci_unix_cluster_resource","Cluster Resource","false","2024-12-02 17:36:29"
"UNIX Daemon","cmdb_ci_unix_daemon","IP Service Instance","false","2024-12-02 17:35:41"
"UNIX Server","cmdb_ci_unix_server","Server","true","2024-12-02 17:32:29"
"UPS","cmdb_ci_ups","Hardware","false","2024-12-02 17:34:48"
"UPS Alarm","cmdb_ci_ups_alarm","Configuration Item","false","2024-12-02 17:33:43"
"UPS Bypass","cmdb_ci_ups_bypass","Configuration Item","false","2024-12-02 17:33:31"
"UPS Input","cmdb_ci_ups_input","Configuration Item","false","2024-12-02 17:33:01"
"UPS Output","cmdb_ci_ups_output","Configuration Item","false","2024-12-02 17:33:12"
"Uninterruptible Power Supply","cmdb_ci_ups_power_eq","Power Equipment","false","2024-12-02 17:33:41"
"VMware vCenter Instance","cmdb_ci_vcenter","Application","false","2024-12-02 17:33:03"
"VMware vCenter Cluster","cmdb_ci_vcenter_cluster","Host Cluster","false","2024-12-02 17:31:56"
"VMWare vCenter Cluster DRS Rule","cmdb_ci_vcenter_cluster_drs_rule","Configuration Item","true","2024-12-02 17:32:44"
"VMware vCenter Datacenter","cmdb_ci_vcenter_datacenter","Logical Datacenter","false","2024-12-02 17:34:50"
"VMware vCenter Datastore","cmdb_ci_vcenter_datastore","Datastore","false","2024-12-02 17:32:02"
"Datastore Disk","cmdb_ci_vcenter_datastore_disk","Configuration Item","false","2024-12-02 17:35:13"
"VMware Distributed Virtual Switch","cmdb_ci_vcenter_dvs","Cloud Network","false","2024-12-02 17:36:17"
"VMware Distributed Virtual Port Group","cmdb_ci_vcenter_dv_port_group","Port Group","false","2024-12-02 17:36:28"
"VMware vCenter Folder","cmdb_ci_vcenter_folder","VMware vCenter Object","false","2024-12-02 17:35:01"
"VMware vCenter Host Group","cmdb_ci_vcenter_host_group","Configuration Item","false","2024-12-02 17:36:27"
"VMware vCenter Network","cmdb_ci_vcenter_network","Cloud Network","false","2024-12-02 17:34:08"
"VMware vCenter Object","cmdb_ci_vcenter_object","Virtual Machine Object","true","2024-12-02 17:31:38"
"VMware vCenter Server Object","cmdb_ci_vcenter_server_obj","Virtualization Server","true","2024-12-02 17:35:18"
"VMware vCenter VM Group","cmdb_ci_vcenter_vm_group","Configuration Item","false","2024-12-02 17:35:16"
"Veritas Disk","cmdb_ci_veritas_disk","Storage Pool","false","2024-12-02 17:32:42"
"Veritas Disk Group","cmdb_ci_veritas_disk_group","Configuration Item","false","2024-12-02 17:35:26"
"Veritas Plex","cmdb_ci_veritas_plex","Storage Pool","false","2024-12-02 17:32:01"
"Veritas Subdisk","cmdb_ci_veritas_subdisk","Storage Pool Member","false","2024-12-02 17:34:53"
"Veritas Volume","cmdb_ci_veritas_volume","Storage Pool","false","2024-12-02 17:35:05"
"Virtualization Server","cmdb_ci_virtualization_server","Server","true","2024-12-02 17:34:01"
"Virtual Desktop","cmdb_ci_virtual_desktop","Virtual Machine Object","false","2024-12-02 17:36:02"
"Virtual Private Gateway","cmdb_ci_virtual_pvt_gateway","Virtual Machine Object","false","2024-12-02 17:34:20"
"Virtual Machine HyperVisor","cmdb_ci_vm","Application","true","2024-12-02 17:32:58"
"VMware Virtual Machine Instance","cmdb_ci_vmware_instance","Virtual Machine Instance","false","2024-12-02 17:34:12"
"VMware Network Adapter","cmdb_ci_vmware_nic","Cloud Mgmt Network Interface","false","2024-12-02 17:34:26"
"VMware Virtual Machine Template","cmdb_ci_vmware_template","Virtual Machine Template","false","2024-12-02 17:34:26"
"Virtual Machine Instance","cmdb_ci_vm_instance","Virtual Machine Object","true","2024-12-02 17:32:05"
"Virtual Machine Object","cmdb_ci_vm_object","Configuration Item","true","2024-12-02 17:31:38"
"Parallels","cmdb_ci_vm_parallels","Virtual Machine HyperVisor","false","2024-12-02 17:33:13"
"Virtual Machine Template","cmdb_ci_vm_template","Image","true","2024-12-02 17:33:27"
"VM User Credentials","cmdb_ci_vm_user_credentials","Virtual Machine Object","false","2024-12-02 17:37:06"
"VMware","cmdb_ci_vm_vmware","Virtual Machine HyperVisor","false","2024-12-02 17:34:41"
"Zones","cmdb_ci_vm_zones","Virtual Machine HyperVisor","false","2024-12-02 17:34:20"
"Volume Template","cmdb_ci_volume_template","Virtual Machine Object","false","2024-12-02 17:36:59"
"Virtual Private Cloud","cmdb_ci_vpc","Configuration Item","false","2024-12-02 17:46:36"
"Virtual Private Network","cmdb_ci_vpn","Configuration Item","false","2024-12-02 17:36:17"
"VPN Connection","cmdb_ci_vpn_connection","Virtual Machine Object","false","2024-12-02 17:36:06"
"VServer Peer","cmdb_ci_vserver_peer","Virtual Machine Object","false","2024-12-02 17:36:45"
"WAN Accelerator","cmdb_ci_wan_accel_network","Network Gear","false","2024-12-02 17:36:02"
"Wireless Access Point","cmdb_ci_wap_network","Network Gear","false","2024-12-02 17:33:05"
"WBEM Service","cmdb_ci_wbem_service","Application","false","2024-12-02 17:31:52"
"Websphere Cell","cmdb_ci_websphere_cell","Configuration Item","false","2024-12-02 17:35:22"
"Web Application","cmdb_ci_web_application","Application","false","2024-12-02 17:35:10"
"Lotus Domino HTTP Server","cmdb_ci_web_domino","Application","false","2024-12-02 17:36:57"
"Web Server","cmdb_ci_web_server","Infrastructure Service","true","2024-12-02 17:32:13"
"Web Service","cmdb_ci_web_service","Application","false","2024-12-02 17:36:10"
"Web Site","cmdb_ci_web_site","Application","false","2024-12-02 17:36:26"
"Windows Service","cmdb_ci_windows_service","IP Service Instance","false","2024-12-02 17:35:57"
"Windows Cluster","cmdb_ci_win_cluster","Cluster","false","2024-12-02 17:36:20"
"Windows Cluster Node","cmdb_ci_win_cluster_node","Cluster Node","false","2024-12-02 17:32:16"
"Windows Cluster Resource","cmdb_ci_win_cluster_resource","Cluster Resource","false","2024-12-02 17:36:24"
"Windows Domain Controller","cmdb_ci_win_domain_controller","Application","false","2024-12-02 17:34:21"
"Windows Server","cmdb_ci_win_server","Server","false","2024-12-02 17:32:07"
"Data Center Zone","cmdb_ci_zone","Configuration Item","false","2024-12-02 17:36:39"
"CMDB Class Information","cmdb_class_info","Application File","false","2024-12-02 17:32:56"
"Relationships between CMDB Classes","cmdb_class_relationships","","false","2024-12-02 17:35:54"
"CMDB Class User Preference","cmdb_class_user_preference","Application File","false","2024-12-02 17:34:37"
"Cloud Mgmt Credentials","cmdb_cloud_mgmt_credentials","Credentials","false","2024-12-02 17:32:48"
"Consumable Model Lifecycle","cmdb_consumable_model_lifecycle","Model Lifecycle","false","2024-12-02 17:31:23"
"Consumable Model","cmdb_consumable_product_model","Product Model","false","2024-12-02 17:31:23"
"Contract Model Lifecycle","cmdb_contract_model_lifecycle","Model Lifecycle","false","2024-12-02 17:31:23"
"Contract Model","cmdb_contract_product_model","Product Model","false","2013-12-19 03:10:02"
"Bulk Convert Services","cmdb_convert_bulk_services","","false","2024-12-02 17:58:48"
"Bulk Convert Services Entry","cmdb_convert_bulk_services_entry","","false","2024-12-02 17:58:47"
"Data Source Attribute values","cmdb_datasource_attribute_value","","false","2024-12-02 17:31:44"
"Data Source History","cmdb_datasource_last_update","","false","2024-12-02 17:34:47"
"Data Source Precedence","cmdb_datasource_precedence","Application File","false","2024-12-02 17:36:41"
"Data Source Staleness Definition","cmdb_datasource_staleness","Application File","false","2024-12-02 17:36:34"
"Data Classification","cmdb_data_classification","Application File","false","2024-12-02 17:33:22"
"Data Classification Group","cmdb_data_classification_group","Application File","false","2024-12-02 17:32:10"
"Data Classification Mapping","cmdb_data_classification_mapping","","false","2024-12-02 17:35:15"
"CMDB Data Management Policy","cmdb_data_management_policy","Application File","true","2024-12-02 18:04:26"
"CMDB Data Management Policy Execution","cmdb_data_management_policy_execution","","true","2024-12-02 18:04:24"
"CMDB Data Management Policy Runtime Attributes","cmdb_data_management_policy_runtime_attributes","","true","2024-12-02 18:04:26"
"CMDB Data Management Task","cmdb_data_management_task","Task","true","2024-12-02 18:04:25"
"CMDB Data Management Task To CIs","cmdb_data_management_task_to_ci","","true","2024-12-02 18:04:24"
"CMDB Data Manager Task to Document","cmdb_data_management_task_to_document","","true","2024-12-02 18:04:25"
"Database Option","cmdb_db_option","","false","2024-12-02 17:39:44"
"Database Tablespace","cmdb_db_tablespace","","false","2024-12-02 17:39:42"
"CMDB Duplicate Remediator Default Related Items","cmdb_dedup_default_rel_item","Application File","false","2024-12-02 17:34:11"
"CMDB Dependent CI Class Exclusion","cmdb_dependent_ci_class_exclusion","Application File","true","2024-12-02 18:04:24"
"Dependent CI Relations Evaluation Config","cmdb_dependent_ci_extra_rels_config","Application File","true","2024-12-02 18:04:26"
"CMDB Dependent CI Ledger","cmdb_dependent_ci_ledger","","true","2024-12-02 18:04:26"
"Depreciation","cmdb_depreciation","","false","2024-12-02 17:40:52"
"CMDB Discovery","cmdb_discovery","","false","2024-12-02 17:34:05"
"Duplicate CI Remediation","cmdb_duplicate_ci_remediation","","false","2024-12-02 17:36:41"
"Dynamic IRE Feature","cmdb_dynamic_ire_feature","Application File","false","2024-12-02 17:34:28"
"Dynamic IRE Feature Set","cmdb_dynamic_ire_feature_set","","false","2024-12-02 17:34:40"
"Dynamic IRE Filter Condition","cmdb_dynamic_ire_filter_condition","Application File","false","2024-12-02 17:34:03"
"Dynamic IRE Match","cmdb_dynamic_ire_match","","false","2024-12-02 17:34:26"
"Dynamic IRE Model","cmdb_dynamic_ire_model","Application File","false","2024-12-02 17:31:50"
"Dynamic Reconciliation Definition","cmdb_dynamic_reconciliation_definition","Application File","false","2024-12-02 17:34:54"
"Environment to CI","cmdb_environment_to_ci","","false","2024-12-02 17:33:18"
"Facility Model Lifecycle","cmdb_facility_model_lifecycle","Model Lifecycle","false","2024-12-02 17:31:24"
"Facility Model","cmdb_facility_product_model","Product Model","false","2024-12-02 17:31:24"
"Fibre Channel Initiator","cmdb_fc_initiator","","false","2024-12-02 17:36:57"
"Fibre Channel Targets","cmdb_fc_target","","false","2024-12-02 17:35:39"
"Name Fixups","cmdb_fixup","","false","2024-12-02 17:36:16"
"CMDB Group","cmdb_group","","false","2024-12-02 17:40:04"
"CMDB Group Contains Configuration Item","cmdb_group_contains_ci","","false","2024-12-02 17:40:05"
"CMDB Group Contains Encoded Query","cmdb_group_contains_encoded_query","","false","2024-12-02 17:40:04"
"CMDB Group Contains Saved Query","cmdb_group_contains_qb_query","","false","2024-12-02 17:40:05"
"CMDB Group Event Queue","cmdb_group_event_queue","","false","2024-12-02 17:40:05"
"CMDB Group Type","cmdb_group_type","","false","2024-12-02 17:40:05"
"Hardware Model Lifecycle","cmdb_hardware_model_lifecycle","Model Lifecycle","false","2024-12-02 17:31:23"
"Hardware Model","cmdb_hardware_product_model","Product Model","false","2024-12-02 17:31:22"
"CMDB Health Configuration","cmdb_health_config","Application File","false","2024-12-02 17:32:39"
"CMDB Health Metric","cmdb_health_metric","Application File","false","2024-12-02 17:33:06"
"CMDB Health Metric Preference","cmdb_health_metric_pref","Application File","false","2024-12-02 17:34:12"
"CMDB Health Metric Status","cmdb_health_metric_status","","false","2024-12-02 17:35:05"
"CMDB Health Orphan Rule","cmdb_health_orphan_rule","Application File","false","2024-12-02 17:34:09"
"CMDB Health Processor Status","cmdb_health_processor_status","","false","2024-12-02 17:32:59"
"CMDB Health Result","cmdb_health_result","","false","2024-12-02 17:34:45"
"CMDB Health Result Count","cmdb_health_result_count","","false","2024-12-02 17:35:28"
"CMDB Health Result Group Mapping","cmdb_health_result_group_map","","false","2024-12-02 17:36:27"
"CMDB Relationship All Rules Health Results","cmdb_health_result_rel_all","","false","2024-12-02 17:32:37"
"CMDB Health Result Service Mapping","cmdb_health_result_service_map","","false","2024-12-02 17:37:07"
"CMDB Health Scorecard","cmdb_health_scorecard","","true","2024-12-02 17:32:27"
"CMDB Group Health Scorecard","cmdb_health_scorecard_group","CMDB Health Scorecard","false","2024-12-02 17:34:55"
"CMDB Health Group Scorecard Threshold","cmdb_health_scorecard_group_threshold","Application File","false","2024-12-02 17:34:06"
"CMDB Service Health Scorecard","cmdb_health_scorecard_service","CMDB Health Scorecard","false","2024-12-02 17:32:27"
"CMDB Health Scorecard Threshold","cmdb_health_scorecard_threshold","Application File","false","2024-12-02 17:34:55"
"CMDB Health Source Precedence","cmdb_health_source_precedence","","false","2024-12-02 17:36:15"
"CMDB Health Staleness Rule","cmdb_health_staleness_rule","Application File","false","2024-12-02 17:32:33"
"Identifier","cmdb_identifier","Application File","false","2024-12-02 17:31:52"
"Identifier Entry","cmdb_identifier_entry","Application File","false","2024-12-02 17:31:40"
"Identification Inclusion Rules","cmdb_ie_active_config","Application File","false","2024-12-02 17:33:07"
"Identification Engine Context","cmdb_ie_context","","false","2024-12-02 17:32:35"
"Identification Engine Log","cmdb_ie_log","","false","2024-12-02 17:34:17"
"Identification Engine Run","cmdb_ie_run","","false","2024-12-02 17:36:31"
"CMDB Transform History","cmdb_import_set_run","","false","2024-12-02 17:35:52"
"Instance Run History","cmdb_instance_run_history","","false","2024-12-02 17:33:43"
"CMDB Integration Studio Application","cmdb_inst_application","Application File","false","2024-12-02 17:34:05"
"CMDB Integration Studio Application Data Source","cmdb_inst_application_feed","Robust Transform Engine Entity Based Definition","false","2024-12-02 17:32:26"
"CMDB Integration Studio Entity","cmdb_inst_entity","RTE Entity","false","2024-12-02 17:32:23"
"IP Address to DNS Name","cmdb_ip_address_dns_name","","false","2024-12-02 17:34:37"
"IP Address Pool","cmdb_ip_address_pool","","false","2024-12-02 17:33:28"
"IP Address Range","cmdb_ip_address_range","","false","2024-12-02 17:32:44"
"IP Service","cmdb_ip_service","Application File","false","2024-12-02 17:34:30"
"Service","cmdb_ip_service_ci","","false","2024-12-02 17:34:03"
"IRE Data Source Rule","cmdb_ire_data_source_rule","Application File","false","2024-12-02 17:35:22"
"CMDB IRE Incomplete Payloads","cmdb_ire_incomplete_payloads","","false","2024-12-02 17:36:48"
"CMDB IRE Incomplete Payloads","cmdb_ire_incomplete_payloads0000","","false","2024-12-02 18:40:14"
"CMDB IRE Incomplete Payloads","cmdb_ire_incomplete_payloads0001","","false","2024-12-02 18:40:15"
"CMDB IRE Incomplete Payloads","cmdb_ire_incomplete_payloads0002","","false","2024-12-02 18:40:15"
"CMDB IRE Incomplete Payloads","cmdb_ire_incomplete_payloads0003","","false","2024-12-02 18:40:16"
"CMDB IRE Incomplete Payloads","cmdb_ire_incomplete_payloads0004","","false","2024-12-02 18:40:17"
"CMDB IRE Incomplete Payloads","cmdb_ire_incomplete_payloads0005","","false","2024-12-02 18:40:17"
"CMDB IRE Incomplete Payloads","cmdb_ire_incomplete_payloads0006","","false","2024-12-02 18:40:18"
"IRE Output Aggregate Stats","cmdb_ire_output_aggregate_stats","","false","2024-12-02 17:37:11"
"CMDB IRE Output Comparison","cmdb_ire_output_comparison","","false","2024-12-02 17:32:52"
"CMDB IRE Output Comparison Item","cmdb_ire_output_comparison_item","","false","2024-12-02 17:32:17"
"IRE Output Target Item","cmdb_ire_output_target_item","","false","2024-12-02 17:32:12"
"CMDB IRE Partial Payloads","cmdb_ire_partial_payloads","","false","2024-12-02 17:35:03"
"CMDB IRE Partial Payloads Index","cmdb_ire_partial_payloads_index","","false","2024-12-02 17:31:41"
"Reclassification Restriction","cmdb_ire_reclassification_restriction","Application File","false","2024-12-02 17:35:29"
"CMDB Job Context","cmdb_job_context","","true","2024-12-02 17:33:32"
"Key Value","cmdb_key_value","","false","2024-12-02 17:35:51"
"KVM Virtual Device","cmdb_kvm_device","","false","2024-12-02 17:36:10"
"CMDB Layer","cmdb_layer","Application File","false","2024-12-02 17:36:55"
"Load Balancer Service VLAN","cmdb_lb_service_vlan","","false","2024-12-02 17:33:19"
"Load Balancer VLAN Interface","cmdb_lb_vlan_interface","","false","2024-12-02 17:33:06"
"CMDB Lease","cmdb_lease","","false","2024-12-02 17:35:45"
"Business Process to Configuration Item","cmdb_m2m_business_process_ci","","false","2024-12-02 18:03:58"
"Software Upgrade and Downgrades","cmdb_m2m_downgrade_model","","false","2024-12-02 17:31:23"
"Model Compatibility","cmdb_m2m_model_compatibility","","false","2024-12-02 17:31:22"
"Model Component","cmdb_m2m_model_component","","false","2024-12-02 17:31:23"
"Model Substitution","cmdb_m2m_model_substitute","","false","2012-12-20 12:30:42"
"Software Suite","cmdb_m2m_suite_model","","false","2024-12-02 17:31:23"
"CMDB Metadata Containment Rules","cmdb_metadata_containment","Application File","false","2024-12-02 17:33:03"
"CMDB Metadata Hosting Rules","cmdb_metadata_hosting","Application File","false","2024-12-02 17:33:47"
"CMDB Metadata Reference Rules","cmdb_metadata_reference","Application File","false","2024-12-02 17:34:12"
"Product Model","cmdb_model","","true","2024-12-02 17:31:22"
"Model Category","cmdb_model_category","","false","2024-12-02 17:31:23"
"Model Lifecycle","cmdb_model_lifecycle","","true","2024-12-02 17:31:22"
"Unit","cmdb_model_unit","","false","2024-12-02 17:31:23"
"Unit Conversion","cmdb_model_unit_conversion","","false","2024-12-02 17:31:24"
"CMDB Multilevel Queue","cmdb_multilevel_queue","","false","2024-12-02 17:36:10"
"CMDB Multilevel Queue Item","cmdb_multilevel_queue_item","","false","2024-12-02 17:33:25"
"CMDB MultiSource Column Metadata","cmdb_multisource_column_metadata","Application File","false","2024-12-02 17:35:19"
"CMDB MultiSource Column Type Mapping","cmdb_multisource_column_type_mapping","","false","2024-12-02 17:32:47"
"CMDB 360 Data","cmdb_multisource_data","","false","2024-12-02 17:34:01"
"CMDB 360 denied classes","cmdb_multisource_deny_class","Application File","false","2024-12-02 17:34:40"
"CMDB Multisource Queries","cmdb_multisource_query","Application File","false","2024-12-02 17:31:43"
"CMDB Multisource Query Results","cmdb_multisource_query_result","","true","2024-12-02 17:32:29"
"CMDB Multisource Query Result Diff Records","cmdb_multisource_query_result_diff_record","CMDB Multisource Query Results","false","2024-12-02 17:32:56"
"CMDB Multisource Query Result Discovery Sources","cmdb_multisource_query_result_disco_source","","false","2024-12-02 17:34:45"
"CMDB Multisource Query Result Multisource Records","cmdb_multisource_query_result_ms_record","CMDB Multisource Query Results","false","2024-12-02 17:32:29"
"Query Status","cmdb_multisource_query_status","","false","2024-12-02 17:36:30"
"CMDB Multisource Recompute Task","cmdb_multisource_recomp_task","Task","false","2024-12-02 17:32:11"
"CMDB MultiSource Recompute Task CI","cmdb_multisource_recomp_task_ci","","false","2024-12-02 17:32:16"
"OS User","cmdb_os_user","","false","2024-12-02 17:36:41"
"Affected CIs","cmdb_outage_ci_mtom","","false","2024-12-02 17:34:14"
"Peer Relationships","cmdb_peer","","false","2024-12-02 17:34:12"
"Application PID","cmdb_pid","","false","2024-12-02 17:33:16"
"CMDB Policy CI Exclusion List","cmdb_policy_ci_exclusion_list","","true","2024-12-02 18:04:25"
"CMDB Policy Scheduled Job","cmdb_policy_scheduled_job","Scheduled Script Execution","true","2024-12-02 18:04:24"
"CMDB Policy Type","cmdb_policy_type","Application File","true","2024-12-02 18:04:25"
"CMDB Policy Type Categories","cmdb_policy_type_categories","Application File","true","2024-12-02 18:04:25"
"Printer Instance","cmdb_printer_instance","","false","2024-12-02 17:32:40"
"Printer Instance","cmdb_print_queue_instance","","false","2024-12-02 17:34:21"
"CMDB Properties","cmdb_properties","","false","2024-12-02 17:39:42"
"Query Builder Results","cmdb_qb_result_base","","true","2024-12-02 17:34:34"
"cmdb_qb_result_base$par1","cmdb_qb_result_base$par1","","false","2024-12-02 17:34:34"
"Query Builder Result Table","cmdb_qb_table_mapping","","false","2024-12-02 17:34:14"
"CMDB Recommended Field","cmdb_recommended_fields","Application File","false","2024-12-02 17:31:41"
"Reconciliation Definition","cmdb_reconciliation_definition","Application File","false","2024-12-02 17:36:32"
"Reconciliation Definition Mapping","cmdb_reconciliation_definition_mapping","Application File","false","2024-12-02 17:32:33"
"Direct Relationships","cmdb_related","","false","2024-12-02 17:34:11"
"Related Entry","cmdb_related_entry","Application File","false","2024-12-02 17:32:17"
"CI Relation Attributes","cmdb_rel_attributes","","false","2024-12-02 17:39:11"
"CI Relationship","cmdb_rel_ci","","false","2024-12-02 17:39:11"
"CI Relation Filter","cmdb_rel_filter","Application File","false","2024-12-02 17:37:11"
"Group Relationship","cmdb_rel_group","","false","2024-12-02 17:35:37"
"CI/Group Relationship Type","cmdb_rel_group_type","Application File","false","2024-12-02 17:33:22"
"People Relationship","cmdb_rel_person","","false","2024-12-02 17:36:01"
"CI Relationship Rollup","cmdb_rel_rollup","Application File","false","2024-12-02 17:35:18"
"Teams","cmdb_rel_team","","false","2024-12-02 17:33:16"
"CI Relationship Type","cmdb_rel_type","Application File","false","2024-12-02 17:34:09"
"CI Relationship Type Rule Definition","cmdb_rel_type_rule_definitions","Application File","false","2024-12-02 17:31:35"
"Suggested Relationship","cmdb_rel_type_suggest","Application File","false","2024-12-02 17:34:02"
"CI/User Relationship Type","cmdb_rel_user_type","Application File","false","2024-12-02 17:34:24"
"Resource Location","cmdb_resource_location","","false","2024-12-02 17:32:12"
"CMDB Retirement Custom Definition","cmdb_retirement_custom_definitions","Application File","false","2024-12-02 17:33:59"
"Running Process","cmdb_running_process","","false","2024-12-02 17:33:41"
"Secondary Volume","cmdb_secondary_volume","","false","2024-12-02 17:37:04"
"Serial Number","cmdb_serial_number","","false","2024-12-02 17:32:18"
"Service Model Lifecycle","cmdb_service_model_lifecycle","Model Lifecycle","false","2024-12-02 17:31:24"
"Service Model","cmdb_service_product_model","Product Model","false","2024-12-02 17:31:23"
"Software Instance","cmdb_software_instance","","false","2024-12-02 17:32:02"
"Software Model","cmdb_software_product_model","Product Model","false","2024-12-02 17:31:23"
"Storage Access Policy Rule","cmdb_storage_accesspolicy_rule","","false","2024-12-02 17:35:31"
"Subscribers","cmdb_subscriber","","false","2024-12-02 17:35:35"
"Switch Port","cmdb_switch_port","","false","2024-12-02 17:33:32"
"Software License Calculation","cmdb_sw_license_calculation","","false","2024-12-02 17:31:24"
"CMDB Task To Archive Chunk","cmdb_task_to_archive_chunk","","true","2024-12-02 18:04:24"
"TCP Connection","cmdb_tcp","","false","2024-12-02 17:37:00"
"TCP Connection (Deprecated)","cmdb_tcp_connection","","false","2024-12-02 17:32:59"
"TCP Half-connection","cmdb_tcp_half","","false","2024-12-02 17:32:52"
"CMDB View","cmdb_view","Application File","false","2024-12-02 17:34:28"
"CMDB View Instance","cmdb_view_instance","Application File","false","2024-12-02 17:33:14"
"Volume Autosize Mode","cmdb_volume_autosize_mode","","false","2024-12-02 17:33:25"
"Volume Security Style","cmdb_volume_security_style","","false","2024-12-02 17:34:35"
"Building","cmn_building","","false","2024-12-02 17:23:29"
"Help Context","cmn_context_help","Application File","false","2024-12-02 17:27:07"
"Map Coordinates Refresh Configuration","cmn_coordinate_refresh_config","Application File","false","2024-12-02 17:43:20"
"Cost Center","cmn_cost_center","","false","2024-12-02 17:23:29"
"Department","cmn_department","","false","2024-12-02 17:23:29"
"Location","cmn_location","","false","2024-12-02 17:23:28"
"Map Coordinate Definition","cmn_map_coordinate_definition","Map Item","false","2024-12-02 17:43:21"
"Map Data Item","cmn_map_data_item","Map Item","false","2024-12-02 17:43:22"
"Map Page Filter","cmn_map_filter","Map Item","false","2024-12-02 17:43:21"
"Map Filter Data Mapping","cmn_map_filter_data_mapping","Application File","false","2024-12-02 17:43:22"
"Map Page Filter Item","cmn_map_filter_item","Map Item","false","2024-12-02 17:43:21"
"Map Item","cmn_map_item","Application File","true","2024-12-02 17:43:20"
"Map Page Marker","cmn_map_marker","Map Item","false","2024-12-02 17:43:22"
"Map Marker Click Action","cmn_map_marker_click_action","Map Item","false","2024-12-02 17:43:22"
"Map Marker Icon","cmn_map_marker_icon","Map Item","false","2024-12-02 17:43:21"
"Map Page","cmn_map_page","Application File","false","2024-12-02 17:43:21"
"Notification Device","cmn_notif_device","","false","2024-12-02 17:25:31"
"Notification Device Variable","cmn_notif_device_variable","","false","2024-12-02 17:25:31"
"Group Member","cmn_notif_grmember","","false","2024-12-02 17:25:31"
"Notification Group","cmn_notif_group","","false","2024-12-02 17:25:31"
"Notification Messages","cmn_notif_message","","false","2024-12-02 17:25:31"
"Notification Service Provider","cmn_notif_service_provider","Application File","false","2024-12-02 17:25:31"
"Other Schedule","cmn_other_schedule","","false","2024-12-02 17:40:24"
"Relative Duration","cmn_relative_duration","Application File","false","2024-12-02 17:40:27"
"Shift","cmn_rota","","false","2024-12-02 17:59:24"
"Shift Contact Preference","cmn_rota_contact_preference","","false","2024-12-02 17:59:25"
"Rotation Escalation","cmn_rota_escalation","","false","2024-12-02 17:59:24"
"Shift Escalation Set","cmn_rota_escalation_set","","false","2024-12-02 17:59:19"
"Shift Escalation Step Definition","cmn_rota_esc_step_def","","false","2024-12-02 17:59:18"
"On-call Member","cmn_rota_member","","false","2024-12-02 17:59:26"
"Shift Response Cache","cmn_rota_resp_cache","","false","2024-12-02 17:59:19"
"Roster","cmn_rota_roster","","false","2024-12-02 17:59:25"
"Schedule","cmn_schedule","Business Calendar","true","2024-12-02 17:40:25"
"Blackout Schedule","cmn_schedule_blackout","Condition Schedule","false","2024-12-02 17:52:50"
"Condition Schedule","cmn_schedule_condition","Schedule","true","2024-12-02 17:52:50"
"Maintenance Schedule","cmn_schedule_maintenance","Condition Schedule","false","2024-12-02 17:52:50"
"Schedule Page","cmn_schedule_page","Application File","false","2024-12-02 17:40:23"
"Schedule Entry","cmn_schedule_span","Business Calendar Entry","true","2024-12-02 17:40:24"
"Timeline Page","cmn_timeline_page","Application File","true","2024-12-02 17:40:24"
"Timeline Page Span Style","cmn_timeline_page_style","Application File","false","2024-12-02 17:40:23"
"Timeline Sub Item","cmn_timeline_sub_item","Timeline Page","false","2024-12-02 17:40:24"
"User Schedule","cmn_user_schedule","","true","2024-12-02 17:40:23"
"Collaborator","collaborator","","false","2024-12-02 17:28:09"
"Column Renderer","column_renderer","Macro","false","2024-12-02 17:28:13"
"Automation Pipeline Command Filter","command_has_filter","","false","2024-12-02 17:46:23"
"Automation Pipeline Command Parser","command_has_parser","","false","2024-12-02 17:46:21"
"Automation Pipeline Command Transformer","command_has_transformer","","false","2024-12-02 17:46:33"
"Configuration Automation Object","config_automation_object","","false","2024-12-02 17:46:28"
"Conflict","conflict","","false","2024-12-02 17:52:50"
"Connection Attributes","connection_attributes","Variables","false","2024-12-02 17:46:17"
"Connect Action","connect_action","Application File","false","2024-12-02 17:28:09"
"Content Block","content_block","Application File","true","2024-12-02 17:42:23"
"Detailed Content","content_block_detail","Content Block","false","2024-12-02 17:42:24"
"IFrames","content_block_iframe","Sized Content","false","2024-12-02 17:42:24"
"Dynamic Content","content_block_programmatic","Content Block","false","2024-12-02 17:42:24"
"Sized Content","content_block_sized","Content Block","true","2024-12-02 17:42:23"
"Static Content","content_block_static","Content Block","false","2024-12-02 17:42:23"
"Style Sheet","content_css","Application File","false","2024-12-02 17:23:56"
"Content Type","content_type","Application File","false","2024-12-02 17:42:23"
"Contract CI","contract_rel_ci","","false","2024-12-02 17:47:56"
"Contract SLA","contract_rel_contract_sla","","false","2024-12-02 17:47:57"
"Contract group","contract_rel_group","","false","2024-12-02 17:47:56"
"Contract Location","contract_rel_location","","false","2024-12-02 17:47:57"
"Contract User","contract_rel_user","","false","2024-12-02 17:47:58"
"SLA Definition","contract_sla","Application File","false","2024-12-02 17:47:39"
"Conversation History Filters","conversation_history_filters","","false","2024-12-02 18:23:56"
"Conversation Metrics","conversation_metrics","","false","2024-12-02 18:23:55"
"Cool Thing","cool_thing","Application File","false","2024-12-02 17:55:51"
"Company","core_company","","false","2024-12-02 17:23:28"
"Country","core_country","","false","2024-12-02 17:23:28"
"Credential Type Metadata","credential_type_metadata","Application File","false","2024-12-02 17:46:16"
"Application Services Action Result","csdm_dashboard_action_report_result","","false","2024-12-02 18:03:02"
"Application Services Dashboard Result","csdm_dashboard_reports_result","","false","2024-12-02 18:03:02"
"Application Services Types Result","csdm_dashboard_type_report_result","","false","2024-12-02 18:03:02"
"CSDM Service mapping","csdm_service_mapping","","false","2024-12-02 17:48:01"
"CSM Field Map","csm_field_map","Application File","false","2024-12-02 17:42:37"
"CSM Table Map","csm_table_map","Application File","false","2024-12-02 17:42:38"
"Customer modified or created CCSI","custmodified_ccsi","","false","2024-12-02 17:44:52"
"Custom Applications Recommendation","custom_applications_recommendation","","false","2024-12-02 18:15:43"
"Search Context","cxs_context_config","Application File","false","2024-12-02 17:47:04"
"Filter Condition","cxs_fltr_condition","Application File","true","2024-12-02 17:47:01"
"Filter Configuration","cxs_fltr_config","Application File","true","2024-12-02 17:47:01"
"Relevant Document","cxs_relevant_doc","","false","2024-12-02 17:47:03"
"Relevant Document Detail","cxs_rel_doc_detail","","false","2024-12-02 17:47:05"
"Resource Configuration","cxs_res_context_config","Application File","false","2024-12-02 17:47:03"
"Search Resource Context Property","cxs_res_context_config_prop","Application File","false","2024-12-02 17:47:03"
"Record Producer Configuration","cxs_rp_config","Base UI Configuration","false","2024-12-02 17:47:04"
"Filter Condition","cxs_rp_fltr_condition","Filter Condition","false","2024-12-02 17:47:02"
"Filter Configuration","cxs_rp_fltr_config","Filter Configuration","false","2024-12-02 17:47:02"
"Searcher","cxs_searcher_config","Application File","false","2024-12-02 17:47:03"
"Available Search Resource","cxs_search_resource","Application File","false","2024-12-02 17:47:03"
"Search Result Display Configuration","cxs_search_result_fields","Application File","false","2024-12-02 17:47:04"
"Search Resource","cxs_search_res_config","Application File","false","2024-12-02 17:47:03"
"Search Resource Property","cxs_search_res_config_prop","Application File","false","2024-12-02 17:47:02"
"Table Configuration","cxs_table_config","Base UI Configuration","false","2024-12-02 17:47:03"
"Email Configuration","cxs_table_email_config","Application File","false","2024-12-02 17:47:02"
"Search Field","cxs_table_field_config","Application File","false","2024-12-02 17:47:01"
"Filter Condition","cxs_table_fltr_condition","Filter Condition","false","2024-12-02 17:47:01"
"Filter Configuration","cxs_table_fltr_config","Filter Configuration","false","2024-12-02 17:47:01"
"Search Actions","cxs_ui_action","Application File","false","2024-12-02 17:47:02"
"Search Action Configuration","cxs_ui_action_config","Application File","false","2024-12-02 17:47:04"
"Base UI Configuration","cxs_ui_config_base","Application File","true","2024-12-02 17:47:02"
"Wizard Configuration","cxs_wizard_config","Base UI Configuration","false","2024-12-02 17:47:04"
"Dashboard Executions","dashboard_executions","","false","2024-12-02 17:54:12"
"Dashboard Stats","dashboard_stats","","false","2024-12-02 17:54:12"
"Dashboard Stats Executions","dashboard_stats_executions","","false","2024-12-02 17:54:12"
"Data Classification","data_classification","Application File","false","2024-12-02 18:03:48"
"Data Egress Count","data_egress_count","Platform Analytics Event Aggregate","false","2024-12-02 18:23:43"
"Audio","db_audio","Application File","false","2024-12-02 17:28:09"
"Images","db_image","Application File","false","2024-12-02 17:25:28"
"Video","db_video","","false","2024-12-02 17:42:00"
"Diagnostic Details","diagnostics_history","","false","2024-12-02 17:44:30"
"Diagnostics Result","diagnostics_result","","false","2024-12-02 17:44:29"
"Diagnostics Test","diagnostics_test","","false","2024-12-02 17:41:58"
"Diagnostic Event","diagnostic_event","","false","2024-12-02 17:28:23"
"Diagnostic Rule","diagnostic_rule","","false","2024-12-02 17:44:30"
"Diagrammer Actions","diagrammer_action","Application File","true","2024-12-02 17:40:08"
"Discovery Active Error","discovery_active_error","","false","2024-12-02 17:46:38"
"Classification","discovery_classy","Application File","true","2024-12-02 17:46:21"
"UNIX Classification","discovery_classy_unix","Classification","false","2024-12-02 17:46:36"
"Windows Classification","discovery_classy_windows","Classification","false","2024-12-02 17:46:21"
"Classification Criteria","discovery_class_criteria","Application File","false","2024-12-02 17:46:29"
"Credentials","discovery_credentials","","true","2024-12-02 17:29:06"
"Device Duplicate Ips","discovery_device_duplicate_ips","","false","2024-12-02 17:46:27"
"Device","discovery_device_history","","false","2024-12-02 17:46:34"
"Discovery Last errors","discovery_error_messages","","false","2024-12-02 17:46:28"
"Discovery Help Link","discovery_help_link","","false","2024-12-02 17:46:21"
"Discovery Log","discovery_log","Log Entry","false","2024-12-02 17:46:30"
"Discovery Log","discovery_log0000","Log Entry","false","2024-12-02 17:46:31"
"Discovery Log","discovery_log0001","Log Entry","false","2024-12-02 17:46:31"
"Discovery Log","discovery_log0002","Log Entry","false","2024-12-02 17:46:31"
"Discovery Log","discovery_log0003","Log Entry","false","2024-12-02 17:46:31"
"Discovery Log","discovery_log0004","Log Entry","false","2024-12-02 17:46:32"
"Discovery Log","discovery_log0005","Log Entry","false","2024-12-02 17:46:32"
"Discovery Log","discovery_log0006","Log Entry","false","2024-12-02 17:46:32"
"Discovery Log","discovery_log0007","Log Entry","false","2024-12-02 17:46:32"
"Discovery Port Probe","discovery_port_probe","Application File","false","2024-12-02 17:46:24"
"Probe","discovery_probes","Application File","true","2024-12-02 17:46:26"
"CIM Probe","discovery_probes_cim","Probe","false","2024-12-02 17:46:33"
"CIM Query","discovery_probes_cim_query","Application File","false","2024-12-02 17:46:25"
"MultiProbe","discovery_probes_multi","Probe","false","2024-12-02 17:46:34"
"MultiProbe Included Probe","discovery_probes_multi_probe","Application File","false","2024-12-02 17:46:38"
"SNMP Probe","discovery_probes_snmp","Probe","false","2024-12-02 17:46:26"
"SNMP Field","discovery_probes_snmp_field","Application File","false","2024-12-02 17:46:32"
"WMI Probe","discovery_probes_wmi","Probe","false","2024-12-02 17:46:29"
"WMI Field","discovery_probes_wmi_field","Application File","false","2024-12-02 17:46:22"
"Probe Capability","discovery_probe_capability_m2m","","false","2024-12-02 17:46:37"
"Probe parameter","discovery_probe_parameter","Application File","false","2024-12-02 17:46:26"
"Discovery Queue","discovery_queue","","true","2024-12-02 17:46:21"
"Discovery Range Set","discovery_range","Application File","false","2024-12-02 17:46:36"
"Discovery IP Range","discovery_range_item","Application File","false","2024-12-02 17:46:27"
"Discovery Result","discovery_result","","false","2024-12-02 17:46:32"
"Discovery Status","discovery_status","","false","2024-12-02 17:46:22"
"Discovery Status MID servers","discovery_status_ecc_agent_m2m","","false","2024-12-02 17:46:24"
"Data Lookup Definitions","dl_definition","Application File","true","2024-12-02 17:48:15"
"Matcher Field Definitions","dl_definition_rel_match","Application File","true","2024-12-02 17:48:15"
"Setter Field Definitions","dl_definition_rel_set","Application File","true","2024-12-02 17:48:15"
"Data Lookup Matcher Rules","dl_matcher","Application File","true","2024-12-02 17:48:15"
"Problem Priority Data Lookup","dl_problem_priority","Data Lookup Matcher Rules","false","2024-12-02 17:57:37"
"Assignment Data Lookup","dl_u_assignment","Data Lookup Matcher Rules","false","2024-12-02 17:48:15"
"Priority Data Lookup","dl_u_priority","Data Lookup Matcher Rules","false","2024-12-02 17:48:15"
"Page Number Configuration","doc_page_number_config","Application File","false","2024-12-02 17:28:37"
"Table of Contents Configuration","doc_toc_config","Application File","false","2024-12-02 17:28:37"
"Credential Affinity","dscy_credentials_affinity","","false","2024-12-02 17:46:35"
"Invalid Serial Number","dscy_invalid_serial","Application File","false","2024-12-02 17:46:36"
"Network Infrastructure Item","dscy_net_base","Configuration Item","true","2024-12-02 17:31:39"
"Wire","dscy_net_wire","Network Infrastructure Item","false","2024-12-02 17:33:41"
"Privileged Command Affinity","dscy_priv_command_affinity","","false","2024-12-02 17:46:36"
"Router Interface","dscy_router_interface","Network Infrastructure Item","false","2024-12-02 17:35:32"
"Exit Interface Routing Rule","dscy_route_interface","Network Infrastructure Item","false","2024-12-02 17:31:39"
"Next Hop Routing Rule","dscy_route_next_hop","Network Infrastructure Item","false","2024-12-02 17:33:04"
"Switchport","dscy_switchport","Network Infrastructure Item","false","2024-12-02 17:35:51"
"Switch Forwarding Rule","dscy_swtch_fwd_rule","Network Infrastructure Item","false","2024-12-02 17:32:34"
"Switch Partition","dscy_swtch_partition","Network Infrastructure Item","false","2024-12-02 17:35:34"
"DML","dsl","","false","2024-12-02 17:41:10"
"Duplicate Audit Result","duplicate_audit_result","","false","2024-12-02 17:34:05"
"Dynamic Attribute","dynamic_attribute","Application File","false","2024-12-02 17:31:14"
"Dynamic Attribute Group","dynamic_attribute_group","Application File","false","2024-12-02 17:31:14"
"Dynamic Category","dynamic_category","Application File","false","2024-12-02 17:31:14"
"Dynamic Category Group Member","dynamic_category_group_member","Application File","false","2024-12-02 17:31:14"
"Dynamic Choice","dynamic_choice","Application File","false","2024-12-02 17:31:14"
"Dynamic Choice Set","dynamic_choice_set","Application File","false","2024-12-02 17:31:14"
"Azure Enterprise Agreement Credentials","ea_azure_credentials","Credentials","false","2024-12-02 17:46:38"
"Oracle EBS module","ebs_module","","false","2024-12-02 17:35:40"
"Action","ecc_action","","false","2024-12-02 17:24:47"
"MID Server","ecc_agent","","false","2024-12-02 17:45:52"
"MID Server Application","ecc_agent_application","Application File","false","2024-12-02 17:46:23"
"MID Server Application","ecc_agent_application_m2m","","false","2024-12-02 17:46:35"
"MID Server Attachment","ecc_agent_attachment","","false","2024-12-02 17:45:48"
"MID Server Capability","ecc_agent_capability","Application File","false","2024-12-02 17:46:29"
"MID Server Capability","ecc_agent_capability_m2m","","false","2024-12-02 17:46:30"
"MID Server Capability Value Test","ecc_agent_capability_value_test","Application File","false","2024-12-02 17:46:24"
"MID Server Cluster","ecc_agent_cluster","","false","2024-12-02 17:45:49"
"MID Server Cluster Agent","ecc_agent_cluster_member_m2m","","false","2024-12-02 17:45:54"
"MID Server Command Audit Log","ecc_agent_command_audit_log","","false","2024-12-02 17:45:53"
"MID Server Command Audit Log","ecc_agent_command_audit_log0000","","false","2024-12-02 17:46:07"
"MID Server Command Audit Log","ecc_agent_command_audit_log0001","","false","2024-12-02 17:46:07"
"MID Server Command Audit Log","ecc_agent_command_audit_log0002","","false","2024-12-02 17:46:08"
"MID Server Command Audit Log","ecc_agent_command_audit_log0003","","false","2024-12-02 17:46:08"
"MID Server Command Audit Log","ecc_agent_command_audit_log0004","","false","2024-12-02 17:46:08"
"MID Server Command Audit Log","ecc_agent_command_audit_log0005","","false","2024-12-02 17:46:08"
"MID Server Command Audit Log","ecc_agent_command_audit_log0006","","false","2024-12-02 17:46:08"
"MID Server Configuration Parameter","ecc_agent_config","","false","2024-12-02 17:45:50"
"ECC Agent Counter Metric","ecc_agent_counter_metric","ECC Agent Metric","false","2024-12-02 17:45:53"
"MID Server Extension","ecc_agent_ext","Application File","false","2024-12-02 17:45:54"
"MID Server Extension Context","ecc_agent_ext_context","","true","2024-12-02 17:45:46"
"SNMP Trap Collector Context","ecc_agent_ext_context_trap","MID Server Extension Context","false","2024-12-02 17:45:53"
"vCenter Event Collector Context","ecc_agent_ext_context_vcenter","MID Server Extension Context","false","2024-12-02 17:45:46"
"MID Server Extension JAR File","ecc_agent_ext_jar","MID Server Synchronized File","false","2024-12-02 17:45:50"
"MID Server Extension to JAR","ecc_agent_ext_to_jar","","false","2024-12-02 17:45:54"
"MID Server Host Services","ecc_agent_host_service","","false","2024-12-02 17:45:48"
"MID Server Host Services","ecc_agent_host_service0000","","false","2024-12-02 17:46:09"
"MID Server Host Services","ecc_agent_host_service0001","","false","2024-12-02 17:46:09"
"MID Server Host Services","ecc_agent_host_service0002","","false","2024-12-02 17:46:09"
"MID Server IP Address","ecc_agent_ip_address","","false","2024-12-02 17:45:50"
"MID Server IP Range","ecc_agent_ip_range","Application File","false","2024-12-02 17:46:27"
"MID Server IP Range","ecc_agent_ip_range_m2m","","false","2024-12-02 17:46:37"
"MID Server Issue","ecc_agent_issue","","false","2024-12-02 17:45:49"
"MID Server JAR File","ecc_agent_jar","MID Server Synchronized File","false","2024-12-02 17:45:48"
"MID Server Log","ecc_agent_log","","false","2024-12-02 17:45:49"
"ECC Agent Memory Metric","ecc_agent_memory_metric","ECC Agent Metric","false","2024-12-02 17:45:49"
"ECC Agent Metric","ecc_agent_metric","","true","2024-12-02 17:45:49"
"MID Server MIB File","ecc_agent_mib","MID Server Synchronized File","false","2024-12-02 17:45:51"
"MID Server","ecc_agent_monitor","","false","2024-12-02 17:45:51"
"MID Server Packages","ecc_agent_package","","false","2024-12-02 17:45:50"
"Privileged Command to Mid","ecc_agent_privileged_command_m2m","","false","2024-12-02 17:46:38"
"MID Server Property","ecc_agent_property","Application File","false","2024-12-02 17:45:51"
"ECC Agent RGR Metric","ecc_agent_rgr_metric","ECC Agent Metric","false","2024-12-02 17:45:52"
"MID Server Router","ecc_agent_router","","false","2024-12-02 17:45:52"
"ECC Agent Scalar Metric","ecc_agent_scalar_metric","ECC Agent Metric","false","2024-12-02 17:45:49"
"MID Server Script","ecc_agent_script","Application File","false","2024-12-02 17:45:51"
"MID Server Script File","ecc_agent_script_file","MID Server Synchronized File","false","2024-12-02 17:45:51"
"MID Server Script Include","ecc_agent_script_include","Application File","false","2024-12-02 17:45:53"
"MID Server Script parameter","ecc_agent_script_param","Application File","false","2024-12-02 17:45:47"
"MID Server Secure Access Audit Log","ecc_agent_secure_access_audit_log","","false","2024-12-02 17:45:53"
"MID Server Status","ecc_agent_status","","false","2024-12-02 17:45:47"
"MID Server Synchronized File","ecc_agent_sync_file","Application File","true","2024-12-02 17:45:48"
"MID Server Thread","ecc_agent_thread","","false","2024-12-02 17:45:47"
"MID Server Upgrade History","ecc_agent_upgrade_history","","false","2024-12-02 17:45:53"
"MID Server Upgrade History Stage","ecc_agent_upgrade_history_stage","","false","2024-12-02 17:45:46"
"ECC Encryption Key","ecc_encryption_key","","false","2024-12-02 17:46:35"
"Event","ecc_event","","false","2024-12-02 17:24:47"
"Event","ecc_event0000","","false","2024-12-02 17:45:20"
"Event","ecc_event0001","","false","2024-12-02 17:45:20"
"Event","ecc_event0002","","false","2024-12-02 17:45:21"
"Event","ecc_event0003","","false","2024-12-02 17:45:21"
"Event","ecc_event0004","","false","2024-12-02 17:45:21"
"Event","ecc_event0005","","false","2024-12-02 17:45:21"
"Event","ecc_event0006","","false","2024-12-02 17:45:21"
"Event Handler","ecc_event_handler","","false","2024-12-02 17:24:47"
"Queue Handler","ecc_handler","","false","2024-12-02 17:24:47"
"Queue","ecc_queue","","false","2024-12-02 17:24:47"
"Queue","ecc_queue0000","","false","2024-12-02 17:45:18"
"Queue","ecc_queue0001","","false","2024-12-02 17:45:18"
"Queue","ecc_queue0002","","false","2024-12-02 17:45:18"
"Queue","ecc_queue0003","","false","2024-12-02 17:45:19"
"Queue","ecc_queue0004","","false","2024-12-02 17:45:19"
"Queue","ecc_queue0005","","false","2024-12-02 17:45:19"
"Queue","ecc_queue0006","","false","2024-12-02 17:45:19"
"Configuration","ecc_queue_config","Application File","false","2024-12-02 17:24:46"
"ECC Queue Statistics (by ECC Agent)","ecc_queue_stats_by_ecc_agent","","false","2024-12-02 17:45:46"
"ECC Queue Usage Analytics","ecc_queue_usage_analytics","","false","2024-12-02 17:45:50"
"Email Access Restriction","email_access_restriction","Application File","false","2024-12-02 17:25:35"
"Enterprise Strategy","enterprise_strategy","Strategic Objective","false","2024-12-02 17:40:50"
"Entitlement Data","entitlement_data","","false","2024-12-02 18:15:43"
"Entitlement Subscription Map","entl_subscription_map","","false","2024-12-02 17:50:03"
"A/B Testing Evaluation","evaluation","","false","2024-12-02 17:29:00"
"A/B Testing Evaluation Execution","evaluation_execution","","false","2024-12-02 17:29:01"
"A/B Testing Evaluation Parameter","evaluation_parameter","","false","2024-12-02 17:29:00"
"A/B Testing Evaluation Parameter Result","evaluation_parameter_result","","false","2024-12-02 17:29:01"
"Task Sequencing","execution_plan_local","","false","2024-12-02 17:44:27"
"Wizard","expert","Application File","false","2024-12-02 17:42:52"
"Banner Step","expert_banner_step","Application File","false","2024-12-02 17:42:53"
"Wizard Instance","expert_instance","","false","2024-12-02 17:42:51"
"Wizard Panel","expert_panel","Application File","true","2024-12-02 17:42:52"
"Catalog Checkout Panel","expert_panel_catalog_checkout","Wizard Panel","false","2024-12-02 17:43:33"
"Catalog Order","expert_panel_catalog_order","Wizard Panel","false","2024-12-02 17:43:27"
"Orderable Items","expert_panel_c_item","Application File","false","2024-12-02 17:43:29"
"KB Viewer","expert_panel_knowledge","Wizard Panel","false","2024-12-02 17:42:54"
"Redirect Panel","expert_panel_redirect","Wizard Panel","false","2024-12-02 17:42:52"
"Record Generator","expert_panel_template","Wizard Panel","false","2024-12-02 17:42:53"
"Wizard Panel Transition","expert_panel_transition","Application File","false","2024-12-02 17:42:53"
"Field Setter","expert_panel_t_fields","Application File","false","2024-12-02 17:42:52"
"Wizard Panel Variable","expert_panel_variable","Application File","false","2024-12-02 17:42:52"
"Wizard Client Script","expert_script_client","Client Script","false","2024-12-02 17:42:52"
"Wizard UI Policy","expert_ui_policy","UI Policy","false","2024-12-02 17:42:51"
"Wizard UI Policy Action","expert_ui_policy_action","UI Policy Action","false","2024-12-02 17:42:51"
"Wizard Variable","expert_variable","Question","false","2024-12-02 17:42:52"
"Featured Content","featured_content","","false","2024-12-02 18:04:12"
"File Discovery Agent Sync","file_discovery_agent_sync","","false","2024-12-02 17:45:54"
"Expense Line","fm_expense_line","","false","2024-12-02 17:40:49"
"FX Currency Configuration","fx_configuration","Application File","false","2024-12-02 17:31:06"
"Currency Conversion Rate","fx_conversion_rate","","true","2024-12-02 17:31:06"
"Currency","fx_currency","","false","2024-12-02 17:27:08"
"FX Currency","fx_currency2_instance","","false","2024-12-02 17:31:06"
"Currency Instance","fx_currency_instance","","false","2024-12-02 17:27:07"
"Currency Test","fx_currency_test","","false","2024-12-02 17:27:07"
"Price","fx_price","","false","2024-12-02 17:27:07"
"Price Test","fx_price_test","","false","2024-12-02 17:27:07"
"Exchange Rate","fx_rate","","false","2024-12-02 17:27:08"
"System Currency Conversion Rate","fx_system_rate","Currency Conversion Rate","false","2024-12-02 17:31:06"
"Guidance","ga_guidance","Application File","false","2024-12-02 18:21:39"
"Guidance Action","ga_guidance_action","Application File","false","2024-12-02 18:21:39"
"Guidance Component","ga_guidance_component","Application File","false","2024-12-02 18:21:38"
"Guidance History","ga_guidance_history","","false","2024-12-02 18:21:38"
"Guidance Input","ga_guidance_input","Variables","false","2024-12-02 18:21:39"
"Guidance Instance Execution","ga_guidance_instance_execution","","false","2024-12-02 18:21:39"
"Guidance Output","ga_guidance_output","Variables","false","2024-12-02 18:21:39"
"GCF Definition Collection","gcf_definition_collection","","false","2024-12-02 17:29:00"
"GCF Definition Collection V2","gcf_definition_collection_v2","UsageAnalytics Definitions Base","false","2024-12-02 17:28:59"
"GCF External Staging Table","gcf_external_staging","","false","2024-12-02 17:29:00"
"GCF External Staging Table","gcf_external_staging0000","","false","2024-12-02 18:07:59"
"GCF External Staging Table","gcf_external_staging0001","","false","2024-12-02 18:07:59"
"GCF External Staging Table","gcf_external_staging0002","","false","2024-12-02 18:07:59"
"GCF External Staging Table","gcf_external_staging0003","","false","2024-12-02 18:07:59"
"GCF Internal Staging Table","gcf_internal_staging","","false","2024-12-02 17:29:00"
"GCF Licensing Count","gcf_licensing_count","","false","2024-12-02 17:28:59"
"GCF Allowed Excluded Table Collection","gcf_table_exclusion_config","","false","2024-12-02 17:29:00"
"Global","global","","false","2024-12-02 17:23:09"
"Global Custom Tables Recommendation","global_custom_tables_recommendation","","false","2024-12-02 18:15:43"
"Goal","goal","","false","2024-12-02 17:40:51"
"Google Cloud Credentials","google_cloud_credentials","Credentials","false","2024-12-02 17:46:34"
"Group Allocation Data","group_allocation_data","","false","2024-12-02 18:15:45"
"group allocation data m2m subscription detail","group_allocation_data_m2m_subscription_detail","","false","2024-12-02 18:15:45"
"Subscription Group","group_has_subscription","","false","2024-12-02 18:15:46"
"Guided Setup Change Log","gsw_change_log","Application File","false","2024-12-02 17:55:44"
"Guided Setup Content","gsw_content","Application File","true","2024-12-02 17:55:44"
"Guided Setup Group","gsw_content_group","Guided Setup Content","false","2024-12-02 17:55:44"
"Guided Setup Information","gsw_content_information","Guided Setup Content","false","2024-12-02 17:55:45"
"Guided Setup Content Status","gsw_status_of_content","Application File","false","2024-12-02 17:55:44"
"Guided Setup Task","gsw_task","Task","false","2024-12-02 18:09:47"
"Guided Setup Entitlement Plugin Mapping","gs_entitlement_plugin_mapping","","false","2024-12-02 18:03:43"
"Guided Setup Configuration","guided_setup_configuration","Application File","false","2024-12-02 17:55:43"
"Guided Setup Configuration Response","guided_setup_configuration_response","","false","2024-12-02 17:55:42"
"Guided Setup Configuration Rule","guided_setup_configuration_rule","Application File","false","2024-12-02 17:55:43"
"Guided Setup Rule Categories","guided_setup_rule_categories","Application File","false","2024-12-02 17:55:43"
"Guided Setup Rule On Category","guided_setup_rule_on_category","Application File","false","2024-12-02 17:55:43"
"Hash Message Verification","hash_message_verification","Auth Key Verification","false","2024-12-02 17:46:14"
"Connectivity Test","ha_connectivity_test","","false","2024-12-02 17:24:59"
"Connectivity Test Result","ha_connectivity_test_result","","false","2024-12-02 17:24:59"
"Help Answer","help_answer","Application File","false","2024-12-02 17:54:36"
"Help Content","help_content","Application File","false","2024-12-02 17:54:36"
"Guidance","help_guidance","Application File","false","2024-12-02 17:54:36"
"Help Guidance Step","help_guidance_step","Application File","false","2024-12-02 17:54:36"
"Guidance Task","help_guidance_task","Task","false","2024-12-02 17:54:36"
"Help M2M Step Dependency","help_m2m_step_dependency","Application File","false","2024-12-02 17:54:36"
"Help Question","help_question","Application File","false","2024-12-02 17:54:36"
"Setup Dependency","help_setup_dependency","Application File","false","2024-12-02 17:54:36"
"User Interaction","help_user_interaction","","false","2024-12-02 17:54:36"
"Help User Interaction Log","help_user_interaction_log","","false","2024-12-02 17:54:36"
"User Interaction Step","help_user_interaction_step","","false","2024-12-02 17:54:36"
"HMAC Config","hmac_config","Application File","false","2024-12-02 17:59:17"
"HMAC Secret","hmac_secret","Auth Credential","false","2024-12-02 17:59:17"
"Http Authentication Profile Using Request Body","http_body_auth","Authentication Profile","false","2024-12-02 17:59:14"
"HTTP(s) Connection","http_connection","Connection","false","2024-12-02 17:46:17"
"Http Authentication Profile Using HMAC","http_hmac_auth","Authentication Profile","false","2024-12-02 17:59:17"
"Http Authentication Profile Using API Key","http_key_auth","Authentication Profile","false","2024-12-02 17:59:17"
"HTTP Retry Conditions","http_retry_conditions","","false","2024-12-02 17:46:16"
"IAM Job Progress","iamsync_progress","","false","2024-12-02 17:28:44"
"Federated ID Criteria","iamsync_type","Application File","false","2024-12-02 17:28:44"
"IANA Enterprise Number","iana_enterprise_numbers","","false","2024-12-02 17:39:48"
"IH Transaction Exclusion","ih_transaction_exclusion","","false","2024-12-02 17:28:46"
"Import Log","import_log","Log Entry","false","2024-12-02 17:24:49"
"Import Log","import_log0000","Log Entry","false","2024-12-02 17:45:02"
"Import Log","import_log0001","Log Entry","false","2024-12-02 17:45:03"
"Import Log","import_log0002","Log Entry","false","2024-12-02 17:45:04"
"Import Log","import_log0003","Log Entry","false","2024-12-02 17:45:05"
"Import Log","import_log0004","Log Entry","false","2024-12-02 17:45:06"
"Import Log","import_log0005","Log Entry","false","2024-12-02 17:45:07"
"Import Log","import_log0006","Log Entry","false","2024-12-02 17:45:08"
"Import Log","import_log0007","Log Entry","false","2024-12-02 17:45:10"
"Action Execution History","import_set_flow_engine_context","","false","2024-12-02 17:24:53"
"Computer","imp_computer","Import Set Row","false","2024-12-02 17:40:29"
"JSON Event Sink","imp_json_event_sink","Import Set Row","false","2024-12-02 17:31:04"
"Location","imp_location","Import Set Row","false","2024-12-02 17:40:29"
"Notification","imp_notification","Import Set Row","false","2024-12-02 17:40:29"
"Goal Import Set","imp_sn_gf_goal","Import Set Row","false","2024-12-02 18:29:08"
"Target Import Set","imp_sn_gf_goal_target","Import Set Row","false","2024-12-02 18:29:09"
"User","imp_user","Import Set Row","false","2024-12-02 17:40:29"
"Authentication Profile","inbound_auth_profile","Application File","true","2024-12-02 17:59:14"
"Incident","incident","Task","false","2024-12-02 18:09:47"
"Incident Fact Table","incident_fact_table","","false","2024-12-02 17:23:12"
"Incident Task","incident_task","Task","false","2024-12-02 17:41:33"
"ServiceNow Instance","instance","","false","2024-12-02 17:24:59"
"Allowed Tables","instance_toggle_allowed_tables","","false","2024-12-02 18:28:48"
"Not Allowed Tables","instance_toggle_notallowed_tables","","false","2024-12-02 18:28:48"
"Interaction","interaction","","true","2024-12-02 17:59:55"
"Interaction Context","interaction_context","","false","2024-12-02 17:59:56"
"JSON Blob","interaction_json_blob","","false","2024-12-02 17:59:56"
"Interaction Log","interaction_log","","false","2024-12-02 17:59:56"
"Interaction Related Record","interaction_related_record","","false","2024-12-02 17:59:55"
"Interaction Relationship Policy","interaction_relationship_policy","Application File","false","2024-12-02 17:59:55"
"Interaction Wrap Up Configuration","interaction_wrap_up_configuration","","false","2024-12-02 17:59:55"
"Catalog Variable Set","io_set_delivery_plan","Application File","false","2024-12-02 17:44:28"
"Catalog Variable Set","io_set_item","Application File","false","2024-12-02 17:43:37"
"IP Address Access Control","ip_access","","false","2024-12-02 17:45:25"
"IP collection","ip_address_collection","","true","2024-12-02 17:46:22"
"IP address","ip_address_item","","false","2024-12-02 17:46:35"
"IP address list","ip_address_list","IP collection","false","2024-12-02 17:46:35"
"List of IP addresses","ip_address_list_item_m2m","","false","2024-12-02 17:46:23"
"IP Range","ip_address_range","IP collection","false","2024-12-02 17:46:24"
"Subnet","ip_address_subnet","IP collection","false","2024-12-02 17:46:23"
"List of subnets associated with a discovery status","ip_address_subnet_dscy_status_m2m","","false","2024-12-02 17:46:35"
"IP Exclusion","ip_exclusion","","false","2024-12-02 17:46:24"
"IP Service Affinity","ip_service_affinity","","false","2024-12-02 17:46:33"
"IRE Mutex","ire_mutex","","false","2024-12-02 17:37:00"
"ITAM Asset Usage","itam_asset_usage","","false","2024-12-02 17:40:57"
"ITAM CI Usage","itam_ci_usage","","false","2024-12-02 17:40:55"
"ITAM Licensing Resource Counts","itam_licensing_resource_counts","","false","2024-12-02 17:40:54"
"Variable Category","item_option_category","Application File","false","2024-12-02 17:43:38"
"Variable Layout","item_option_layout","Question","false","2024-12-02 17:43:37"
"Variable","item_option_new","Question","true","2024-12-02 17:40:33"
"Producer Set","item_option_new_producer_set","Variable Set","false","2024-12-02 18:03:09"
"Variable Set","item_option_new_set","Application File","true","2016-01-14 06:15:57"
"SLA/OLA General CI relationships","itil_agreement_ci","","false","2024-12-02 17:39:48"
"SLA/OLA Business Owners","itil_agreement_owners","","false","2024-12-02 17:39:48"
"SLA/OLA Reports","itil_agreement_reports","","false","2024-12-02 17:39:46"
"SLA/OLA Business Owners","itil_agreement_support","","false","2024-12-02 17:39:46"
"SLA/OLA Targeted Items","itil_agreement_target_ci","","false","2024-12-02 17:39:47"
"Appointment","itil_appointment","","false","2024-12-02 17:39:47"
"Licensing Definition Usage Count","itom_lu_definition_usage_count","","false","2024-12-02 17:46:25"
"JDBC Connection","jdbc_connection","Connection","false","2024-12-02 17:46:16"
"JDBC Credentials","jdbc_credentials","Credentials","false","2024-12-02 17:46:37"
"JDBC Retry Conditions","jdbc_retry_conditions","","false","2024-12-02 17:46:17"
"JMS Credentials","jms_credentials","Credentials","false","2024-12-02 17:46:33"
"Round Robin Archive","jrobin_archive","Application File","false","2024-12-02 17:24:38"
"JRobin Database","jrobin_database","","false","2024-12-02 17:24:37"
"Round Robin Data Source","jrobin_datasource","Application File","false","2024-12-02 17:24:38"
"Round Robin Definition","jrobin_definition","Application File","false","2024-12-02 17:24:38"
"Round Robin Graph","jrobin_graph","Application File","false","2024-12-02 17:24:37"
"Graph Line","jrobin_graph_line","Application File","false","2024-12-02 17:24:37"
"Round Robin Graph Set","jrobin_graph_set","Application File","false","2024-12-02 17:24:38"
"Member","jrobin_graph_set_member","Application File","false","2024-12-02 17:24:38"
"JRobin Shard","jrobin_shard","","false","2024-12-02 17:24:38"
"JRobin Shard Fragments","jrobin_shard_location","","false","2024-12-02 17:24:38"
"JWT Claim Validation","jwt_claim_validation","Application File","false","2024-12-02 17:27:38"
"JWT Keys","jwt_keystore_aliases","Application File","false","2024-12-02 17:27:37"
"JWT Provider","jwt_provider","Application File","false","2024-12-02 17:27:37"
"Jwt Verifier Map","jwt_verifier_map","Application File","false","2024-12-02 17:27:38"
"Kafka SSL credentials","kafka_ssl_credentials","Credentials","false","2024-12-02 17:46:25"
"Related Articles","kb_2_kb","","false","2024-12-02 17:42:36"
"Related Catalog Items","kb_2_sc","","false","2024-12-02 17:42:36"
"Article Checklist Answer","kb_article_checklist_answer","","false","2024-12-02 18:01:12"
"Article Checklist Summary","kb_article_checklist_summary","","false","2024-12-02 18:01:13"
"Article Template","kb_article_template","Application File","false","2024-12-02 18:01:14"
"Article Template Field","kb_article_template_definition","Application File","false","2024-12-02 18:01:15"
"Knowledge Category","kb_category","","false","2024-12-02 17:42:40"
"Checklist Question","kb_checklist_question","Application File","false","2024-12-02 18:01:14"
"Knowledge Feedback","kb_feedback","","false","2024-12-02 17:42:39"
"Knowledge Feedback Task","kb_feedback_task","Task","false","2024-12-02 17:42:38"
"Knowledge keyword","kb_keyword","Application File","false","2024-12-02 17:42:39"
"Knowledge","kb_knowledge","","true","2024-12-02 17:42:37"
"Knowledge Base","kb_knowledge_base","","false","2024-12-02 17:42:38"
"Request new Knowledge Base","kb_knowledge_base_request","Request","false","2024-12-02 17:42:39"
"Knowledge keyword","kb_knowledge_keyword","Application File","false","2024-12-02 17:42:38"
"Knowledge Summary","kb_knowledge_summary","","false","2024-12-02 18:01:12"
"Knowledge Nav-ons","kb_navons","Application File","false","2024-12-02 17:42:40"
"AQI Checklist","kb_quality_checklist","Application File","false","2024-12-02 18:01:14"
"Social Q&A Answer","kb_social_qa_answer","","false","2017-03-01 12:06:19"
"Social Q&A Comment","kb_social_qa_comment","","false","2017-03-01 12:07:56"
"Social Q&A Question","kb_social_qa_question","","false","2017-03-01 12:08:01"
"Social Q&A Subscribe","kb_social_qa_subscribe","","false","2024-12-02 17:52:47"
"Social Q&A View","kb_social_qa_view","","false","2024-12-02 17:52:47"
"Social Q&A Vote","kb_social_qa_vote","","false","2024-12-02 17:52:48"
"KB Submission","kb_submission","Task","false","2024-12-02 17:42:39"
"FAQ","kb_template_faq","Knowledge","false","2024-12-02 18:01:13"
"How To","kb_template_how_to","Knowledge","false","2024-12-02 18:01:13"
"KCS Article","kb_template_kcs_article","Knowledge","false","2024-12-02 18:01:14"
"Known Error article","kb_template_known_error_article","Knowledge","false","2024-12-02 18:06:02"
"Which templates are enabled in a knowledge base","kb_template_m2m_knowledge_base","","false","2024-12-02 18:01:12"
"What Is","kb_template_what_is","Knowledge","false","2024-12-02 18:01:13"
"Who Cannot Contribute To Knowledge Base","kb_uc_cannot_contribute_mtom","Application File","false","2024-12-02 17:42:36"
"Who Cannot Read Knowledge Base","kb_uc_cannot_read_mtom","Application File","false","2024-12-02 17:42:38"
"Who Can Contribute To Knowledge Base","kb_uc_can_contribute_mtom","Application File","false","2024-12-02 17:42:36"
"Who Can Read Knowledge Base","kb_uc_can_read_mtom","Application File","false","2024-12-02 17:42:37"
"Knowledge Usage Metrics","kb_usage_metrics","","false","2024-12-02 17:42:39"
"Knowledge Use","kb_use","","false","2024-12-02 17:42:39"
"Knowledge Version","kb_version","","false","2024-12-02 18:01:14"
"SSL Keystore Credentials","keystore_credentials","Credentials","false","2024-12-02 17:46:33"
"KPI Signals Task","kpi_signals_task","Analytics Task","false","2024-12-02 18:03:54"
"Tag","label","","false","2024-12-02 17:27:26"
"Label Auto","label_auto","","false","2024-12-02 17:27:25"
"Label Entry","label_entry","","false","2024-12-02 17:27:25"
"Group Seeing Tag","label_group_m2m","","false","2024-12-02 17:27:26"
"Label History","label_history","","false","2024-12-02 17:27:26"
"Label Table","label_table","","false","2024-12-02 17:27:26"
"User Tag","label_user_m2m","","false","2024-12-02 17:27:26"
"LDAP OU Definition","ldap_ou_config","Application File","false","2024-12-02 17:41:50"
"LDAP Server","ldap_server_config","Application File","false","2024-12-02 17:41:51"
"LDAP Server URL","ldap_server_url","Application File","false","2024-12-02 17:41:50"
"Agreement type","licence_type","","false","2024-12-02 17:47:48"
"Subscription Application","licensable_app","","false","2015-06-01 14:42:37"
"License Action","license_action","","false","2024-12-02 17:49:55"
"License Action Artifact Pair","license_action_artifact_pair","","false","2024-12-02 17:49:55"
"License Action Artifact Query Config","license_action_artifact_query_config","","false","2024-12-02 17:49:59"
"License Artifact","license_artifact","","false","2024-12-02 17:50:03"
"License Artifact Query Config","license_artifact_query_config","","false","2024-12-02 17:50:02"
"Custom Subscription Role","license_custom_role","Subscription Role","false","2024-12-02 17:49:58"
"Custom Table Allotment","license_cust_table_allotment","","false","2024-12-02 17:49:57"
"License Dashboard","license_dashboard","License metadata","false","2024-12-02 17:49:59"
"License dashboard inventory","license_dashboard_inventory","","false","2024-12-02 17:50:02"
"Subscription","license_details","","false","2015-03-16 16:51:48"
"Subscription Audit Log","license_details_audit_log","","false","2024-12-02 17:50:14"
"Deleted User Subscription","license_details_deleted","","false","2024-12-02 17:50:13"
"Subscription Line Item","license_details_item","","false","2024-12-02 17:50:14"
"License Detail Metric History","license_detail_metric_history","","false","2024-12-02 17:50:00"
"Subscription Entitlement Reason","license_entl_reason","","false","2024-12-02 17:49:58"
"Application Entitlement","license_family","","false","2024-12-02 17:49:56"
"License GenAI Metadata","license_genai_metadata","License metadata","false","2024-12-02 17:50:01"
"Subscribed Group","license_group_has_subscription","","false","2024-12-02 17:50:14"
"Deleted Subscription Group","license_group_to_deleted_subscription","","false","2024-12-02 17:50:01"
"Application","license_has_app","","false","2015-06-01 14:42:45"
"Entitlement","license_has_entitlement","","false","2024-12-02 17:50:00"
"Subscription Has Application Entitlement","license_has_family","License metadata","false","2024-12-02 17:50:04"
"User Sets for subscriptions","license_has_user_set","","false","2024-12-02 17:50:14"
"IH Feature","license_ih_feature","License metadata","false","2024-12-02 17:49:59"
"IH Protocol","license_ih_protocol","License metadata","false","2024-12-02 17:49:56"
"IH Spoke","license_ih_spoke","License metadata","false","2024-12-02 17:49:57"
"Integration Hub Spoke Action","license_ih_spoke_action","License metadata","false","2024-12-02 17:50:00"
"Authorized Integration Hub caller scope","license_ih_spoke_caller_scope","License metadata","false","2024-12-02 17:49:57"
"ITOM CI subscription unit ratio","license_itom_ci_su_ratio","License metadata","false","2024-12-02 17:50:02"
"License Key Value Query","license_kv_query","","false","2024-12-02 17:50:00"
"License Measured Role Mapping","license_measured_role_mapping","","false","2024-12-02 18:15:47"
"License metadata","license_metadata","","true","2024-12-02 17:49:56"
"Subscription pool","license_pool","License metadata","false","2024-12-02 17:49:59"
"Subscription Role","license_role","","true","2024-12-02 17:49:57"
"Discovered Role for Subscription","license_role_discovered","","false","2024-12-02 18:15:46"
"License Role Discovery Run","license_role_discovery_run","","false","2024-12-02 18:15:47"
"Roles Accessing Custom Table","license_role_to_custom_table","","false","2024-12-02 17:49:58"
"Subscription Role Type","license_role_type","","false","2024-12-02 17:49:57"
"Unmapped Custom Table","license_unmapped_custom_table","","false","2024-12-02 17:50:04"
"Licensing Error","licensing_error","","false","2024-12-02 18:15:47"
"Licensing Exclusion","licensing_exclusion","Application File","false","2024-12-02 17:56:08"
"Life Cycle Control","life_cycle_control","Application File","false","2024-12-02 17:35:02"
"Life cycle mapping","life_cycle_mapping","Application File","false","2024-12-02 17:32:47"
"Life Cycle Stage","life_cycle_stage","Application File","false","2024-12-02 17:31:53"
"Life Cycle Stage Status","life_cycle_stage_status","Application File","false","2024-12-02 17:32:55"
"Live Favorite","live_favorite","","false","2024-12-02 17:42:28"
"Live Feed Searches","live_feed_search","","false","2024-12-02 17:28:07"
"Live Follow","live_follow","","false","2024-12-02 17:28:06"
"Live Group Member","live_group_member","","false","2024-12-02 17:28:07"
"Live Group Profile","live_group_profile","","false","2024-12-02 17:28:06"
"Live URL Link","live_link","","false","2024-12-02 17:28:07"
"Live Mention","live_mention","","false","2024-12-02 17:42:28"
"Live Feed Message","live_message","","false","2024-12-02 17:28:07"
"Message Liked by","live_message_like","","false","2024-12-02 17:28:06"
"Live Message Tag","live_message_tag","","false","2024-12-02 17:28:07"
"Notification","live_notification","","false","2024-12-02 17:25:40"
"Live Poll","live_poll","","false","2024-12-02 17:42:27"
"Live Poll Cast","live_poll_cast","","false","2024-12-02 17:42:28"
"Live Poll Options","live_poll_option","","false","2024-12-02 17:42:27"
"Live Profile","live_profile","","false","2024-12-02 17:28:04"
"Live Table Notification","live_table_notification","Application File","false","2024-12-02 17:28:07"
"Live Tag","live_tag","","false","2024-12-02 17:28:06"
"Live Tag Follow","live_tag_follow","","false","2024-12-02 17:28:07"
"Logger Configuration Validation","logger_configuration_validation","","false","2024-12-02 17:23:53"
"Long Runner Poll","long_runner_poll","","false","2024-12-02 17:46:37"
"Analytics Events, Event Fields and Loggers Relations","m2m_analytics_event_logger","","false","2024-12-02 17:49:10"
"Portal Announcements","m2m_announcement_portal","Application File","false","2024-12-02 17:49:47"
"UX App Theme","m2m_app_config_theme","Application File","false","2024-12-02 17:25:54"
"UX Parent App Theme","m2m_app_theme","Application File","false","2024-12-02 17:25:56"
"Exclusion List Rule and Search Suggestion Relations","m2m_blacklist_search_suggestion","","false","2024-12-02 17:49:17"
"Business Calendar Group Relationship","m2m_business_calendar_group_business_calendars","Application File","false","2024-12-02 17:40:09"
"M2m Business Uni Goals","m2m_bu_s_goals","","false","2024-12-02 17:40:51"
"Connected Category","m2m_connected_category","","false","2024-12-02 18:04:11"
"Connected Content","m2m_connected_content","","false","2024-12-02 18:04:11"
"Classified Dictionary Entries","m2m_dictionary_dataclass","Application File","false","2024-12-02 18:03:47"
"Dismissed Announcements","m2m_dismissed_announcement","","false","2024-12-02 17:49:47"
"M2m Enterprise S Goals","m2m_enterprise_s_goals","","false","2024-12-02 17:40:51"
"Fixed asset to asset","m2m_fixed_asset_to_asset","","false","2024-12-02 17:40:52"
"Knowledge Related to Products","m2m_kb_ci","","false","2024-12-02 17:42:37"
"Knowledge Comment Likes","m2m_kb_feedback_likes","","false","2024-12-02 17:42:38"
"Knowledge Applied to Tasks","m2m_kb_task","","false","2024-12-02 17:42:39"
"Map Filter Items","m2m_map_filter_to_filter_item","Application File","false","2024-12-02 17:43:22"
"Map Marker Click Actions","m2m_map_marker_map_marker_click_action","Application File","false","2024-12-02 17:43:21"
"Map Marker Icons","m2m_map_marker_marker_icon","Application File","false","2024-12-02 17:43:21"
"Map Page Markers","m2m_map_page_map_marker","Application File","false","2024-12-02 17:43:22"
"M2M Response Template to Channel","m2m_response_template_to_channel","Application File","false","2024-12-02 18:01:38"
"Custom matchers for Search Application","m2m_search_context_config_custom_matcher","Application File","false","2024-12-02 17:29:45"
"Search Scripted Post-processors","m2m_search_context_config_search_scripted_processor","Application File","false","2024-12-02 17:49:15"
"Application Search Sources","m2m_search_context_config_search_source","Application File","false","2022-01-19 09:54:38"
"Dependency CSS Includes","m2m_sp_dependency_css_include","Application File","false","2024-12-02 17:49:23"
"Dependency JS Includes","m2m_sp_dependency_js_include","Application File","false","2024-12-02 17:49:26"
"Angular Providers 2","m2m_sp_ng_pro_sp_ng_pro","Application File","false","2024-12-02 17:49:25"
"Angular Providers","m2m_sp_ng_pro_sp_widget","Application File","false","2024-12-02 17:49:24"
"Portal Catalog","m2m_sp_portal_catalog","Application File","false","2024-12-02 17:49:27"
"Portal Knowledge Base","m2m_sp_portal_knowledge_base","Application File","false","2024-12-02 17:49:22"
"Search Source","m2m_sp_portal_search_source","Application File","false","2024-12-02 17:49:26"
"Portal Taxonomy","m2m_sp_portal_taxonomy","Application File","false","2024-12-02 17:49:20"
"Public Table Allow List","m2m_sp_public_widget_allow_table","Application File","false","2024-12-02 17:49:24"
"Service Status Subscriptions","m2m_sp_status_subscription","","false","2024-12-02 17:49:46"
"Stylesheets","m2m_sp_theme_css_include","Application File","false","2024-12-02 17:49:19"
"JS Includes","m2m_sp_theme_js_include","Application File","false","2024-12-02 17:49:22"
"Widget Dependency","m2m_sp_widget_dependency","Application File","false","2024-12-02 17:49:25"
"UX Style Assets","m2m_style_asset","Application File","false","2024-12-02 17:25:56"
"NLU Intent Entity","m2m_sys_nlu_intent_entity","Application File","false","2024-12-02 17:29:39"
"NLU Model System Entity","m2m_sys_nlu_model_sys_entity","Application File","false","2024-12-02 17:29:39"
"NLU Utterance Entity","m2m_sys_nlu_utterance_entity","Application File","false","2024-12-02 17:29:39"
"Suggestion Reader and Suggestion Reader Group Relations","m2m_sys_suggestion_reader_sys_suggestion_reader_group","Application File","false","2024-12-02 17:49:17"
"Taxonomy contributors","m2m_taxonomy_contributor","Application File","false","2024-12-02 18:04:11"
"UX Theme Style","m2m_theme_style","Application File","false","2024-12-02 17:25:53"
"User consent information","m2m_user_consent_info","","false","2024-12-02 17:30:28"
"Map","map","","false","2024-12-02 17:41:48"
"Map Cell","map_cell","","false","2024-12-02 17:41:47"
"CI Filters","map_filters","Application File","false","2024-12-02 17:41:47"
"Map Preference","map_preferences","","false","2024-12-02 17:41:47"
"Predefined Filters","map_view","Application File","false","2016-09-07 06:33:56"
"Map View Configuration Types","map_view_ci_type","Application File","false","2024-12-02 17:41:48"
"Map View Relationship Types","map_view_rel_type","Application File","false","2024-12-02 17:41:47"
"Message Auth","message_auth","Provider Auth","false","2024-12-02 17:46:13"
"Metadata Conversion","metadata_clone","Database Clone","false","2024-12-02 18:30:11"
"Metric Definition","metric_definition","Application File","false","2024-12-02 17:46:58"
"Metric","metric_instance","","false","2024-12-02 17:46:58"
"MID Certificate Policy","mid_cert_check_policy","Application File","false","2024-12-02 17:45:47"
"MID Cert Intranet Topology","mid_cert_intranet","Application File","false","2024-12-02 17:45:48"
"MID Deployment Template","mid_deployment_template","","false","2024-12-02 17:45:50"
"MID K8s Deployment Request","mid_k8s_deployment","MID Deployment Request","false","2024-12-02 17:45:54"
"HPAv2 Behavior Policies","mid_k8s_deployment_hpav2_behavior_policies","","false","2024-12-02 17:45:48"
"HPAv2 Metrics","mid_k8s_deployment_hpav2_metrics","","false","2024-12-02 17:45:47"
"MID Profile Application","mid_profile_application_m2m","","false","2024-12-02 17:45:50"
"MID Profile Capability","mid_profile_capability_m2m","","false","2024-12-02 17:45:48"
"MID Profile Cluster","mid_profile_cluster_m2m","","false","2024-12-02 17:45:48"
"MID Profile Config","mid_profile_config","","false","2024-12-02 17:45:54"
"MID Profile IP Range","mid_profile_ip_range_m2m","","false","2024-12-02 17:45:47"
"MID Profile Property","mid_profile_property","","false","2024-12-02 17:45:53"
"MID Profile Wrapper Config","mid_profile_wrapper_config","","false","2024-12-02 17:45:49"
"MID Protocol Profile","mid_protocol_profile_credentials","Credentials","false","2024-12-02 17:46:17"
"Mid Selector Override","mid_selector_override","Application File","false","2024-12-02 17:45:55"
"MID Server Auto Configuration Queue","mid_server_auto_config_queue","Discovery Queue","false","2024-12-02 17:46:22"
"MID Deployment Request","mid_server_deployment","","true","2024-12-02 17:45:52"
"MID Server Lifecycle Event","mid_server_event","","false","2024-12-02 17:45:51"
"MID Server Profile","mid_server_profile","","false","2024-12-02 17:45:51"
"MID Server Tools","mid_server_tools","MID Server Synchronized File","false","2024-12-02 17:45:54"
"Advanced Solution Setting","ml_advanced_solution_settings","Application File","false","2024-12-02 17:29:22"
"ML Agent Zero Aggregated Data","ml_agent_zero_aggregated_data","","false","2024-12-02 17:29:24"
"ML Artifact Object Store","ml_artifact_object_store","","false","2024-12-02 17:29:24"
"ML Auto Purity Configuration","ml_autopurity_config","","false","2024-12-02 17:29:22"
"ML Auto Train Solution","ml_autotrain_solution","","true","2024-12-02 17:29:22"
"ML Capability","ml_capability","Application File","false","2024-12-02 17:29:21"
"Solution Definition","ml_capability_definition_base","Application File","true","2024-12-02 17:29:22"
"Process Mining Transition Case Detail Definition","ml_capability_definition_case_detail","Solution Definition","false","2024-12-02 18:29:25"
"Classification Definition","ml_capability_definition_classification","Solution Definition","true","2024-12-02 17:29:22"
"Classification Definition Groupby","ml_capability_definition_classification_groupby","Classification Definition","false","2024-12-02 17:29:22"
"Clustering Definition","ml_capability_definition_clustering","Solution Definition","false","2024-12-02 17:29:23"
"Process Mining Interactive Definition","ml_capability_definition_interactive","Solution Definition","false","2024-12-02 18:29:20"
"Process Mining Definition","ml_capability_definition_promin","Solution Definition","false","2024-12-02 18:29:17"
"Process Mining Record Definition","ml_capability_definition_record","Solution Definition","false","2024-12-02 18:29:23"
"Regression Definition","ml_capability_definition_regression","Solution Definition","false","2024-12-02 17:29:22"
"Similarity Definition","ml_capability_definition_similarity","Solution Definition","false","2024-12-02 17:29:24"
"Workflow Definition","ml_capability_definition_workflow","Solution Definition","false","2024-12-02 17:29:24"
"Class Confidence","ml_class","","false","2024-12-02 17:29:24"
"ML Cluster Detail","ml_cluster_detail","","false","2024-12-02 17:29:24"
"Cluster Update","ml_cluster_sol_update","","false","2024-12-02 17:29:26"
"Cluster Summary","ml_cluster_summary","","false","2024-12-02 17:29:25"
"ML Connection Analysis Result","ml_connection_analysis_result","","false","2024-12-02 17:29:26"
"Data Analysis Update","ml_data_analysis_sol_update","","false","2024-12-02 17:29:25"
"ML Datacenter VIP Map","ml_dc_vip","","false","2024-12-02 17:29:26"
"Excluded Classes","ml_excluded_classes","Application File","false","2024-12-02 17:29:24"
"ML prediction feedback","ml_feedback","LanguageX Prediction Result","false","2024-12-02 17:29:26"
"ML Labeled Data","ml_labeled_data","Application File","false","2024-12-02 17:29:24"
"Label Candidate Data","ml_label_candidate","","false","2024-12-02 17:29:22"
"ML Label User Feedback","ml_label_user_feedback","","false","2024-12-02 18:18:04"
"LanguageX Prediction Result","ml_language_x_prediction_result","","true","2024-12-02 17:29:26"
"ML Model Store","ml_model_artifact","","false","2024-12-02 17:29:22"
"Model Threshold Optimization Metric","ml_model_threshold_optimization_metric","","false","2024-12-02 17:29:25"
"PA Predicted Output","ml_pa_predicted_output","","false","2024-12-02 17:29:24"
"PA Solution Version","ml_pa_solution_version","","false","2024-12-02 17:29:26"
"Precision Coverage Lookup","ml_pc_lookup","","false","2024-12-02 17:29:21"
"Predictor Prefix","ml_predictor_prefix","","false","2024-12-02 17:29:23"
"Predictor Result","ml_predictor_results","","true","2024-12-02 17:29:25"
"Predictor Result for Task","ml_predictor_results_task","Predictor Result","false","2024-12-02 17:29:25"
"Similarity Example","ml_similarity_example","","false","2024-12-02 17:29:25"
"ML Solution","ml_solution","","false","2024-12-02 17:29:22"
"ML Solution Definition","ml_solution_definition","Application File","false","2024-12-02 17:29:26"
"Solution Feature Stat","ml_solution_feature_stats","","false","2024-12-02 17:29:24"
"ML Form Processing Rule","ml_solution_form_processing_rule","","false","2024-12-02 17:29:25"
"ML Form Processing Rule Mapping","ml_solution_form_processing_rule_mapping","","false","2024-12-02 17:29:26"
"ML Form Processing Rule Set","ml_solution_form_processing_rule_set","","false","2024-12-02 17:29:21"
"ML Solution Parameters","ml_solution_parameters","Application File","false","2024-12-02 17:29:26"
"Solution Statistic","ml_solution_stats","","false","2024-12-02 17:29:26"
"ML Similarity Solution Vectors","ml_solution_vectors","","false","2024-12-02 17:29:23"
"Stopwords","ml_stopwords","","false","2024-12-02 17:29:25"
"Solution Template","ml_trainer_definition","Application File","false","2018-11-19 10:40:21"
"Training Request Schedule","ml_training_request_schedule","Scheduled Job","false","2024-12-02 17:29:26"
"ML Update Set","ml_update_set","","false","2024-12-02 17:29:24"
"Word corpus","ml_word_vector_corpus","","false","2024-12-02 17:29:22"
"Word Corpus Content","ml_word_vector_corpus_details","","false","2024-12-02 17:29:22"
"Word vector corpus version","ml_word_vector_corpus_versions","","false","2024-12-02 17:29:26"
"Meeting Agenda Item","mtg_agenda_item","","true","2024-12-02 17:57:28"
"Meeting Attendee","mtg_attendee","","true","2024-12-02 17:57:29"
"Meeting Definition","mtg_definition","Schedule","true","2024-12-02 17:57:30"
"Meeting","mtg_meeting","","true","2024-12-02 17:57:29"
"Meeting Runtime State","mtg_runtime_state","","true","2024-12-02 17:57:30"
"Multi-factor Browser Fingerprint","multi_factor_browser_fingerprint","","false","2024-12-02 17:31:10"
"Multi-factor Criteria","multi_factor_criteria","","false","2024-12-02 17:31:10"
"Multi-factor Role","multi_factor_role","","false","2024-12-02 17:31:10"
"Available CI icons","ngbsm_ci_icons","","false","2024-12-02 17:42:03"
"Map Icons","ngbsm_ci_type_icon","","false","2024-12-02 17:42:03"
"Menu Action","ngbsm_context_menu","Application File","false","2016-02-16 00:52:05"
"Map Filter","ngbsm_filter","","false","2024-12-02 17:42:03"
"Related Item","ngbsm_related_item","Application File","false","2024-12-02 17:42:03"
"Dependency Types","ngbsm_script","Application File","false","2024-12-02 17:42:03"
"Map View","ngbsm_view","","false","2024-12-02 17:42:03"
"NLQ Cmdb Implicit Relationship","nlq_cmdb_implicit_relationship","Application File","false","2024-12-02 18:03:35"
"NLQ Query Log","nlq_query_log","","false","2024-12-02 18:03:34"
"NLQ Query Log","nlq_query_log0000","","false","2024-12-02 18:03:37"
"NLQ Query Log","nlq_query_log0001","","false","2024-12-02 18:03:38"
"NLQ Query Log","nlq_query_log0002","","false","2024-12-02 18:03:38"
"NLQ Query Log","nlq_query_log0003","","false","2024-12-02 18:03:38"
"NLQ Query Log","nlq_query_log0004","","false","2024-12-02 18:03:38"
"NLQ Query Log","nlq_query_log0005","","false","2024-12-02 18:03:39"
"NLQ Semantic Shortcut","nlq_semantic_shortcut","Application File","false","2024-12-02 18:03:35"
"NLQ Synonym","nlq_synonym","Application File","false","2024-12-02 18:03:35"
"NLQ Table Guesser Query Log","nlq_table_guesser_query_log","","false","2024-12-02 18:03:35"
"NLQ Table Guesser Query Log","nlq_table_guesser_query_log0000","","false","2024-12-02 18:03:40"
"NLQ Table Guesser Query Log","nlq_table_guesser_query_log0001","","false","2024-12-02 18:03:40"
"NLQ Table Guesser Query Log","nlq_table_guesser_query_log0002","","false","2024-12-02 18:03:40"
"NLQ Table Guesser Query Log","nlq_table_guesser_query_log0003","","false","2024-12-02 18:03:40"
"NLQ Table Guesser Query Log","nlq_table_guesser_query_log0004","","false","2024-12-02 18:03:40"
"NLQ Table Guesser Query Log","nlq_table_guesser_query_log0005","","false","2024-12-02 18:03:41"
"NLU Model Analysis Definition","nlu_analysis_definition","","false","2024-12-02 18:18:02"
"NLU Model Analysis Execution","nlu_analysis_execution","","false","2024-12-02 18:18:03"
"NLU Batch Test Result","nlu_batch_test_result","","false","2024-12-02 18:18:03"
"NLU Batch Test Run Definition","nlu_batch_test_run_definition","","false","2024-12-02 18:18:04"
"NLU Batch Test Run Execution","nlu_batch_test_run_execution","","false","2024-12-02 18:18:04"
"NLU Batch Test Set","nlu_batch_test_set","","false","2024-12-02 18:18:03"
"NLU Batch Test Utterance","nlu_batch_test_utterance","","false","2024-12-02 18:18:02"
"NLU Conflict definition","nlu_conflict_definition","","false","2024-12-02 18:18:02"
"NLU Conflict Execution","nlu_conflict_execution","","false","2024-12-02 18:18:02"
"NLU Conflict Result","nlu_conflict_result","","false","2024-12-02 18:18:03"
"NLU Performance Ignored Clusters","nlu_performance_ignored_clusters","","false","2024-12-02 18:18:02"
"NLU Performance Utterance Trace","nlu_performance_utterance_trace","","false","2024-12-02 18:18:04"
"Node Log Download Information","node_log_download_info","","false","2024-12-02 17:41:58"
"Notification condition","notification_condition","Application File","false","2024-12-02 17:25:31"
"Notification Filter","notification_filter","Application File","false","2024-12-02 17:25:32"
"Notification Route","notification_route","Application File","true","2024-12-02 17:50:40"
"OAuth 2.0 Credentials","oauth_2_0_credentials","Credentials","false","2024-12-02 17:46:33"
"OAuth Credential","oauth_credential","","false","2024-12-02 17:27:38"
"Application Registries","oauth_entity","Application File","true","2024-12-02 17:27:37"
"Auth Scopes","oauth_entity_auth_scope_mapping","Application File","false","2024-12-02 17:27:37"
"OAuth Entity Profile","oauth_entity_profile","Application File","false","2024-12-02 17:27:38"
"OAuth Entity Profile Scope","oauth_entity_profile_scope","Application File","false","2024-12-02 17:27:37"
"OAuth Entity Profile Verification","oauth_entity_profile_verification","Auth Key Verification","false","2024-12-02 17:46:13"
"OAuth Entity Scope","oauth_entity_scope","Application File","false","2024-12-02 17:27:38"
"JWT External Token","oauth_external_token","","false","2024-12-02 17:27:37"
"OAuth Intitator Paramters","oauth_initiator_parameters","","false","2024-12-02 17:27:38"
"OAuth JWT","oauth_jwt","Application Registries","false","2024-12-02 17:27:37"
"OAuth JWT Claim Validation","oauth_jwt_claims","Application File","false","2024-12-02 17:27:38"
"OAuth OIDC Entity","oauth_oidc_entity","Application Registries","false","2024-12-02 17:27:38"
"OIDC External Token","oauth_oidc_external_token","","false","2024-12-02 17:27:37"
"OAuth Requestor Profile","oauth_requestor_profile","","false","2024-12-02 17:27:38"
"OAuth Session Attribute","oauth_session_attribute","","false","2024-12-02 17:27:38"
"OIDC Provider Configuration","oidc_provider_configuration","Application File","false","2024-12-02 17:27:37"
"OIDC Token Verification","oidc_token_verification","Auth Key Verification","false","2024-12-02 17:46:14"
"OLA","ola","Agreement","false","2024-12-02 17:39:46"
"OLA Monitors","ola_monitors","","false","2024-12-02 17:39:47"
"One API Feature","one_api_feature","Application File","false","2024-12-02 17:29:01"
"One API Feature Provider","one_api_feature_provider","Application File","false","2024-12-02 17:29:02"
"One API Service Plan","one_api_service_plan","Application File","false","2024-12-02 17:29:01"
"One API Service Plan Feature","one_api_service_plan_feature","Application File","false","2024-12-02 17:29:02"
"One API Service Plan Feature Invocation","one_api_service_plan_feature_invocation","","false","2024-12-02 17:29:01"
"One API Service Plan Invocation","one_api_service_plan_invocation","","false","2024-12-02 17:29:02"
"One API Variable Store","one_api_variable_store","","false","2024-12-02 17:29:02"
"On-Call Add Member","on_call_add_member","","false","2024-12-02 17:59:19"
"On-Call Communication Type","on_call_communication_type","","false","2024-12-02 17:59:24"
"On-Call Escalation","on_call_escalation","","false","2024-12-02 17:59:23"
"On-Call Escalation Notification","on_call_escalation_comm","","false","2024-12-02 17:59:22"
"On-Call Escalation Contact Attempt","on_call_escalation_con_attempt","","false","2024-12-02 17:59:20"
"On-Call Escalation Level","on_call_escalation_level","","false","2024-12-02 17:59:24"
"On-Call Escalation Response","on_call_escalation_response","","false","2024-12-02 17:59:18"
"Group Escalation","on_call_group_escalation","","false","2024-12-02 17:59:22"
"On-Call Group Preference","on_call_group_preference","","false","2024-12-02 17:59:21"
"On-Call Remove Member","on_call_remove_member","","false","2024-12-02 17:59:19"
"On-Call Move Member","on_call_swap_member","","false","2024-12-02 17:59:21"
"On-Call Contact Attempt Template","on_call_template_contact_attempt","","false","2024-12-02 17:59:21"
"On-Call Contact Preference Template","on_call_template_contact_preference","","false","2024-12-02 17:59:23"
"On-Call Escalation Policy Template","on_call_template_escalation_policy","","false","2024-12-02 17:59:25"
"On-Call Escalation Step Template","on_call_template_escalation_step","","false","2024-12-02 17:59:25"
"On-Call User Contact Preference","on_call_user_contact_preference","","false","2024-12-02 17:59:22"
"On-Call User Preference","on_call_user_preference","","false","2024-12-02 17:59:26"
"NLU Dialog Act","open_nlu_dialog_act","Application File","false","2024-12-02 18:24:12"
"NLU Dialog Act Config","open_nlu_dialog_act_config","Application File","false","2024-12-02 18:24:18"
"Open NLU Driver","open_nlu_driver","Application File","false","2024-12-02 18:24:12"
"Open NLU Driver Http Connection","open_nlu_driver_http_connection","","false","2024-12-02 18:24:18"
"Open NLU Driver Language","open_nlu_driver_language","Application File","false","2024-12-02 18:24:18"
"Open NLU Predict Dialog Act Feedback","open_nlu_predict_dialog_act_feedback","Open NLU Predict Feedback","false","2024-12-02 18:24:18"
"Open NLU Predict Entity Feedback","open_nlu_predict_entity_feedback","Open NLU Predict Feedback","false","2024-12-02 18:24:18"
"Open NLU Predict Feedback","open_nlu_predict_feedback","","true","2024-12-02 18:24:18"
"Open NLU Predict Intent Feedback","open_nlu_predict_intent_feedback","Open NLU Predict Feedback","false","2024-12-02 18:24:18"
"Open NLU Predict Log","open_nlu_predict_log","Log Entry","false","2024-12-02 18:24:13"
"Open NLU Predict Log","open_nlu_predict_log0000","Log Entry","false","2024-12-02 18:24:16"
"Open NLU Predict Log","open_nlu_predict_log0001","Log Entry","false","2024-12-02 18:24:16"
"Open NLU Predict Log","open_nlu_predict_log0002","Log Entry","false","2024-12-02 18:24:16"
"Open NLU Predict Log","open_nlu_predict_log0003","Log Entry","false","2024-12-02 18:24:16"
"Open NLU Predict Log","open_nlu_predict_log0004","Log Entry","false","2024-12-02 18:24:17"
"Open NLU Predict Log","open_nlu_predict_log0005","Log Entry","false","2024-12-02 18:24:17"
"Open NLU Predict Log","open_nlu_predict_log0006","Log Entry","false","2024-12-02 18:24:17"
"Open NLU Predict Log","open_nlu_predict_log0007","Log Entry","false","2024-12-02 18:24:17"
"Open NLU Predict State Tracking","open_nlu_predict_state_tracking","","false","2024-12-02 18:24:19"
"JMS Connection Factory","orch_jms_ds","Connection","false","2024-12-02 17:46:17"
"Orphan CI Remediation","orphan_ci_remediation","Task","false","2024-12-02 17:36:32"
"Outbound Request Usage Metrics","outbound_request_usage_metrics","Platform Analytics Event Aggregate","false","2024-12-02 17:56:08"
"Platform Analytics Event Aggregate","paf_evt_aggregate","","true","2024-12-02 17:28:47"
"Platform Analytics Event Aggregation Config","paf_evt_agg_cfg","","false","2024-12-02 17:28:46"
"PAR KPI Process Mining Project Mapping","par_automated_kpi_promin_project","","false","2024-12-02 17:53:09"
"PAR Component","par_component","Application File","true","2024-12-02 17:54:39"
"PAR Component Filter","par_component_filter","PAR Component","false","2024-12-02 18:04:59"
"PAR Filter Permission","par_component_filter_permission","PAR Component Permission","false","2024-12-02 18:04:59"
"PAR Component Permission","par_component_permission","","true","2024-12-02 17:54:39"
"PAR Computed Insight","par_computed_insight","","false","2024-12-02 17:53:09"
"PAR Core UI Migration Component Bridge","par_coreui_migration_bridge_component","","false","2024-12-02 17:54:43"
"PAR Core UI Migration Dashboard Bridge","par_coreui_migration_bridge_dashboard","","false","2024-12-02 17:54:42"
"PAR Core UI Migration Scheduled Job Bridge","par_coreui_migration_bridge_sysauto","","false","2024-12-02 17:54:42"
"PAR Core UI Migration Widget Bridge","par_coreui_migration_bridge_widget","","false","2024-12-02 17:54:43"
"PAR Core UI Migration Script","par_coreui_migration_script","Application File","false","2024-12-02 17:54:42"
"PAR Custom Insight Content","par_custom_insight_content","","false","2024-12-02 17:53:09"
"PAR Dashboard","par_dashboard","Application File","false","2024-12-02 17:55:34"
"PAR Dashboard Page Canvas","par_dashboard_canvas","Application File","false","2024-12-02 17:55:35"
"PAR Dashboard Configuration","par_dashboard_config","Application File","false","2024-12-02 17:55:35"
"PAR Dashboard Conversion Backup","par_dashboard_conversion_backup","","false","2024-12-02 17:55:35"
"PAR dashboard filters","par_dashboard_filter","","false","2024-12-02 17:55:36"
"PAR Dashboard Permission","par_dashboard_permission","Application File","false","2024-12-02 17:55:35"
"PAR Dashboard Tab","par_dashboard_tab","Application File","false","2024-12-02 17:55:34"
"PAR Dashboard Metadata","par_dashboard_user_metadata","Application File","false","2024-12-02 17:55:35"
"PAR Dashboard Visibility","par_dashboard_visibility","Application File","false","2024-12-02 17:55:35"
"PAR Dashboard Widget","par_dashboard_widget","Application File","false","2024-12-02 17:55:36"
"Par Export","par_export","","true","2024-12-02 18:18:23"
"Par Export Visualization","par_export_visualization","Par Export","false","2024-12-02 18:18:23"
"PAR Indicator Model","par_indicator_model","","false","2024-12-02 17:53:09"
"PAR Insight User Action","par_insight_user_action","","false","2024-12-02 17:53:09"
"Par Notification","par_notification","","true","2024-12-02 18:18:23"
"Par Notification Email","par_notification_email","Par Notification","false","2024-12-02 18:18:23"
"PAR Recommendation","par_recommendation","","false","2024-12-02 17:53:08"
"PAR Recommendation User Action","par_recommendation_user_action","","false","2024-12-02 17:53:10"
"PAR Visualization","par_visualization","PAR Component","false","2024-12-02 17:54:41"
"PAR Visualization Permission","par_visualization_permission","PAR Component Permission","false","2024-12-02 17:54:40"
"Password Policy","password_policy","","false","2024-12-02 17:31:04"
"Active PA jobs","pa_active_jobs","","false","2024-12-02 17:53:19"
"Time series","pa_aggregates","Application File","false","2024-12-02 17:53:20"
"Breakdown","pa_breakdowns","Application File","false","2024-12-02 17:53:16"
"Breakdown Mapping","pa_breakdown_mappings","Application File","false","2024-12-02 17:53:21"
"Breakdown Relation","pa_breakdown_relations","Application File","false","2024-12-02 17:53:21"
"Bucket","pa_buckets","Application File","false","2024-12-02 17:53:22"
"Bucket group","pa_bucket_groups","Application File","false","2024-12-02 17:53:16"
"Cached scores","pa_cached_scores","","false","2024-12-02 17:53:26"
"PA Business Calendar Retention Period","pa_calendars_retention","Application File","false","2024-12-02 17:53:17"
"Chart color scheme","pa_chart_color_schemes","Application File","false","2024-12-02 17:24:06"
"PA Correlation Analyser State","pa_correlation_analyzer_state","","false","2024-12-02 17:53:17"
"PA Correlation Result","pa_correlation_result","","false","2024-12-02 17:53:25"
"Indicator Source","pa_cubes","Application File","false","2024-12-02 17:53:21"
"Dashboard","pa_dashboards","Application File","false","2024-12-02 17:53:17"
"Dashboard Group","pa_dashboards_group","Application File","false","2024-12-02 17:53:26"
"Dashboard Permissions","pa_dashboards_permissions","Application File","false","2024-12-02 17:54:12"
"Diagnostic","pa_diagnostic","Application File","false","2024-12-02 18:05:54"
"Diagnostic Execution","pa_diagnostic_execution","","false","2024-12-02 18:05:52"
"Diagnostic Log","pa_diagnostic_log","Log Entry","false","2024-12-02 18:05:52"
"Diagnostic Log","pa_diagnostic_log0000","Log Entry","false","2024-12-02 18:05:53"
"Diagnostic Log","pa_diagnostic_log0001","Log Entry","false","2024-12-02 18:05:53"
"Diagnostic Log","pa_diagnostic_log0002","Log Entry","false","2024-12-02 18:05:53"
"Diagnostic Log","pa_diagnostic_log0003","Log Entry","false","2024-12-02 18:05:53"
"Diagnostic Log","pa_diagnostic_log0004","Log Entry","false","2024-12-02 18:05:54"
"Diagnostic Log","pa_diagnostic_log0005","Log Entry","false","2024-12-02 18:05:54"
"Diagnostic Log","pa_diagnostic_log0006","Log Entry","false","2024-12-02 18:05:54"
"Diagnostic Log","pa_diagnostic_log0007","Log Entry","false","2024-12-02 18:05:54"
"Diagnostic Result","pa_diagnostic_result","","false","2024-12-02 18:05:52"
"Breakdown Source","pa_dimensions","Application File","false","2024-12-02 17:53:22"
"Elements Security List","pa_dimensions_acl","Application File","false","2024-12-02 17:53:20"
"Elements List","pa_dimensions_acl_elements","Application File","false","2024-12-02 17:53:13"
"PA Analytics Hub Preferences","pa_ds_preference","","false","2024-12-02 17:53:21"
"External  Element","pa_ext_elements","","false","2024-12-02 17:53:19"
"Pa Favorites","pa_favorites","","false","2024-12-02 17:53:20"
"Elements Filter","pa_filters","Application File","false","2014-09-09 17:25:18"
"Indicator","pa_indicators","Application File","false","2024-12-02 17:53:24"
"Indicator time series exclusion","pa_indicator_aggregate_excl","Application File","false","2024-12-02 17:53:21"
"Indicator Breakdown","pa_indicator_breakdowns","Application File","false","2024-12-02 17:53:27"
"Breakdown matrix exclusions","pa_indicator_breakdown_excl","Application File","false","2024-12-02 17:53:27"
"PA Indicator Source Run Stats","pa_indicator_source_run_stats","","false","2024-12-02 17:53:18"
"PA Indicator usage","pa_indicator_usage","Platform Analytics Event Aggregate","false","2024-12-02 17:53:26"
"PA Job Config","pa_job_config","","false","2024-12-02 17:53:19"
"Job Indicator","pa_job_indicators","Application File","false","2024-12-02 17:53:22"
"Job Indicator Breakdown exclusions","pa_job_indicator_breakdown_ex","Application File","false","2024-12-02 17:53:15"
"Job Log","pa_job_logs","","false","2024-12-02 17:53:20"
"Job Log Row","pa_job_log_rows","Log Entry","false","2024-12-02 17:53:23"
"Job Log Row","pa_job_log_rows0000","Log Entry","false","2024-12-02 17:53:23"
"Job Log Row","pa_job_log_rows0001","Log Entry","false","2024-12-02 17:53:23"
"Job Log Row","pa_job_log_rows0002","Log Entry","false","2024-12-02 17:53:23"
"Job Log Row","pa_job_log_rows0003","Log Entry","false","2024-12-02 17:53:24"
"Job Log Row","pa_job_log_rows0004","Log Entry","false","2024-12-02 17:53:24"
"Job Log Row","pa_job_log_rows0005","Log Entry","false","2024-12-02 17:53:24"
"Job Log Row","pa_job_log_rows0006","Log Entry","false","2024-12-02 17:53:24"
"Job Log Row","pa_job_log_rows0007","Log Entry","false","2024-12-02 17:53:24"
"PA Job Run Status","pa_job_run_stats","","false","2024-12-02 17:53:15"
"Dashboard Breakdown Source","pa_m2m_dashboard_sources","Application File","false","2024-12-02 17:53:15"
"Dashboard Tab","pa_m2m_dashboard_tabs","Application File","false","2024-12-02 17:53:12"
"Notification Indicator","pa_m2m_indicator_notifications","Application File","false","2024-12-02 17:53:19"
"Indicator Notification User","pa_m2m_indicator_notification_users","","false","2024-12-02 17:53:16"
"Indicator Group","pa_m2m_indicator_tags","Application File","false","2024-12-02 17:53:13"
"Indicator Text Indexes","pa_m2m_indicator_text_indexes","Application File","false","2024-12-02 17:53:20"
"Target User","pa_m2m_targets_users","","false","2024-12-02 17:53:15"
"Threshold User","pa_m2m_thresholds_users","","false","2024-12-02 17:53:22"
"Breakdown Widget Indicator","pa_m2m_widget_indicators","Application File","false","2024-12-02 17:53:26"
"Managed Source","pa_managed_sources","Application File","false","2024-12-02 17:53:15"
"Managed Source Indicators","pa_managed_sources_indicators","Application File","false","2024-12-02 17:53:16"
"Manual Breakdown","pa_manual_breakdowns","Application File","false","2024-12-02 17:53:14"
"Ignored Old Score","pa_migration_ignored_scores","","false","2024-12-02 17:54:09"
"PA Responsibility","pa_responsibility","","false","2024-12-02 17:53:16"
"PA Responsibility Table","pa_responsibility_table","","false","2024-12-02 17:53:26"
"Aggregation Value","pa_rw_aggregate","","false","2024-12-02 17:53:16"
"Score","pa_scores","","false","2024-12-02 17:53:19"
"Score Level 1","pa_scores_l1","","false","2024-12-02 17:53:17"
"Score Level 2","pa_scores_l2","","false","2024-12-02 17:53:15"
"Score Migration Groups","pa_scores_migration_groups","","false","2024-12-02 17:54:10"
"Comment","pa_score_notes","","false","2024-12-02 17:53:11"
"Script","pa_scripts","Application File","false","2024-12-02 17:53:20"
"Snapshot","pa_snapshots","","false","2024-12-02 17:53:18"
"Snapshots duplicate","pa_snapshots_duplicates","","false","2024-12-02 17:54:10"
"Tab","pa_tabs","Application File","false","2024-12-02 17:53:13"
"Indicator Group","pa_tags","Application File","false","2024-12-02 17:53:25"
"Target","pa_targets","Application File","false","2024-12-02 17:53:14"
"Target color scheme","pa_target_color_schemes","","false","2024-12-02 17:53:14"
"Target Job","pa_target_jobs","","false","2024-12-02 17:53:18"
"Target value","pa_target_values","Application File","false","2024-12-02 17:53:25"
"Performance Analytics Text Index","pa_text_indexes","","false","2024-12-02 17:53:20"
"Performance Analytics Text Index Configuration","pa_text_index_configurations","Application File","false","2024-12-02 17:53:25"
"Text Index Keywords","pa_text_keywords","Application File","false","2024-12-02 17:53:24"
"Text Index Phrases","pa_text_phrases","Application File","false","2024-12-02 17:53:22"
"Text Analytics Stop Words","pa_text_stop_words","Application File","false","2024-12-02 17:53:14"
"Threshold","pa_thresholds","Application File","false","2024-12-02 17:53:18"
"Unit","pa_units","Application File","false","2024-12-02 17:53:19"
"Widgets","pa_widgets","Application File","false","2024-12-02 17:53:12"
"Widget Element","pa_widget_elements","Application File","false","2024-12-02 17:53:26"
"Widget Indicator","pa_widget_indicators","Application File","false","2015-07-10 05:52:19"
"KPI Signal Baseline","pa_xmr_baselines","","false","2024-12-02 18:03:55"
"KPI Signal Configuration","pa_xmr_processes","","false","2024-12-02 18:03:54"
"KPI Signal","pa_xmr_signals","","false","2024-12-02 18:03:55"
"KPI Signal Action","pa_xmr_signal_actions","","false","2024-12-02 18:03:55"
"Hardware Catalog","pc_hardware_cat_item","Product Catalog Item","false","2024-12-02 17:48:31"
"Product Catalog Item","pc_product_cat_item","Catalog Item","true","2024-12-02 17:48:30"
"Software Catalog","pc_software_cat_item","Product Catalog Item","false","2024-12-02 17:48:30"
"Vendor Catalog Item","pc_vendor_cat_item","Application File","false","2024-12-02 17:48:30"
"Automation Pipeline Command","pipeline_has_command","","false","2024-12-02 17:46:34"
"Planned Change Validation Script","planned_change_validation_script","Application File","false","2024-12-02 17:36:20"
"Plan Execution","plan_execution","","true","2024-12-02 17:23:09"
"MySQL Explan Plan Step","plan_mysql","Plan Execution","true","2024-12-02 17:23:09"
"Oracle Explan Plan Step","plan_oracle","Plan Execution","false","2024-12-02 17:23:09"
"Postgres Explain Plan Step","plan_postgres","Plan Execution","false","2024-12-02 17:23:09"
"Platform RunTime Exclusion","platform_runtime_exclusions","","false","2024-12-02 17:50:04"
"Platform Licensing Exemption","plat_lic_exemption","","false","2024-12-02 17:49:58"
"App Status Counts","polaris_app_shell_app_counts","","false","2024-12-02 18:04:17"
"Problem Model","prb_model","State Transition Model","false","2024-12-02 18:00:59"
"Problem Model Condition Type","prb_model_condition_type","Model State Transition Condition Type","false","2024-12-02 18:01:00"
"Problem Task Model","prb_task_model","State Transition Model","false","2024-12-02 18:01:00"
"Problem Task Model Condition Type","prb_task_model_condition_type","Model State Transition Condition Type","false","2024-12-02 18:00:59"
"Predictive Optimizer Log","predictive_optimizer_log","","false","2024-12-02 17:42:18"
"Privileged Command","privileged_command","Application File","false","2024-12-02 17:46:36"
"Proactive analytics event","proactive_analytics_event","","true","2024-12-02 17:53:08"
"Proactive analytics predictive target missed event","proactive_analytics_predictive_target_missed_event","Proactive analytics event","false","2024-12-02 17:53:10"
"Proactive analytics predictive threshold event","proactive_analytics_predictive_threshold_event","Proactive analytics event","false","2024-12-02 17:53:09"
"Proactive analytics signals event","proactive_analytics_signals_event","Proactive analytics event","false","2024-12-02 17:53:10"
"Proactive analytics target missed event","proactive_analytics_target_missed_event","Proactive analytics event","false","2024-12-02 17:53:10"
"Proactive analytics threshold all time high/low event","proactive_analytics_threshold_all_time_event","Proactive analytics event","false","2024-12-02 17:53:10"
"Proactive analytics threshold breached event","proactive_analytics_threshold_breached_event","Proactive analytics event","false","2024-12-02 17:53:09"
"Probe to Credential Classification","probe_credential_class","","false","2024-12-02 17:46:29"
"Problem","problem","Task","false","2024-12-02 18:09:47"
"Problem Task","problem_task","Task","false","2024-12-02 17:46:59"
"Process Guides","process_guide","Application File","false","2024-12-02 17:41:45"
"Process Steps","process_step","Application File","true","2024-12-02 17:41:45"
"Approval Steps","process_step_approval","Process Steps","false","2024-12-02 17:41:45"
"Product Instance Identifier Configuration","product_instance_identifier_configuration","","false","2024-12-02 17:36:34"
"Product Instance Identifier Parameter","product_instance_identifier_parameters","","false","2024-12-02 17:32:22"
"Activity Definition","promin_activity_def","","false","2024-12-02 18:29:26"
"Process Connection","promin_arc","","false","2024-12-02 18:29:23"
"Automated Finding Definition","promin_automated_finding","","false","2024-12-02 18:29:17"
"Automated Finding Configuration","promin_automated_finding_configuration","","false","2024-12-02 18:29:18"
"Breakdown Definition","promin_breakdown_field","","false","2024-12-02 18:29:22"
"Breakdown Stats","promin_breakdown_stats","","false","2024-12-02 18:29:24"
"Promin case data","promin_case_data","","false","2024-12-02 18:29:22"
"Case Record","promin_case_record","","false","2024-12-02 18:29:19"
"Filter Set Condition","promin_conditions","","false","2024-12-02 18:29:23"
"Process Mining Entitlement SKU","promin_entitlement_sku","","false","2024-12-02 18:29:19"
"Filter Set","promin_filter_set","","false","2024-12-02 18:29:19"
"Finding","promin_finding","","false","2024-12-02 18:29:24"
"Finding Definition","promin_finding_def","","false","2024-12-02 18:29:24"
"Finding Condition","promin_finding_def_condition","","false","2024-12-02 18:29:27"
"Finding Constraint","promin_finding_def_constraint","","false","2024-12-02 18:29:18"
"Finding Rule","promin_finding_def_rule","","false","2024-12-02 18:29:18"
"Finding Suppression","promin_finding_suppression","","false","2024-12-02 18:29:24"
"Scheduled Process Mining Job","promin_job","Scheduled Script Execution","false","2024-12-02 18:29:25"
"Job Process Mining Project","promin_job_m2m_project","","false","2024-12-02 18:29:27"
"Extract Data Log","promin_log","Log Entry","false","2024-12-02 18:29:20"
"Extract Data Log","promin_log0000","Log Entry","false","2024-12-02 18:29:20"
"Extract Data Log","promin_log0001","Log Entry","false","2024-12-02 18:29:21"
"Extract Data Log","promin_log0002","Log Entry","false","2024-12-02 18:29:21"
"Extract Data Log","promin_log0003","Log Entry","false","2024-12-02 18:29:21"
"Extract Data Log","promin_log0004","Log Entry","false","2024-12-02 18:29:21"
"Extract Data Log","promin_log0005","Log Entry","false","2024-12-02 18:29:21"
"Extract Data Log","promin_log0006","Log Entry","false","2024-12-02 18:29:21"
"Extract Data Log","promin_log0007","Log Entry","false","2024-12-02 18:29:22"
"Process Model","promin_model","","false","2024-12-02 18:29:23"
"Project Definition Version","promin_model_def_version","","false","2024-12-02 18:29:19"
"Process Node","promin_node","","false","2024-12-02 18:29:25"
"Process Node Statistics","promin_node_stats","","false","2024-12-02 18:29:22"
"Note","promin_note","","false","2024-12-02 18:29:26"
"Permission","promin_permission","","false","2024-12-02 18:29:17"
"Promin Processed Work Note","promin_processed_work_note","","false","2024-12-02 18:29:19"
"Process Configuration","promin_process_def","","false","2024-12-02 18:29:26"
"Project Definition","promin_project","","false","2024-12-02 18:29:26"
"Table Configuration","promin_project_entity","","false","2024-12-02 18:29:18"
"Process Mining Request Object","promin_request_object","","false","2024-12-02 18:29:27"
"Process Route","promin_route","","false","2024-12-02 18:29:25"
"Process Route Statistics","promin_route_stats","","false","2024-12-02 18:29:28"
"Process Scheduled Task","promin_scheduled_task","","false","2024-12-02 18:29:25"
"Process Summarisation Statistics","promin_summarisation_stats","","false","2024-12-02 18:29:27"
"Promin Transition Case Detail","promin_transition_case_detail","","false","2024-12-02 18:29:23"
"Process Mining Tracker","promin_ua_mining_tracker","","false","2024-12-02 18:29:17"
"Proposed Change Verification Log","proposed_change_verification_log","Log Entry","false","2024-12-02 17:31:41"
"Proposed Change Verification Log","proposed_change_verification_log0000","Log Entry","false","2024-12-02 17:45:01"
"Proposed Change Verification Log","proposed_change_verification_log0001","Log Entry","false","2024-12-02 17:45:03"
"Proposed Change Verification Log","proposed_change_verification_log0002","Log Entry","false","2024-12-02 17:45:04"
"Proposed Change Verification Log","proposed_change_verification_log0003","Log Entry","false","2024-12-02 17:45:06"
"Proposed Change Verification Log","proposed_change_verification_log0004","Log Entry","false","2024-12-02 17:45:06"
"Proposed Change Verification Log","proposed_change_verification_log0005","Log Entry","false","2024-12-02 17:45:07"
"Proposed Change Verification Log","proposed_change_verification_log0006","Log Entry","false","2024-12-02 17:45:09"
"Proposed Change Verification Log","proposed_change_verification_log0007","Log Entry","false","2024-12-02 17:45:09"
"Proposed Change Verification Rules","proposed_change_verification_rules","","false","2024-12-02 17:32:27"
"Protected Table Configuration","protected_table_configuration","Application File","false","2024-12-02 18:04:54"
"Protected Table Log","protected_table_log","Log Entry","false","2024-12-02 18:04:54"
"Protected Table Log","protected_table_log0000","Log Entry","false","2024-12-02 18:04:56"
"Protected Table Log","protected_table_log0001","Log Entry","false","2024-12-02 18:04:57"
"Protected Table Log","protected_table_log0002","Log Entry","false","2024-12-02 18:04:57"
"Protected Table Log","protected_table_log0003","Log Entry","false","2024-12-02 18:04:57"
"Protected Table Log","protected_table_log0004","Log Entry","false","2024-12-02 18:04:57"
"Protected Table Log","protected_table_log0005","Log Entry","false","2024-12-02 18:04:57"
"Protected Table Log","protected_table_log0006","Log Entry","false","2024-12-02 18:04:58"
"Protected Table Log","protected_table_log0007","Log Entry","false","2024-12-02 18:04:58"
"Provider Auth","provider_auth","","true","2024-12-02 17:46:13"
"Linked Accounts","provider_user_map","","false","2024-12-02 17:46:14"
"Password Reset Active Answer","pwd_active_answer","","false","2024-12-02 17:54:15"
"Password Reset Active Question","pwd_active_question","","false","2024-12-02 17:54:15"
"Password Reset Activity Monitor","pwd_activity_monitor","","false","2024-12-02 17:54:19"
"Password Reset Credential Store","pwd_cred_store","Application File","false","2024-12-02 17:54:16"
"Password Reset Credential Store Parameters","pwd_cred_store_param","Application File","false","2024-12-02 17:54:19"
"Password Reset Credential Store Types","pwd_cred_store_type","Application File","false","2024-12-02 17:54:16"
"Password Reset Devices","pwd_device","","false","2024-12-02 17:54:19"
"Password Reset Device Enrollment Code","pwd_dvc_enrollment_code","","false","2024-12-02 17:54:16"
"Password Reset Email Verification Code","pwd_email_code","","false","2024-12-02 17:54:19"
"Password Reset Enrollment for Verification","pwd_enrollment","","false","2024-12-02 17:54:18"
"Password Reset Enrollment Snapshot","pwd_enrollment_snapshot","","false","2024-12-02 17:54:16"
"Password Expiration","pwd_expiration","","false","2024-12-02 17:54:15"
"Password Reset Extension Type","pwd_extension_type","Application File","false","2024-12-02 17:54:14"
"Password History","pwd_history","","false","2024-12-02 17:54:18"
"Password Reset Identification Type","pwd_identification_type","Application File","false","2024-12-02 17:54:16"
"Password Reset Process Credential Store","pwd_map_proc_to_cred_store","Application File","false","2024-12-02 17:54:17"
"Password Reset Process User Group","pwd_map_proc_to_group","Application File","false","2024-12-02 17:54:19"
"Password Reset Process Verification","pwd_map_proc_to_verification","Application File","false","2024-12-02 17:54:19"
"Password Reset Request Verification","pwd_map_request_to_verification","","false","2024-12-02 17:54:14"
"Password Reset Process","pwd_process","Application File","false","2024-12-02 17:54:17"
"Password Reset Question","pwd_question","Application File","false","2024-12-02 17:54:18"
"Password Reset Activity Log","pwd_reset_activity","","false","2024-12-02 17:54:18"
"Password Reset Request","pwd_reset_request","","false","2024-12-02 17:54:17"
"Password Reset SMS Verification Code","pwd_sms_code","","false","2024-12-02 17:54:18"
"Password Reset SoftPIN","pwd_softpin","","false","2024-12-02 17:54:15"
"Password Reset Blocked Users","pwd_user_lockout","","false","2014-03-26 10:08:28"
"Password Reset Verification","pwd_verification","Application File","false","2024-12-02 17:54:14"
"Password Reset Verification Param","pwd_verification_param","Application File","false","2024-12-02 17:54:15"
"Password Reset Verification Type","pwd_verification_type","Application File","false","2024-12-02 17:54:15"
"Query Results","qb_query_results","","false","2024-12-02 17:34:59"
"Query Status","qb_query_status","","false","2024-12-02 17:36:42"
"Saved Queries","qb_saved_query","","false","2024-12-02 17:36:48"
"Question","question","Application File","true","2024-12-02 17:41:42"
"Question Answer","question_answer","","false","2024-12-02 17:41:42"
"Question Choice","question_choice","Application File","false","2024-12-02 17:41:43"
"Question Regular Expression","question_regex","Application File","false","2024-12-02 17:41:43"
"Quick Action","quickactions_action","Application File","true","2024-12-02 18:24:12"
"Quick Actions Parameter","quickactions_param","Application File","false","2024-12-02 18:24:12"
"Configurable Toolbar Control","quickactions_workspace_action","Application File","false","2024-12-02 18:24:12"
"Quick Links","quick_links","","false","2024-12-02 18:21:43"
"Reclassification Task","reclassification_task","Task","false","2024-12-02 17:33:06"
"Recommended Field Remediation","recommended_field_remediation","Task","false","2024-12-02 17:33:12"
"Remediate Duplicate Task","reconcile_duplicate_task","Task","false","2018-01-15 11:46:43"
"Reconcile Duplicate Task Data","reconcile_duplicate_task_data","","false","2024-12-02 17:36:39"
"Reconcile Duplicate Template","reconcile_duplicate_template","Application File","false","2024-12-02 17:33:54"
"Reconcile Duplicate Template Condition","reconcile_duplicate_template_condition","Application File","false","2024-12-02 17:34:35"
"De-Duplication Template Run","reconcile_duplicate_template_run","","false","2024-12-02 17:35:27"
"De-Duplication Template Task Run","reconcile_duplicate_template_task_run","","false","2024-12-02 17:34:50"
"CMDB Relationship Health Results","relation_health_result","","false","2024-12-02 17:34:10"
"CIs Affected","release_cis","","false","2024-12-02 17:41:11"
"Feature","release_feature","","false","2024-12-02 17:41:11"
"Release Phase","release_phase","Task","false","2024-12-02 17:41:11"
"Product","release_product","","false","2024-12-02 17:41:12"
"Release","release_project","","false","2024-12-02 17:41:11"
"RFCs Implemented","release_rfcs","","false","2024-12-02 17:41:12"
"Feature Task","release_task","Task","false","2024-12-02 17:41:11"
"CMDB Remediation Rule","remediation_rule","Application File","false","2024-12-02 17:32:54"
"Reminder","reminder","","false","2024-12-02 17:39:47"
"Report Executions","report_executions","","false","2024-12-02 17:24:07"
"Report Stats","report_stats","","false","2024-12-02 17:24:05"
"Report Stats Executions","report_stats_executions","","false","2024-12-02 17:24:06"
"My Request Filter","request_filter","Filter","false","2024-12-02 17:43:37"
"Request Parent Mapping","request_parent_mapping","Application File","false","2024-12-02 17:43:27"
"Required Field Remediation","required_field_remediation","Task","false","2024-12-02 17:34:21"
"Risk Conditions","risk_conditions","Application File","false","2024-12-02 17:46:57"
"Role for Subscription","role_has_license","","false","2015-03-16 16:51:51"
"Roster Schedule Entry","roster_schedule_span","Schedule Entry","false","2024-12-02 17:59:25"
"Roster schedule entry proposal","roster_schedule_span_proposal","Task","false","2024-12-02 18:09:47"
"SAML2 Assertion Attribute","saml2_assertion_attribute","Application File","false","2024-12-02 17:27:37"
"SAML2 Assertion Keystore","saml2_assertion_keystore","","false","2024-12-02 17:27:38"
"SAML2 Assertion Producer","saml2_assertion_producer","Application File","false","2024-12-02 17:27:38"
"Client Access","samp_client_access","","false","2024-12-02 17:32:59"
"Oracle Options","samp_oracle_options","","false","2024-12-02 17:35:45"
"Custom Software Product Lifecycle","sam_custom_sw_product_lifecycle","Software Product Lifecycle","false","2024-12-02 17:31:24"
"Software Product Lifecycle","sam_sw_product_lifecycle","","true","2024-12-02 17:31:24"
"BaseLines","sa_baselines","","false","2024-12-02 17:58:48"
"Business Service User preferences","sa_business_service_user_prefs","","false","2024-12-02 17:58:55"
"Contextual color and icon","sa_contextual_colors_and_icons","","false","2024-12-02 17:31:31"
"Menu Action","sa_context_menu","Application File","false","2024-12-02 17:58:48"
"Service entry point UI card","sa_entry_point_ui_card","","false","2024-12-02 17:58:49"
"Hash","sa_hash","","false","2024-12-02 17:58:54"
"Entry Point","sa_m2m_service_entry_point","","false","2024-12-02 17:58:47"
"Discovered Service Notification","sa_notification","","false","2024-12-02 17:58:54"
"Discovered Service Notification","sa_notification0000","","false","2024-12-02 18:39:24"
"Discovered Service Notification","sa_notification0001","","false","2024-12-02 18:39:25"
"Discovered Service Notification","sa_notification0002","","false","2024-12-02 18:39:25"
"Discovered Service Notification","sa_notification0003","","false","2024-12-02 18:39:26"
"Discovered Service Notification","sa_notification0004","","false","2024-12-02 18:39:27"
"Discovered Service Notification","sa_notification0005","","false","2024-12-02 18:39:28"
"Discovered Service Notification","sa_notification0006","","false","2024-12-02 18:39:28"
"Application Service Group Member","sa_service_group_member","","false","2024-12-02 17:58:56"
"Application Service Group Responsibilities","sa_svc_group_responsibilities","","false","2024-12-02 17:58:54"
"Check","scan_check","Application File","true","2024-12-02 18:01:42"
"Check Execution","scan_check_execution","","false","2024-12-02 18:01:45"
"Suite","scan_check_suite","Application File","false","2024-12-02 18:01:44"
"Suite Check","scan_check_suite_check","Application File","false","2024-12-02 18:01:43"
"Suite Relationships","scan_check_suite_m2m","Application File","false","2024-12-02 18:01:48"
"Column Type Check","scan_column_type_check","Check","false","2024-12-02 18:01:43"
"Combo","scan_combo","","false","2024-12-02 18:01:42"
"Scan Finding","scan_finding","","true","2024-12-02 18:01:44"
"Linter Check","scan_linter_check","Check","false","2024-12-02 18:01:42"
"Scan Log Entry","scan_log","Log Entry","false","2024-12-02 18:01:45"
"Scan Log Entry","scan_log0000","Log Entry","false","2024-12-02 18:01:47"
"Scan Log Entry","scan_log0001","Log Entry","false","2024-12-02 18:01:47"
"Scan Log Entry","scan_log0002","Log Entry","false","2024-12-02 18:01:47"
"Scan Log Entry","scan_log0003","Log Entry","false","2024-12-02 18:01:47"
"Scan Log Entry","scan_log0004","Log Entry","false","2024-12-02 18:01:47"
"Scan Log Entry","scan_log0005","Log Entry","false","2024-12-02 18:01:48"
"Scan Log Entry","scan_log0006","Log Entry","false","2024-12-02 18:01:48"
"Scan Log Entry","scan_log0007","Log Entry","false","2024-12-02 18:01:48"
"Mute Rule","scan_mute_rule","","false","2024-12-02 18:01:44"
"Mute Reasons","scan_mute_rule_reason","","false","2024-12-02 18:01:43"
"Scan Result","scan_result","","false","2024-12-02 18:01:43"
"Score","scan_score","","false","2024-12-02 18:01:43"
"Script Only Check","scan_script_only_check","Check","false","2024-12-02 18:01:44"
"Scan Source","scan_source","","false","2024-12-02 18:01:45"
"Scan Statistic","scan_statistic","","false","2024-12-02 18:01:44"
"Scan Suite Execution","scan_suite_execution","","false","2024-12-02 18:01:43"
"Table Check","scan_table_check","Check","false","2024-12-02 18:01:43"
"Scan Target","scan_target","","false","2024-12-02 18:01:42"
"Scan Task","scan_task","Task","false","2024-12-02 18:01:44"
"Scan Trigger","scan_trigger","Application File","false","2024-12-02 18:01:42"
"Scheduled Data Export","scheduled_data_export","Scheduled Job","false","2024-12-02 17:44:41"
"Scheduled Data Import","scheduled_data_import","Scheduled Job","true","2024-12-02 17:24:49"
"Scheduled Data Import","scheduled_import_set","Scheduled Data Import","false","2024-12-02 17:24:53"
"Schema Validator Error","schema_validator_error","","false","2024-12-02 18:03:00"
"Related Articles","sc_2_kb","","false","2024-12-02 17:43:32"
"Related Catalog Items","sc_2_sc","","false","2024-12-02 17:43:28"
"Shopping Cart","sc_cart","","false","2024-12-02 17:43:26"
"Item","sc_cart_item","","false","2024-12-02 17:43:26"
"Catalog","sc_catalog","Application File","false","2024-12-02 17:43:34"
"Homepage Catalog Renderer","sc_catalog_page_renderer","Catalog Renderer","false","2024-12-02 17:43:29"
"Catalog Site","sc_catalog_site","Application File","false","2024-12-02 17:43:27"
"Catalog Portal Page","sc_catalog_view_mtom","Application File","false","2024-12-02 17:43:35"
"Category","sc_category","Application File","true","2024-12-02 17:43:36"
"Available for Companies","sc_category_company_mtom","Application File","false","2024-12-02 17:43:34"
"Not Available for Companies","sc_category_company_no_mtom","Application File","false","2024-12-02 17:43:36"
"Available for Departments","sc_category_dept_mtom","Application File","false","2024-12-02 17:43:26"
"Not Available for Departments","sc_category_dept_no_mtom","Application File","false","2024-12-02 17:43:30"
"Available for Groups","sc_category_group_mtom","Application File","false","2024-12-02 17:43:31"
"Not Available for Groups","sc_category_group_no_mtom","Application File","false","2024-12-02 17:43:32"
"Available at Locations","sc_category_location_mtom","Application File","false","2024-12-02 17:43:30"
"Not Available for Locations","sc_category_location_no_mtom","Application File","false","2024-12-02 17:43:32"
"Dynamic category","sc_category_top_n","Category","false","2024-12-02 17:43:36"
"Category Available for","sc_category_user_criteria_mtom","Application File","false","2024-12-02 17:43:36"
"Category Not Available for","sc_category_user_criteria_no_mtom","Application File","false","2024-12-02 17:43:28"
"Available for Users","sc_category_user_mtom","Application File","false","2024-12-02 17:43:33"
"Not Available for Users","sc_category_user_no_mtom","Application File","false","2024-12-02 17:43:28"
"Approving Groups","sc_cat_dt_app_group","Application File","false","2024-12-02 17:44:27"
"Approving Users","sc_cat_dt_app_user","Application File","false","2024-12-02 17:44:27"
"Catalog Item","sc_cat_item","Application File","true","2024-12-02 17:43:27"
"Approving Groups","sc_cat_item_app_group","Application File","false","2024-12-02 17:43:27"
"Approving Users","sc_cat_item_app_user","Application File","false","2024-12-02 17:43:26"
"Catalog Items Catalog","sc_cat_item_catalog","Application File","false","2024-12-02 17:43:27"
"Catalog Item Category","sc_cat_item_category","Application File","false","2024-12-02 17:43:38"
"Child","sc_cat_item_children","Application File","false","2024-12-02 17:43:31"
"Available for Companies","sc_cat_item_company_mtom","Application File","false","2024-12-02 17:43:29"
"Not Available for Companies","sc_cat_item_company_no_mtom","Application File","false","2024-12-02 17:43:36"
"Composite Record Producer","sc_cat_item_composite_producer","Record Producer","false","2024-12-02 18:03:09"
"Content Item","sc_cat_item_content","Catalog Item","false","2024-12-02 17:43:37"
"Execution Plan","sc_cat_item_delivery_plan","Application File","false","2024-12-02 17:44:27"
"Execution Plan Task","sc_cat_item_delivery_task","Application File","true","2024-12-02 17:44:27"
"Available for Departments","sc_cat_item_dept_mtom","Application File","false","2024-12-02 17:43:37"
"Not Available for Departments","sc_cat_item_dept_no_mtom","Application File","false","2024-12-02 17:43:34"
"Execution Plan Approval Task","sc_cat_item_dt_approval","Execution Plan Task","false","2024-12-02 17:44:28"
"External Dependencies","sc_cat_item_dt_ext_mtom","Application File","false","2024-12-02 17:43:39"
"Plan Sequencing","sc_cat_item_dt_mtom","Application File","false","2024-12-02 17:43:35"
"Available for Groups","sc_cat_item_group_mtom","Application File","false","2024-12-02 17:43:39"
"Not Available for Groups","sc_cat_item_group_no_mtom","Application File","false","2024-12-02 17:43:31"
"Order guide","sc_cat_item_guide","Catalog Item","false","2024-12-02 17:43:35"
"Rule","sc_cat_item_guide_items","Application File","false","2024-12-02 17:43:34"
"Available at Locations","sc_cat_item_location_mtom","Application File","false","2024-12-02 17:43:30"
"Not Available at Locations","sc_cat_item_location_no_mtom","Application File","false","2024-12-02 17:43:35"
"Item Option","sc_cat_item_option","Application File","false","2024-12-02 17:43:38"
"Record Producer","sc_cat_item_producer","Catalog Item","true","2024-12-02 17:43:28"
"Service","sc_cat_item_producer_service","Record Producer","false","2024-12-02 17:44:37"
"Catalog item review flow context","sc_cat_item_review_flow_context_mtom","","false","2024-12-02 18:03:16"
"Service Catalog Entry","sc_cat_item_service","Catalog Item","false","2024-12-02 17:48:02"
"Catalog Item Skill Association","sc_cat_item_skill_mtom","Application File","false","2024-12-02 17:43:26"
"Available for Subscribers","sc_cat_item_subscribe_mtom","Application File","false","2024-12-02 17:48:02"
"Not Available for Subscribers","sc_cat_item_subscribe_no_mtom","Application File","false","2024-12-02 17:48:02"
"Catalog Item Available for","sc_cat_item_user_criteria_mtom","Application File","false","2024-12-02 17:43:30"
"Catalog Item Not Available for","sc_cat_item_user_criteria_no_mtom","Application File","false","2024-12-02 17:43:34"
"Available for Users","sc_cat_item_user_mtom","Application File","false","2024-12-02 17:43:31"
"Not Available for Users","sc_cat_item_user_no_mtom","Application File","false","2024-12-02 17:43:36"
"Wizard Launcher","sc_cat_item_wizard","Catalog Item","false","2024-12-02 17:43:38"
"Dynamic catalog content type","sc_content_item_dynamic_type","Application File","false","2024-12-02 17:43:33"
"Dynamic catalog content type variables","sc_content_item_dynamic_type_variables","Variables","false","2024-12-02 17:43:33"
"Datum Ownership","sc_dp_datum_task","Application File","false","2024-12-02 17:44:27"
"Homepage Category Renderer","sc_homepage_renderer","Catalog Renderer","false","2024-12-02 17:43:38"
"Approval Definition","sc_ic_aprvl_defn","Application File","false","2024-12-02 17:44:34"
"Approval","sc_ic_aprvl_defn_staging","Application File","false","2024-12-02 17:44:35"
"Approval Type Definition","sc_ic_aprvl_type_defn","Application File","false","2024-12-02 17:44:35"
"Approval Type","sc_ic_aprvl_type_defn_staging","Application File","false","2024-12-02 17:44:32"
"Item Designer Category Request","sc_ic_category_request","","false","2024-12-02 17:44:33"
"Column","sc_ic_column","Application File","false","2024-12-02 17:44:34"
"Item","sc_ic_item_staging","Application File","false","2024-12-02 17:44:33"
"Question","sc_ic_question","Application File","false","2024-12-02 17:44:34"
"Question Choice","sc_ic_question_choice","Application File","false","2024-12-02 17:44:35"
"Question Class","sc_ic_question_class","Application File","false","2024-12-02 17:44:33"
"Question Type","sc_ic_question_type","Application File","false","2024-12-02 17:44:35"
"Question Type Choice","sc_ic_question_type_choice","Application File","false","2024-12-02 17:44:32"
"Approval Definition (Requested Item)","sc_ic_req_item_aprvl_defn","","false","2024-12-02 17:44:33"
"Task Definition (Requested Item)","sc_ic_req_item_task_defn","","false","2024-12-02 17:44:34"
"Section","sc_ic_section","Application File","false","2024-12-02 17:44:35"
"Task Assignment Definition","sc_ic_task_assign_defn","Application File","false","2024-12-02 17:44:34"
"Task Assignment","sc_ic_task_assign_defn_staging","Application File","false","2024-12-02 17:44:35"
"Task Definition","sc_ic_task_defn","Application File","false","2024-12-02 17:44:34"
"Task","sc_ic_task_defn_staging","Application File","false","2024-12-02 17:44:33"
"Options","sc_item_option","","false","2024-12-02 17:43:26"
"Variable Ownership","sc_item_option_mtom","","false","2024-12-02 17:43:34"
"Item Produced Record","sc_item_produced_record","","false","2024-12-02 17:43:30"
"Variables","sc_item_variables_task","","false","2024-12-02 17:43:30"
"Item Variable Assignment","sc_item_variable_assignment","Application File","false","2024-12-02 17:43:33"
"Cart Layout","sc_layout","Application File","false","2024-12-02 17:43:29"
"Layout Column","sc_layout_column_mtom","Application File","false","2024-12-02 17:43:34"
"Non-Doctype Layout Column","sc_layout_column_nd_mtom","Application File","false","2024-12-02 17:43:31"
"Widget/View Macros","sc_layout_ui_macro_mtom","Application File","false","2024-12-02 17:43:35"
"Non-Doctype Widget/View Macros","sc_layout_ui_macro_nd_mtom","Application File","false","2024-12-02 17:43:36"
"Classic Mobile Layout","sc_mobile_layout","","false","2024-12-02 17:43:31"
"Classic Mobile Layout Categories","sc_mobile_layout_cats_mtom","Application File","false","2024-12-02 17:43:31"
"Multi Row Question Answer","sc_multi_row_question_answer","","false","2024-12-02 17:43:35"
"Ordered Item Link","sc_ordered_item_link","Application File","false","2024-12-02 17:43:33"
"Popular Items","sc_popular_items","","false","2024-12-02 17:43:38"
"Recurring Price","sc_recurring_rollup","","false","2024-12-02 17:43:38"
"Catalog Renderer","sc_renderer","Application File","true","2024-12-02 17:43:29"
"Request","sc_request","Task","true","2024-12-02 17:42:39"
"Interested Parties","sc_request_watcher","","false","2024-12-02 17:43:28"
"Requested Item","sc_req_item","Task","false","2024-12-02 17:43:38"
"REST APIs Without Access Policy","sc_rest_api_without_access_policy","","false","2024-12-02 18:19:21"
"Scriptable Order Guide Failures","sc_script_order_guide_failure","","false","2024-12-02 17:43:32"
"Service Fulfillment Approval Step","sc_service_fulfillment_approval_step","Service Fulfillment Step","false","2024-12-02 18:03:31"
"Service Fulfillment Flow Registry","sc_service_fulfillment_flow_registry","Application File","false","2024-12-02 18:03:26"
"Service Fulfillment Stage","sc_service_fulfillment_stage","Application File","false","2024-12-02 18:03:25"
"Service Fulfillment Stage Data","sc_service_fulfillment_stage_data","","false","2024-12-02 18:03:27"
"Service Fulfillment Step","sc_service_fulfillment_step","Application File","true","2024-12-02 18:03:25"
"Service Fulfillment Step Configuration","sc_service_fulfillment_step_configuration","Application File","false","2024-12-02 18:03:26"
"Service Fulfillment Step Data","sc_service_fulfillment_step_data","","false","2024-12-02 18:03:26"
"Service Fulfillment Task Step","sc_service_fulfillment_task_step","Service Fulfillment Step","false","2024-12-02 18:03:31"
"Catalog Task","sc_task","Task","false","2024-12-02 17:43:33"
"Catalog Template","sc_template","Application File","false","2024-12-02 18:03:13"
"Catalog Template Detail","sc_template_detail","Application File","false","2024-12-02 18:03:13"
"Service Catalog Searches","sc_ts_query","","false","2024-12-02 17:43:37"
"Catalog variable action configuration","sc_variable_action_config","Application File","false","2024-12-02 17:44:30"
"Catalog Variable action wizard question mapping","sc_variable_action_config_wizard_question_mapping","Application File","false","2024-12-02 18:03:11"
"Catalog variable action model configuration","sc_variable_action_model_configuration","Application File","false","2024-12-02 17:44:30"
"Catalog variable action model fields","sc_variable_action_model_fields","Variables","false","2024-12-02 17:44:30"
"Catalog Wizard","sc_wizard","Application File","false","2024-12-02 18:03:11"
"Wizard Action Configuration","sc_wizard_action_config","Application File","false","2024-12-02 18:03:11"
"Wizard Action Configuration Mapping","sc_wizard_action_config_mapping","Application File","false","2024-12-02 18:03:10"
"Catalog Wizard Feedback","sc_wizard_feedback","Application File","false","2024-12-02 18:03:10"
"Catalog Wizard Question","sc_wizard_question","Application File","false","2024-12-02 18:03:10"
"Catalog Wizard Section","sc_wizard_section","Application File","false","2024-12-02 18:03:10"
"Catalog Wizard Step","sc_wizard_step","Application File","false","2024-12-02 18:03:10"
"Security Nonce","security_nonce","","false","2024-12-02 17:23:54"
"Service Availability","service_availability","","false","2024-12-02 17:47:45"
"Service Category App Menu","service_category_app_menu","","false","2024-12-02 17:44:37"
"Service Category User Role","service_category_user_role","","false","2024-12-02 17:44:37"
"Service commitment","service_commitment","","false","2024-12-02 17:47:45"
"In Scope","service_in_scope","","false","2024-12-02 17:47:59"
"Offering","service_offering","Service","false","2024-12-02 17:39:34"
"Service Commitments","service_offering_commitment","","false","2024-12-02 17:47:45"
"Out of Scope","service_out_scope","","false","2024-12-02 17:47:59"
"Service Registry Query","service_reg_query","Application File","true","2024-12-02 17:46:29"
"SLP Query","service_reg_query_slp","Service Registry Query","false","2024-12-02 17:46:34"
"Service Type","service_reg_query_slp_service_type","Application File","false","2024-12-02 17:46:34"
"Service Scope","service_scope","Application File","false","2024-12-02 17:48:01"
"Service Subscriptions by Company","service_subscribe_company","","false","2024-12-02 17:48:01"
"Service Subscriptions by Department","service_subscribe_department","","false","2024-12-02 17:47:58"
"Service Subscriptions by Location","service_subscribe_location","","false","2024-12-02 17:48:01"
"Service Subscriptions by User","service_subscribe_sys_user","","false","2024-12-02 17:47:59"
"Service Subscriptions by Group","service_subscribe_sys_user_grp","","false","2024-12-02 17:47:59"
"Service table config","service_table_config","Application File","false","2024-12-02 17:47:59"
"Service Task","service_task","Task","true","2024-12-02 17:44:36"
"SFTP File Metadata","sftp_file_metadata","","false","2024-12-02 17:55:18"
"SKU metadata","sku_metadata","","false","2024-12-02 18:15:46"
"SKU Metadata Schema","sku_metadata_schema","","false","2024-12-02 18:15:42"
"Agreement","sla","","true","2024-12-02 17:39:46"
"SLA async queue","sla_async_queue","","false","2024-12-02 17:47:39"
"SLA Breakdown by Assignment","sla_breakdown_by_assignment","SLA Breakdown Core","false","2024-12-02 17:58:22"
"SLA Breakdown Core","sla_breakdown_core","","true","2024-12-02 17:58:24"
"SLA Breakdown Definition","sla_breakdown_definition","","false","2024-12-02 17:58:22"
"SLA Breakdown Definition Field","sla_breakdown_definition_field","","false","2024-12-02 17:58:22"
"SLA Conditions","sla_condition_class","Application File","false","2024-12-02 17:47:13"
"SLA Breakdown Definition to SLA Definition relation","sla_definition_sla_breakdown","","false","2024-12-02 17:58:22"
"SLA offline update","sla_offline_update","","false","2024-12-02 17:47:39"
"SLA Repair Log","sla_repair_log","","false","2024-12-02 17:47:39"
"SLA Repair Log Entry","sla_repair_log_entry","Log Entry","false","2024-12-02 17:47:36"
"SLA Repair Log Entry","sla_repair_log_entry0000","Log Entry","false","2024-12-02 17:47:36"
"SLA Repair Log Entry","sla_repair_log_entry0001","Log Entry","false","2024-12-02 17:47:37"
"SLA Repair Log Entry","sla_repair_log_entry0002","Log Entry","false","2024-12-02 17:47:37"
"SLA Repair Log Entry","sla_repair_log_entry0003","Log Entry","false","2024-12-02 17:47:37"
"SLA Repair Log Entry","sla_repair_log_entry0004","Log Entry","false","2024-12-02 17:47:38"
"SLA Repair Log Entry","sla_repair_log_entry0005","Log Entry","false","2024-12-02 17:47:38"
"SLA Repair Log Entry","sla_repair_log_entry0006","Log Entry","false","2024-12-02 17:47:38"
"SLA Repair Log Entry","sla_repair_log_entry0007","Log Entry","false","2024-12-02 17:47:38"
"SLA Repair Log Message","sla_repair_log_message","Log Entry","false","2024-12-02 17:47:34"
"SLA Repair Log Message","sla_repair_log_message0000","Log Entry","false","2024-12-02 17:47:35"
"SLA Repair Log Message","sla_repair_log_message0001","Log Entry","false","2024-12-02 17:47:35"
"SLA Repair Log Message","sla_repair_log_message0002","Log Entry","false","2024-12-02 17:47:35"
"SLA Repair Log Message","sla_repair_log_message0003","Log Entry","false","2024-12-02 17:47:35"
"SLA Repair Log Message","sla_repair_log_message0004","Log Entry","false","2024-12-02 17:47:35"
"SLA Repair Log Message","sla_repair_log_message0005","Log Entry","false","2024-12-02 17:47:35"
"SLA Repair Log Message","sla_repair_log_message0006","Log Entry","false","2024-12-02 17:47:36"
"SLA Repair Log Message","sla_repair_log_message0007","Log Entry","false","2024-12-02 17:47:36"
"Agreement Requests","sla_request","","false","2024-12-02 17:39:47"
"SLA Timer Configuration","sla_timer_config","Application File","false","2024-12-02 17:58:24"
"SLA timer configuration mapping","sla_timer_config_mapping","Application File","false","2024-12-02 17:58:24"
"Sm CI Field Data","sm_ci_field_data","","false","2024-12-02 17:58:52"
"SM Flapper Exclusion List","sm_flapper_exclusion","","false","2024-12-02 17:58:49"
"SM Flapper Strategy","sm_flapper_strategy","","false","2024-12-02 17:58:49"
"Sm Flapper Strategy Data","sm_flapper_strategy_data","","false","2024-12-02 17:58:49"
"Monitorable Item","snc_monitorable_item","","false","2024-12-02 17:24:38"
"SNMPv3 Credentials","snmpv3_credentials","Credentials","false","2024-12-02 17:46:28"
"SNMP Community Credentials (Password Only)","snmp_credentials","Credentials","false","2024-12-02 17:46:27"
"PAR Scheduled Visualization Export","snpar_sched_export_v_scheduled_export_visualization","","false","2024-12-02 18:18:23"
"Access Comparison Request","sn_access_analyzer_access_comparison_request","","false","2024-12-02 18:14:45"
"Access Result","sn_access_analyzer_access_result","","false","2024-12-02 18:14:46"
"Debug Log","sn_access_analyzer_debug_log","","false","2024-12-02 18:14:45"
"Access Analyzer Query","sn_access_analyzer_request","","false","2024-12-02 18:14:46"
"App Config","sn_ace_app_config","Application File","false","2024-12-02 18:13:26"
"Content Block","sn_ace_content_block","Application File","false","2024-12-02 18:13:26"
"Content Block Context","sn_ace_content_block_context","","false","2024-12-02 18:13:26"
"Content Block Type","sn_ace_content_block_type","Application File","false","2024-12-02 18:13:25"
"Page","sn_ace_page","Application File","false","2024-12-02 18:13:26"
"Content Block Variable","sn_ace_variable","Variables","false","2024-12-02 18:13:26"
"Activity","sn_actsub_activity","","false","2024-12-02 18:01:06"
"Activity Type Template","sn_actsub_activitytype_template","Application File","false","2024-12-02 18:01:06"
"Activity Type Template Field","sn_actsub_activitytype_template_field","Application File","false","2024-12-02 18:01:06"
"Activity Context","sn_actsub_activity_context","Application File","false","2024-12-02 18:01:08"
"Activity Fanout","sn_actsub_activity_fanout","Application File","false","2024-12-02 18:01:06"
"Activity Stream","sn_actsub_activity_stream","","false","2024-12-02 18:01:08"
"Activity Type","sn_actsub_activity_type","Application File","false","2024-12-02 18:01:05"
"Activity Type Attributes","sn_actsub_atype_attributes","Application File","false","2024-12-02 18:01:08"
"Activity Type Notification Preference","sn_actsub_atype_notif_pref","Application File","false","2024-12-02 18:01:07"
"Activity Facet","sn_actsub_facet","Application File","false","2024-12-02 18:01:08"
"Activity Context Group","sn_actsub_m2m_context_subobject","Application File","false","2024-12-02 18:01:05"
"Activity Group Type","sn_actsub_m2m_subobject_activitytype","Application File","false","2024-12-02 18:01:05"
"Module","sn_actsub_module","Application File","false","2024-12-02 18:01:07"
"Notification Object","sn_actsub_notif_object","Application File","false","2024-12-02 18:01:07"
"Activity Context Type","sn_actsub_source_context_mapping","Application File","false","2024-12-02 18:01:07"
"Subscription","sn_actsub_subobject_stream","","false","2024-12-02 18:01:06"
"Activity Group","sn_actsub_subscribable_object","Application File","false","2024-12-02 18:01:08"
"Subscription Notification Preference","sn_actsub_subscription_notif_pref","","false","2024-12-02 18:01:07"
"Stream","sn_actsub_user_stream","","false","2024-12-02 18:01:07"
"Application","sn_admin_center_application","Application File","false","2024-12-02 18:13:27"
"Adoption Blueprint","sn_admin_center_business_objective","Application File","false","2024-12-02 18:13:27"
"Solution","sn_admin_center_solution","Application File","false","2024-12-02 18:13:27"
"AI Search Migration Completion","sn_aisearch_global_job_completion","","false","2024-12-02 18:28:43"
"Index History","sn_aisearch_global_job_ingest_history","","false","2024-12-02 18:28:43"
"Migration Log","sn_aisearch_global_job_log","","false","2024-12-02 18:28:43"
"AI Search Migration Staging Record","sn_aisearch_global_job_staging","","false","2024-12-02 18:28:44"
"AI Search Migration Staging Record Change","sn_aisearch_global_job_staging_change","","false","2024-12-02 18:28:43"
"Zing to AI Search Migration Job","sn_aisearch_global_migration_job","","false","2024-12-02 18:28:43"
"App Manager Cache","sn_appclient_app_manager_cache","","false","2024-12-02 17:25:08"
"App Manager Product","sn_appclient_product","","false","2024-12-02 17:25:08"
"Progress Tracker","sn_appclient_progress_tracker","","false","2024-12-02 17:25:09"
"Appclient Store Outbound Http Quota","sn_appclient_store_outbound_http_quota","","false","2024-12-02 17:25:09"
"App Template","sn_appcreator_app_template","Application File","false","2024-12-02 17:25:12"
"App Details","sn_app_eng_studio_app_details","","false","2025-01-23 04:40:26"
"Project (Deprecated)","sn_app_eng_studio_project","","false","2025-01-23 04:40:25"
"Applications in Projects (Deprecated)","sn_app_eng_studio_project_application_m2m","","false","2025-01-23 04:40:26"
"Resources Content","sn_app_eng_studio_resources_content","","false","2025-01-23 04:40:24"
"Resources Content Topic","sn_app_eng_studio_resources_content_topic","","false","2025-01-23 04:40:26"
"Taxonomy","sn_app_eng_studio_taxonomy","Application File","false","2025-01-23 04:40:27"
"Taxonomy Category","sn_app_eng_studio_taxonomy_category","Application File","false","2025-01-23 04:40:25"
"Taxonomy Details","sn_app_eng_studio_taxonomy_details","Application File","false","2025-01-23 04:40:29"
"Taxonomy Editor","sn_app_eng_studio_taxonomy_editor","Application File","false","2025-01-23 04:40:28"
"Taxonomy Exclusion List","sn_app_eng_studio_taxonomy_exclusion","Application File","false","2025-01-23 04:40:28"
"User Group Permission Type","sn_app_intake_permission_type","","false","2025-01-23 04:40:18"
"Event Alert Configuration","sn_async_dashboard_alert_configuration","Event Alert Configuration","false","2024-12-02 18:28:38"
"Test Runner Containers","sn_atf_docker_service","","false","2024-12-02 17:48:40"
"Benchmark Activity","sn_bm_client_activity","","false","2024-12-02 17:57:48"
"Breakdown","sn_bm_client_breakdown","","false","2024-12-02 17:57:48"
"Company History","sn_bm_client_company_history","","false","2024-12-02 17:57:48"
"Customer Configuration","sn_bm_client_configuration","","false","2024-12-02 17:57:48"
"BM Document","sn_bm_client_document","","false","2024-12-02 17:57:49"
"Recommendation","sn_bm_client_recommendation","Application File","false","2024-12-02 17:57:49"
"Recommendation Activity","sn_bm_client_recommendation_activity","","false","2024-12-02 17:57:47"
"Recommendation Evaluation","sn_bm_client_recommendation_eval","","false","2024-12-02 17:57:47"
"Recommendation Indicator M2M","sn_bm_client_recommendation_indicator_m2m","Application File","false","2024-12-02 17:57:48"
"Region","sn_bm_client_region","","false","2024-12-02 17:57:48"
"Benchmark Scores","sn_bm_client_score","","false","2024-12-02 17:57:49"
"User Profile","sn_bm_client_user_profile","","false","2024-12-02 17:57:48"
"Benchmark Indicator","sn_bm_common_indicator","Application File","false","2016-12-06 14:08:00"
"Indicator Activity","sn_bm_common_indicator_activity","","false","2024-12-02 17:57:41"
"Benchmark Indicator Category","sn_bm_common_indicator_category","Application File","false","2024-12-02 17:57:41"
"Benchmark Indicator Group","sn_bm_common_indicator_group","Application File","false","2024-12-02 17:57:41"
"Customer Industry","sn_bm_common_industry","","false","2017-08-24 16:04:40"
"Opt Out Feedback Option","sn_bm_common_optout_feedback_options","Application File","false","2024-12-02 17:57:41"
"Customer Size Bucket","sn_bm_common_size_bucket","Application File","false","2024-12-02 17:57:41"
"Builder","sn_cb_builder","Application File","false","2024-12-02 18:24:02"
"Application Service Insight Data","sn_cmdb_ws_app_svc_insight_data","Base Aggregate Data","false","2024-12-02 18:16:07"
"CMDB Attestation Task state","sn_cmdb_ws_attestation_task_state","","false","2024-12-02 18:16:14"
"CMDB Data Management Attestation Task To CIs","sn_cmdb_ws_attestation_task_to_ci","","false","2024-12-02 18:16:07"
"Base Aggregate Data","sn_cmdb_ws_base_aggregate_data","","true","2024-12-02 18:16:07"
"Class Icon","sn_cmdb_ws_class_icon","","false","2024-12-02 18:16:08"
"Class Icon Mapping","sn_cmdb_ws_class_icon_mapping","","false","2024-12-02 18:16:09"
"Config identifier","sn_cmdb_ws_config_identifier","Application File","false","2024-12-02 18:16:13"
"Datacenter Type","sn_cmdb_ws_datacenter_type","","false","2024-12-02 18:16:11"
"CMDB Certification Attribute Status","sn_cmdb_ws_dm_certification_attribute_status","","false","2024-12-02 18:16:15"
"CMDB Data Management Certification Policy","sn_cmdb_ws_dm_certification_policy","CMDB Data Management Policy","false","2024-12-02 18:16:08"
"CMDB Data Management Certification Task To Document","sn_cmdb_ws_dm_certification_task_to_document","","false","2024-12-02 18:16:14"
"CMDB Data Management Task Execution Context","sn_cmdb_ws_dm_task_execution_context","","false","2024-12-02 18:16:14"
"Feature Category","sn_cmdb_ws_feature_category","","false","2024-12-02 18:16:06"
"Feature Category Runtime Attribute","sn_cmdb_ws_feature_category_runtime_attribute","","false","2024-12-02 18:16:15"
"CMDB Group Metadata","sn_cmdb_ws_group_metadata","","false","2024-12-02 18:16:15"
"CMDB Group Query Metadata","sn_cmdb_ws_group_query_metadata","","false","2024-12-02 18:16:07"
"Action Configuration","sn_cmdb_ws_imp_action_card_config","","false","2024-12-02 18:16:09"
"CMDB Insight Data","sn_cmdb_ws_insight_data","","false","2024-12-02 18:16:06"
"CMDB Insight Query Category","sn_cmdb_ws_insight_query_category","","false","2024-12-02 18:16:08"
"Integration Aggregate Data","sn_cmdb_ws_integration_aggregate_data","Base Aggregate Data","false","2024-12-02 18:16:13"
"CMDB 360 Chart Class CI Count","sn_cmdb_ws_ms_chart_class_ci_count","","false","2024-12-02 18:16:07"
"CIs by Number of Sources","sn_cmdb_ws_ms_cis_by_number_of_sources","","false","2024-12-02 18:16:14"
"CIs With a Single Source","sn_cmdb_ws_ms_cis_with_single_source","","false","2024-12-02 18:16:12"
"CI Dashboard Data","sn_cmdb_ws_ms_ci_dashboard_data","","false","2024-12-02 18:16:11"
"CMDB 360 CI Filter","sn_cmdb_ws_ms_ci_filter","Application File","false","2024-12-02 18:16:08"
"CMDB 360 Class CI Count","sn_cmdb_ws_ms_class_ci_count","","false","2024-12-02 18:16:11"
"CMDB Workspace Multisource Class Metadata","sn_cmdb_ws_ms_class_metadata","Application File","false","2024-12-02 18:16:08"
"Multisource Data Mismatch Record","sn_cmdb_ws_ms_data_mismatch","","false","2024-12-02 18:16:15"
"CMDB Workspace Multisource Data Mismatch Configuration","sn_cmdb_ws_ms_data_mismatch_config","Application File","false","2024-12-02 18:16:11"
"Discovery sources not reporting CIs","sn_cmdb_ws_ms_discovery_sources_not_reporting","","false","2024-12-02 18:16:10"
"Multisource Workspace Settings Weight Type","sn_cmdb_ws_ms_settings_weight_type","","false","2024-12-02 18:16:06"
"CMDB 360 Analytics Skipped Class","sn_cmdb_ws_ms_skip_class","Application File","false","2024-12-02 18:16:09"
"NLQ Excluded Table","sn_cmdb_ws_nlq_excluded_table","","false","2024-12-02 18:16:10"
"NLQ Sample Search","sn_cmdb_ws_nlq_sample_search","","false","2024-12-02 18:16:14"
"NLQ Sample Search Table","sn_cmdb_ws_nlq_sample_search_table","","false","2024-12-02 18:16:12"
"Node Map Profiles","sn_cmdb_ws_node_map_profiles","Application File","false","2024-12-02 18:16:12"
"Node Map References","sn_cmdb_ws_node_map_reference","Application File","false","2024-12-02 18:16:10"
"Node Map Related Item","sn_cmdb_ws_node_map_related_item","Application File","false","2024-12-02 18:16:13"
"Table Attributes","sn_cmdb_ws_node_map_table_attributes","Application File","false","2024-12-02 18:16:13"
"Operational life cycle","sn_cmdb_ws_operational_lifecycle","Application File","true","2024-12-02 18:16:11"
"Operational life cycle mode","sn_cmdb_ws_operational_lifecycle_for_unified_map","Operational life cycle","false","2024-12-02 18:16:15"
"Partial Payload Item","sn_cmdb_ws_partial_payload_item","","false","2024-12-02 18:16:09"
"CMDB Product Insight Data","sn_cmdb_ws_product_insight_data","Base Aggregate Data","false","2024-12-02 18:16:10"
"Progress Monitor","sn_cmdb_ws_progress_monitor","","false","2024-12-02 18:16:13"
"Quick Links","sn_cmdb_ws_quick_links","","false","2024-12-02 18:16:13"
"Rating Configuration","sn_cmdb_ws_rating_config","","false","2024-12-02 18:16:12"
"CMDB Workspace De-duplication template library","sn_cmdb_ws_reconcile_duplicate_template_library","Application File","false","2024-12-02 18:16:09"
"De-duplication template suggested task","sn_cmdb_ws_reconcile_duplicate_template_suggested_task","","false","2024-12-02 18:16:09"
"Service Graph Connector","sn_cmdb_ws_service_graph_connector","","false","2024-12-02 18:16:11"
"Unified Map Performance Metrics","sn_cmdb_ws_um_perf_metrics","","false","2024-12-02 18:16:08"
"Workload Aggregate Data","sn_cmdb_ws_workload_aggregate_data","Base Aggregate Data","false","2024-12-02 18:16:13"
"Code Search Group","sn_codesearch_search_group","Application File","false","2015-09-07 13:20:45"
"Code Search Table","sn_codesearch_table","Application File","false","2015-09-07 13:20:51"
"Developer Collaboration Task","sn_collab_request_dev_collab_task","Task","false","2025-01-23 04:40:21"
"Permission Section","sn_collab_request_permission_section","","false","2025-01-23 04:40:20"
"Permission Set Section Mapping","sn_collab_request_permission_set_section_mapping","","false","2025-01-23 04:40:21"
"Creator Studio Activity","sn_creatorstudio_activity","","false","2025-01-23 05:21:19"
"Request Subtask","sn_creatorstudio_child_task","Task","false","2025-01-23 05:21:21"
"New Application Admin Task","sn_creatorstudio_new_application_admin_task","Task","false","2025-01-23 05:21:20"
"New Application Task","sn_creatorstudio_new_application_task","Task","false","2025-01-23 05:21:20"
"Request App Config","sn_creatorstudio_request_app_config","Application File","false","2025-01-23 05:21:20"
"Request Task","sn_creatorstudio_task","Task","true","2025-01-23 05:21:21"
"Critical Updates","sn_critical_update","","false","2024-12-02 18:05:49"
"Code Signing API Registry","sn_cs_api_registry","","false","2024-12-02 18:03:51"
"Code Signing Plugin Signatures","sn_cs_plugin_signatures","","false","2024-12-02 18:03:50"
"Code Signing Telemetry Log","sn_cs_telemetry_log","","false","2024-12-02 18:03:51"
"Decision Condition","sn_decision_table_decision_condition","Application File","false","2024-12-02 18:29:52"
"Decision table excel action history","sn_decision_table_excel_action_history","","false","2024-12-02 18:29:53"
"App Dependency Client Application Details","sn_dependentclient_application","","false","2024-12-02 17:56:30"
"App Dependency Client App Plugin Mapping","sn_dependentclient_app_plugin_map","","false","2024-12-02 17:56:30"
"App Dependency Client Plugin Details","sn_dependentclient_plugin","","false","2024-12-02 17:56:30"
"Deployment Environment Result","sn_deploy_pipeline_deployment_environment_result","","false","2025-01-23 04:40:23"
"Deployment Request","sn_deploy_pipeline_deployment_request","Task","false","2025-01-23 04:40:24"
"Scan Suite","sn_deploy_pipeline_scan_suite","","false","2025-01-23 04:40:22"
"Scheduled Deployment","sn_deploy_pipeline_scheduled_deployment","","false","2025-01-23 04:40:22"
"Scan Suite","sn_deploy_pipeline_st_scan_suite","","false","2025-01-23 04:40:24"
"Studio Navigation Module","sn_devstudio_navigation_module","Application File","false","2024-12-02 17:50:23"
"Studio Preferences","sn_devstudio_studio_preferences","","false","2024-12-02 17:50:24"
"Studio User Preferences","sn_devstudio_user_preferences","","false","2024-12-02 17:50:23"
"Default Console Application","sn_dfc_application","","false","2024-12-02 18:13:25"
"Default Console Product","sn_dfc_product","","false","2024-12-02 18:13:25"
"Canvas Action","sn_diagram_builder_canvas_action","UI Action","false","2024-12-02 18:14:04"
"Category","sn_diagram_builder_category","Application File","false","2024-12-02 18:14:01"
"Diagram Configuration","sn_diagram_builder_configuration","Application File","false","2024-12-02 18:14:02"
"Connector Port","sn_diagram_builder_connector_port","Application File","false","2024-12-02 18:14:02"
"Diagram Context Menu Option","sn_diagram_builder_context_menu_option","UI Action","false","2024-12-02 18:14:02"
"Diagram Action","sn_diagram_builder_diagram_action","Application File","false","2024-12-02 18:14:02"
"Diagram Action Argument","sn_diagram_builder_diagram_action_argument","Application File","false","2024-12-02 18:14:03"
"Diagram Action Dependency","sn_diagram_builder_diagram_action_dependency","Application File","false","2024-12-02 18:14:03"
"Diagram Templates","sn_diagram_builder_diagram_template","Application File","false","2024-12-02 18:14:04"
"Diagram Instances","sn_diagram_builder_instance","Application File","false","2024-12-02 18:14:02"
"Node Connector","sn_diagram_builder_node_connector","Application File","false","2024-12-02 18:14:01"
"Node Type","sn_diagram_builder_node_type","Application File","false","2024-12-02 18:14:04"
"Node Type Attribute","sn_diagram_builder_node_type_attribute","Application File","false","2024-12-02 18:14:04"
"Node Type Context Menu Option","sn_diagram_builder_node_type_context_menu_option_m2m","Application File","false","2024-12-02 18:14:04"
"Node Type Handler","sn_diagram_builder_node_type_handler","Application File","false","2024-12-02 18:14:03"
"Palette Configuration","sn_diagram_builder_palette_configuration","Application File","false","2025-01-23 05:21:15"
"Shape","sn_diagram_builder_shape","Application File","false","2024-12-02 18:14:02"
"Shape Property","sn_diagram_builder_shape_property","Application File","false","2024-12-02 18:14:02"
"Shape Property Override","sn_diagram_builder_shape_property_override","Application File","false","2024-12-02 18:14:01"
"Dependent Shape Template To Property Override","sn_diagram_builder_shape_property_override_to_shape_template","Application File","false","2024-12-02 18:14:01"
"Dependent Shape Template To Property","sn_diagram_builder_shape_property_to_shape_template","Application File","false","2024-12-02 18:14:04"
"Shape Template","sn_diagram_builder_shape_template","Application File","false","2024-12-02 18:14:03"
"Shape Template Map","sn_diagram_builder_shape_template_m2m","Application File","false","2024-12-02 18:14:03"
"Spot","sn_diagram_builder_spot","Application File","false","2024-12-02 18:14:04"
"UI Action","sn_diagram_builder_ui_action","Application File","true","2024-12-02 18:14:01"
"Docker Credentials","sn_docker_spoke_docker_repositories_list","Credentials","false","2024-12-02 18:19:57"
"Docker Webhook Answer Subflow","sn_docker_spoke_docker_webhook_answer_subflow","","false","2024-12-02 18:19:56"
"Docker Webhook Registry","sn_docker_spoke_docker_webhook_registry","","false","2024-12-02 18:19:56"
"Docker Images","sn_docker_spoke_images","","false","2024-12-02 18:19:56"
"Employee Profile AI Configuration","sn_employee_ai_configuration","Application File","false","2024-12-02 18:18:48"
"Employee Licensed Application","sn_employee_app","Application File","false","2024-12-02 18:18:46"
"Employee Application Access","sn_employee_app_access","","false","2024-12-02 18:18:45"
"Employee Application Access Criteria","sn_employee_app_access_criteria","Application File","false","2024-12-02 18:18:44"
"Employee Definition","sn_employee_definition","Application File","false","2024-12-02 18:18:44"
"Job Tracker","sn_employee_job_tracker","","false","2024-12-02 18:18:47"
"Tab Widget Section Configuration","sn_employee_m2m_tabwidget_section","Application File","false","2024-12-02 18:18:44"
"Tab Portal Configuration","sn_employee_m2m_tab_portal_configuration","Application File","false","2024-12-02 18:18:47"
"Overview Section","sn_employee_overview_section","Application File","false","2024-12-02 18:18:46"
"Overview Section Field","sn_employee_overview_section_field","Application File","false","2024-12-02 18:18:47"
"Available for Overview Section Field","sn_employee_overview_section_field_user_criteria_mtom","Application File","false","2024-12-02 18:18:47"
"Not Available for Overview Section Field","sn_employee_overview_section_field_user_criteria_no_mtom","Application File","false","2024-12-02 18:18:45"
"Employee Profile Portal Configuration","sn_employee_portal_configuration","Application File","false","2024-12-02 18:18:45"
"Employee Job Profile","sn_employee_position","","false","2024-12-02 18:18:44"
"Employee Job Profile Staging","sn_employee_position_stg","Import Set Row","false","2024-12-02 18:18:45"
"Employee Profile","sn_employee_profile","","false","2024-12-02 18:18:47"
"Employee Profile Header Configuration","sn_employee_profile_header_configuration","Application File","false","2024-12-02 18:18:45"
"Reminder","sn_employee_reminder","","false","2024-12-02 18:18:45"
"Tab","sn_employee_tab","Application File","false","2024-12-02 18:18:47"
"Tab Widget Mapping","sn_employee_tab_widget_mapping","Application File","false","2024-12-02 18:18:46"
"Available for Widget Mapping","sn_employee_widget_mapping_user_criteria_mtom","Application File","false","2024-12-02 18:18:46"
"Not Available for Widget Mapping","sn_employee_widget_mapping_user_criteria_no_mtom","Application File","false","2024-12-02 18:18:46"
"Now Assist Purchased For Account","sn_entitlement_account_nowassist_purchased","","false","2024-12-02 18:15:46"
"GenAI Assist Analytics","sn_entitlement_genai_assist_analytics","","false","2024-12-02 18:15:45"
"GenAI Assist Count","sn_entitlement_genai_assist_counts","MIF Sync Data","false","2024-12-02 18:15:43"
"GenAI Creator User","sn_entitlement_genai_creator_users","MIF Sync Data","false","2024-12-02 18:15:47"
"GenAI Creator User Count","sn_entitlement_genai_creator_user_counts","MIF Sync Data","false","2024-12-02 18:15:43"
"Subscription Application Family","sn_entitlement_st_subscription_application_family","","false","2024-12-02 18:15:47"
"Subscription Application Users","sn_entitlement_st_subscription_application_users","","false","2024-12-02 18:15:44"
"Action","sn_ex_sp_action","Application File","false","2024-12-02 18:18:40"
"Action group","sn_ex_sp_action_group","Application File","false","2024-12-02 18:18:43"
"Action parameter","sn_ex_sp_action_parameter","Application File","false","2024-12-02 18:18:41"
"Action Type","sn_ex_sp_action_type","Application File","false","2024-12-02 18:18:44"
"Activity Configuration","sn_ex_sp_activity_configuration","Application File","false","2024-12-02 18:18:38"
"Activity Configuration Detail","sn_ex_sp_activity_config_detail","Application File","false","2024-12-02 18:18:41"
"Activity Access","sn_ex_sp_activity_user_criteria_mtom","","false","2024-12-02 18:18:43"
"External Link","sn_ex_sp_external_link","","false","2024-12-02 18:18:41"
"External Link Available for","sn_ex_sp_ext_link_user_criteria_mtom","","false","2024-12-02 18:18:39"
"External Link Not Available for","sn_ex_sp_ext_link_user_criteria_no_mtom","","false","2024-12-02 18:18:40"
"Favorite Content Configuration","sn_ex_sp_favorite_content_config","Application File","false","2024-12-02 18:18:43"
"Favorite Content Type","sn_ex_sp_favorite_content_type","Application File","false","2024-12-02 18:18:39"
"Employee Center Footer","sn_ex_sp_footer","Application File","false","2024-12-02 18:18:43"
"Employee Center Footer Menu","sn_ex_sp_footer_menu","Application File","false","2024-12-02 18:18:38"
"Get Support","sn_ex_sp_get_support","","false","2024-12-02 18:18:41"
"Action group M2M","sn_ex_sp_m2m_action_group","Application File","false","2024-12-02 18:18:38"
"Navigation menu item M2M Quick link","sn_ex_sp_m2m_portal_navigation_item_quicklink","","false","2024-12-02 18:18:40"
"Advanced Portal Navigation","sn_ex_sp_portal_extensible_navigation","Application File","false","2024-12-02 18:18:42"
"Navigation menu item","sn_ex_sp_portal_extensible_navigation_item","Application File","false","2024-12-02 18:18:39"
"Quick Link","sn_ex_sp_quick_link","","false","2024-12-02 18:18:40"
"Quick Link Available for","sn_ex_sp_quick_link_user_criteria_mtom","","false","2024-12-02 18:18:42"
"Static Content","sn_ex_sp_static_content","","false","2024-12-02 18:18:42"
"Static Content Available For","sn_ex_sp_static_content_user_criteria_mtom","","false","2024-12-02 18:18:40"
"Static Content Not Available For","sn_ex_sp_static_content_user_criteria_no_mtom","","false","2024-12-02 18:18:42"
"Favorite (App Use)","sn_ex_sp_st_favorite","","false","2024-12-02 18:18:39"
"Task Configuration","sn_ex_sp_task_configuration","Application File","false","2024-12-02 18:18:43"
"Tab Configuration","sn_ex_sp_task_tab_configuration","Application File","false","2024-12-02 18:18:42"
"To-do Configuration Detail","sn_ex_sp_todo_config_detail","Application File","false","2024-12-02 18:18:39"
"Topic Metric","sn_ex_sp_topic_metric","","false","2024-12-02 18:18:42"
"FDIH dashboard tabs","sn_fdih_dashboards_tabs","","false","2024-12-02 18:13:56"
"Goal Assigned Entity Configuration","sn_gf_assigned_entity_config","Application File","false","2024-12-02 18:29:09"
"Core Goal","sn_gf_core_goal","","true","2024-12-02 18:29:07"
"Goal","sn_gf_goal","Core Goal","false","2024-12-02 18:29:09"
"Goal Relationship","sn_gf_goal_m2m_relationship","","false","2024-12-02 18:29:10"
"Target","sn_gf_goal_target","","true","2024-12-02 18:29:10"
"Target Progress","sn_gf_goal_target_progress","","false","2024-12-02 18:29:08"
"Strategic Priority","sn_gf_strategy","","true","2024-12-02 18:29:08"
"Unit","sn_gf_units","","false","2024-12-02 18:29:08"
"GAC Spreadsheet File","sn_g_app_creator_spreadsheet_file","","false","2024-12-02 17:56:56"
"ESC Portal Configuration","sn_hr_sp_esc_portal_config","Application File","false","2024-12-02 18:04:05"
"Pre-Chat Survey Configuration","sn_hr_sp_pre_chat_survey_config","Application File","false","2024-12-02 18:26:49"
"Relevant For You (App Use)","sn_hr_sp_st_relevant_for_you","","false","2024-12-02 18:18:38"
"To-dos Configuration","sn_hr_sp_todos_config","Application File","false","2024-12-02 18:04:04"
"To-dos Widget Mapping","sn_hr_sp_todos_widget_mapping","Application File","false","2024-12-02 18:04:04"
"To-do filter","sn_hr_sp_todo_filter","Application File","false","2024-12-02 18:04:05"
"To-do filter category","sn_hr_sp_todo_filter_category","Application File","false","2024-12-02 18:04:04"
"To-dos config filter condition","sn_hr_sp_todo_filter_condition","Application File","false","2024-12-02 18:04:04"
"To-do filter category mapping","sn_hr_sp_todo_filter_m2m_category","Application File","false","2024-12-02 18:04:05"
"To-do filter condition mapping","sn_hr_sp_todo_filter_m2m_condition","Application File","false","2024-12-02 18:04:04"
"To-do filters mapping","sn_hr_sp_todo_filter_m2m_filter","Application File","false","2024-12-02 18:04:03"
"Integration Data Mapping Definition","sn_ihub_data_mapping_definition","Application File","false","2024-12-02 18:01:53"
"Data import","sn_ihub_integration_instance","Application File","false","2024-12-02 18:01:53"
"Transform Definition Configuration","sn_ihub_transform_definition_whitelist","Application File","false","2024-12-02 18:01:53"
"Clone Log","sn_instance_clone_log","Log Entry","false","2024-12-02 18:28:48"
"Clone Log","sn_instance_clone_log0000","Log Entry","false","2024-12-02 18:28:51"
"Clone Log","sn_instance_clone_log0001","Log Entry","false","2024-12-02 18:28:51"
"Clone Log","sn_instance_clone_log0002","Log Entry","false","2024-12-02 18:28:51"
"Clone Log","sn_instance_clone_log0003","Log Entry","false","2024-12-02 18:28:51"
"Clone Log","sn_instance_clone_log0004","Log Entry","false","2024-12-02 18:28:52"
"Clone Log","sn_instance_clone_log0005","Log Entry","false","2024-12-02 18:28:52"
"Clone Log","sn_instance_clone_log0006","Log Entry","false","2024-12-02 18:28:52"
"Clone Log","sn_instance_clone_log0007","Log Entry","false","2024-12-02 18:28:52"
"Clone Request","sn_instance_clone_request","","false","2024-12-02 18:28:47"
"Important Action Card","sn_itam_recomm_action_card","","false","2024-12-02 18:04:40"
"Important Actions Dashboard","sn_itam_recomm_dashboard","","false","2024-12-02 18:04:40"
"Important Actions Dashboard Result","sn_itam_recomm_dashboard_result","","false","2024-12-02 18:04:39"
"Important Actions Setup","sn_itam_recomm_setup","","false","2024-12-02 18:04:39"
"Important Actions Setup Result","sn_itam_recomm_setup_result","","false","2024-12-02 18:04:39"
"Important Actions Workspace","sn_itam_recomm_workspace","","false","2024-12-02 18:04:39"
"Zero Touch Refresh Fulfillment Request","sn_itam_ztr_fulfillment_req","Task","false","2024-12-02 17:40:58"
"Knowledge Article","sn_km_mr_st_kb_knowledge","","false","2024-12-02 18:27:51"
"Context Related Record Definition","sn_m2m_context_related_record_defn","Application File","false","2024-12-02 18:28:09"
"Note Template for Table","sn_m2m_note_template_for_table","","false","2024-12-02 18:01:38"
"Static Media Section","sn_me_static_media_section","","false","2024-12-02 18:27:52"
"Topic (App Use)","sn_me_st_topic","","false","2024-12-02 18:27:53"
"MIF Instance","sn_mif_instance","","false","2024-12-02 18:15:41"
"MIF Sync Data","sn_mif_sync_data","","true","2024-12-02 18:15:42"
"Data Sync Status","sn_mif_sync_status","","false","2024-12-02 18:15:41"
"Registered Tables","sn_mif_table_registration","Application File","false","2024-12-02 18:15:41"
"Trust Configuration","sn_mif_trust_config","","false","2024-12-02 18:15:42"
"Conditional Rule","sn_nb_action_conditional_rule","Recommended Action Rule","false","2024-12-02 18:21:43"
"Rule","sn_nb_action_condition_based_rule","Recommended Action Rule","false","2024-12-02 18:21:40"
"Recommended Action Context","sn_nb_action_context","","false","2024-12-02 18:21:43"
"Decision Table Rule","sn_nb_action_decision_table_rule","Recommended Action Rule","false","2024-12-02 18:21:41"
"Recommended Action Execution","sn_nb_action_detail","","false","2024-12-02 18:21:40"
"Recommended Action Order","sn_nb_action_detail_order","","false","2024-12-02 18:21:40"
"Field recommendation","sn_nb_action_field_recommendation","Application File","false","2024-12-02 18:21:42"
"Field recommendation definition","sn_nb_action_field_recommendation_definition","Application File","false","2024-12-02 18:21:42"
"Field recommendation input","sn_nb_action_field_recommendation_input","Variables","false","2024-12-02 18:21:40"
"Resource generator type input","sn_nb_action_generator_type_input","Variables","false","2024-12-02 18:21:42"
"Recommended Action Input Generator","sn_nb_action_input_generator","Application File","false","2024-12-02 18:21:41"
"Recommendation","sn_nb_action_recommended_action","Application File","false","2024-12-02 18:21:41"
"Resource generator","sn_nb_action_resource_generator","Application File","false","2024-12-02 18:21:41"
"Resource generator type","sn_nb_action_resource_generator_type","Application File","false","2024-12-02 18:21:43"
"Recommended Action Rule","sn_nb_action_rule_base","Application File","true","2024-12-02 18:21:40"
"Context","sn_nb_action_rule_context","Application File","false","2024-12-02 18:21:42"
"Recommendation group","sn_nb_action_rule_context_group","Application File","false","2024-12-02 18:21:42"
"Recommendation grouping strategy","sn_nb_action_rule_context_group_strategy","Application File","false","2024-12-02 18:21:43"
"Search result recommended action mapping","sn_nb_action_search_result_ra_mapping","Application File","false","2024-12-02 18:21:41"
"Trend Definition","sn_nb_action_trend_definition","Application File","false","2024-12-02 18:21:43"
"Action Type Definition","sn_nb_action_type_definition","Application File","false","2024-12-02 18:21:42"
"Now Assist Guided Setup Status","sn_nowassist_gs_status","","false","2024-12-02 18:15:24"
"Now Assist Help","sn_nowassist_help","Application File","false","2024-12-02 18:15:24"
"Now Assist Skill Prompt Header","sn_nowassist_m2m_prompt_header","Application File","false","2024-12-02 18:15:25"
"Now Assist Plugin","sn_nowassist_plugin","Application File","false","2024-12-02 18:15:25"
"Now Assist Prompt Header","sn_nowassist_prompt_header","Application File","false","2024-12-02 18:15:23"
"Now Assist Settings","sn_nowassist_settings","Application File","false","2024-12-02 18:15:23"
"Now Assist settings variables","sn_nowassist_setting_vars","Variables","false","2024-12-02 18:15:25"
"Now Assist Skill Config","sn_nowassist_skill_config","Application File","false","2024-12-02 18:15:25"
"Now Assist Skill Config Applicability","sn_nowassist_skill_config_applicability","Application File","false","2024-12-02 18:15:23"
"Now Assist Skill Config Type","sn_nowassist_skill_config_type","Application File","false","2024-12-02 18:15:22"
"Now Assist Skill Variable","sn_nowassist_skill_config_var","Variables","false","2024-12-02 18:15:25"
"Now Assist Skill Config Var Set","sn_nowassist_skill_config_var_set","Application File","false","2024-12-02 18:15:23"
"Now Assist Skill Family","sn_nowassist_skill_family","Application File","false","2024-12-02 18:15:24"
"Now Assist Config Skill Mapping","sn_ns_config_m2m_skill","Application File","false","2024-12-02 18:15:24"
"Now Assist Skill Config UI","sn_ns_skill_config_ui","Application File","false","2024-12-02 18:15:23"
"Now Assist Skill Config Var Set UI","sn_ns_skill_config_var_set_ui","Application File","false","2024-12-02 18:15:24"
"Attachment Helper","sn_pdf_table_bldr_attachment_helper","","false","2025-01-23 04:40:14"
"Pdf Table Input","sn_pdf_table_bldr_pdf_table_input","","false","2025-01-23 04:40:14"
"Environment","sn_pipeline_environment","Application File","false","2025-01-23 04:40:16"
"Pipeline","sn_pipeline_pipeline","Application File","false","2025-01-23 04:40:17"
"Pipeline Environment Order","sn_pipeline_pipeline_environment_order","Application File","false","2025-01-23 04:40:17"
"Pipeline Instance","sn_pipeline_pipeline_instance","","false","2025-01-23 04:40:15"
"Pipeline Type","sn_pipeline_pipeline_type","Application File","false","2025-01-23 04:40:16"
"Request Authorization Key","sn_pipeline_request_authorization_key","","false","2025-01-23 04:40:17"
"Preferred Table","sn_preferred_table","","false","2024-12-02 18:14:00"
"Preferred Table Conext","sn_preferred_table_context","","false","2024-12-02 18:14:00"
"Preferred Table Context Mapping","sn_preferred_table_context_mapping","","false","2024-12-02 18:14:01"
"Publication","sn_publications_publication","","false","2024-12-02 18:09:47"
"Publication Recipients","sn_publications_publication_contact_m2m","","false","2024-12-02 17:52:43"
"Recipients","sn_publications_recipientslist_user_m2m","","false","2018-02-05 00:07:42"
"Recipients List","sn_publications_recipients_list","","false","2024-12-02 17:52:42"
"Recurrence","sn_publications_recurrence","","false","2024-12-02 17:52:42"
"Workflow Config","sn_publications_workflow_config","","false","2024-12-02 17:52:43"
"Related Record Context","sn_related_record_context","Application File","false","2024-12-02 18:28:09"
"Related Record Definition","sn_related_record_definition","Application File","false","2024-12-02 18:28:09"
"RTBI Classified Field","sn_rtbi_classified_field","Application File","false","2024-12-02 18:03:48"
"RTBI Configuration","sn_rtbi_configuration","Application File","false","2024-12-02 18:03:48"
"RTBI Primary Reference Link","sn_rtbi_primary_reference","Application File","false","2024-12-02 18:03:47"
"RTBI Report Template","sn_rtbi_report_template","Application File","false","2024-12-02 18:03:48"
"RTBI Template M2M Report Config","sn_rtbi_template_m2m_report_config","Application File","false","2024-12-02 18:03:48"
"Contributing Indicator PO Project","sn_sd_contributing_indicator_m2m_po_project","","false","2024-12-02 18:29:51"
"Secrets Management Journal","sn_sm_journal0000","","false","2024-12-02 18:39:52"
"Secrets Management Journal","sn_sm_journal0001","","false","2024-12-02 18:39:52"
"Secrets Management Journal","sn_sm_journal0002","","false","2024-12-02 18:39:53"
"Secrets Management Journal","sn_sm_journal0003","","false","2024-12-02 18:39:53"
"Secrets Management Journal","sn_sm_journal0004","","false","2024-12-02 18:39:53"
"Secrets Management Journal","sn_sm_journal0005","","false","2024-12-02 18:39:54"
"Secrets Management Journal","sn_sm_journal0006","","false","2024-12-02 18:39:54"
"Resources","sn_sns_resources","","false","2025-01-23 05:27:33"
"Configuration Category","sn_sow_cfg_cat","Application File","false","2024-12-02 18:21:44"
"Configuration Group","sn_sow_cfg_grp","Application File","false","2024-12-02 18:21:44"
"Configuration Setting","sn_sow_cfg_stg","Application File","false","2024-12-02 18:21:44"
"Record Type Selector","sn_sow_interceptor_record_type_selector","Application File","false","2024-12-02 18:21:44"
"Generative usage details aggregate","sn_sub_man_gen_ai_usage_details_aggregate","","false","2024-12-02 18:15:48"
"Account level entitlements","sn_sub_man_st_account_level_entitlement","","false","2024-12-02 18:15:49"
"Generative AI Metadata","sn_sub_man_st_gen_ai_metadata","","false","2024-12-02 18:15:48"
"SM instance used assists count","sn_sub_man_st_instance_used_assist_count","","false","2024-12-02 18:15:48"
"SM aggregates of now assists usage","sn_sub_man_st_now_assists_aggregate","","false","2024-12-02 18:15:48"
"Now Assist Creator Instances","sn_sub_man_st_now_assist_creator_instances","","false","2024-12-02 18:15:49"
"Subscribed Groups","sn_sub_man_st_subscribed_groups","","false","2024-12-02 18:15:49"
"Subscription Insights","sn_sub_man_st_subscription_insights","","false","2024-12-02 18:15:48"
"Subscription license detail metric","sn_sub_man_st_subscription_license_detail_metric","","false","2024-12-02 18:15:49"
"Unallocated Group Recommendations","sn_sub_man_st_unallocated_group_recommendation","","false","2024-12-02 18:15:48"
"Unconfirmed user groups","sn_sub_man_st_unconfirmed_user_group","","false","2024-12-02 18:15:48"
"Attachment Helper","sn_table_bldr_wzd_attachment_helper","","false","2025-01-23 04:40:15"
"Table Builder Positioning Table","sn_table_builder_positioning_table","","false","2024-12-02 18:14:06"
"Response Template Channel","sn_templated_snip_channel","Application File","false","2024-12-02 18:01:38"
"Response Template","sn_templated_snip_note_template","Application File","false","2024-12-02 18:01:38"
"Collection","sn_udc_collection","","false","2025-01-23 04:40:12"
"Collection Item","sn_udc_collection_item","","false","2025-01-23 04:40:11"
"Developer History","sn_udc_developer_history","","false","2024-12-02 18:14:05"
"Developer Session Watch","sn_udc_developer_session_watch","","false","2025-01-23 04:40:13"
"File Taxonomy Builder","sn_udc_file_taxonomy_builder","Application File","false","2024-12-02 18:14:05"
"File Taxonomy Builder Config","sn_udc_file_taxonomy_builder_config","Application File","false","2024-12-02 18:14:06"
"File Taxonomy Category","sn_udc_file_taxonomy_category","Application File","false","2024-12-02 18:14:05"
"Taxonomy Exclusion","sn_udc_file_taxonomy_exclusion","Application File","false","2024-12-02 18:14:05"
"File Taxonomy Type","sn_udc_file_taxonomy_type","Application File","false","2024-12-02 18:14:05"
"Taxonomy Type Category Map","sn_udc_file_taxonomy_type_category_m2m","Application File","false","2024-12-02 18:14:05"
"On-call roster member update","sn_uib_on_call_roster_member_update","","false","2024-12-02 18:21:44"
"Props Config","sn_ui_builder_props_config","Application File","false","2024-12-02 18:21:04"
"Usage Experience Analytics Menu Category Mapping","sn_uxa_menu_category_mapping","","false","2024-12-02 18:29:03"
"Best practice configurations","sn_vsc_best_practice_configurations","","false","2024-12-02 18:19:20"
"Goals","sn_vsc_best_practice_goals","","false","2024-12-02 18:19:20"
"Changed Hardening Settings","sn_vsc_changed_hardening_settings","","false","2024-12-02 18:19:19"
"Changed Scan Findings","sn_vsc_changed_scan_findings","","false","2024-12-02 18:19:18"
"Check Security Area","sn_vsc_check_security_area","","false","2024-12-02 18:19:17"
"Elevation Event","sn_vsc_elevation_event","SC Event","false","2024-12-02 18:19:20"
"SC Event","sn_vsc_event","","true","2024-12-02 18:19:17"
"Export Event","sn_vsc_export_event","SC Event","false","2024-12-02 18:19:19"
"Export Setting","sn_vsc_export_setting","","false","2024-12-02 18:19:18"
"Hardening setting compliance status lookup","sn_vsc_harc_compliance_status_lookup","","false","2024-12-02 18:19:17"
"Hardening Compliance Scores","sn_vsc_hardening_compliance_scores","","false","2024-12-02 18:19:20"
"Impersonation Event","sn_vsc_impersonation_event","SC Event","false","2024-12-02 18:19:20"
"Instance Hardening Settings","sn_vsc_instance_hardening_settings","","false","2024-12-02 18:19:19"
"Login Event","sn_vsc_login_event","SC Event","false","2024-12-02 18:19:19"
"Scan Comparisons","sn_vsc_scan_comparisons","","false","2024-12-02 18:19:19"
"Scan Summary","sn_vsc_scan_summary","","false","2024-12-02 18:19:20"
"Security Check Categories","sn_vsc_security_check_categories","","false","2024-12-02 18:19:19"
"Security Check Configurations","sn_vsc_security_check_configurations","","false","2024-12-02 18:19:20"
"Security Check Configuration Groups","sn_vsc_security_configuration_groups","","false","2024-12-02 18:19:18"
"Security and privacy capabilities","sn_vsc_security_privacy_capabilities","","false","2024-12-02 18:19:17"
"Updated Hardening Settings","sn_vsc_updated_settings","","false","2024-12-02 18:19:18"
"User Comparisons","sn_vsc_user_comparisons","","false","2024-12-02 18:19:18"
"App Configuration","sn_wn_app_config","","false","2024-12-02 18:14:57"
"App Configuration Content","sn_wn_app_config_content_m2m","","false","2024-12-02 18:14:57"
"Content","sn_wn_content","","false","2024-12-02 18:14:58"
"Content Media","sn_wn_content_media_m2m","","false","2024-12-02 18:14:58"
"Media","sn_wn_media","","false","2024-12-02 18:14:58"
"User App Activity","sn_wn_user_app_activity","","false","2024-12-02 18:14:57"
"User Content Activity","sn_wn_user_content_activity","","false","2024-12-02 18:14:57"
"Service Portfolio","spm_service_portfolio","","false","2024-12-02 17:48:02"
"Taxonomy Layer Definition","spm_taxonomy_layer_definition","","false","2024-12-02 17:48:02"
"Taxonomy Node","spm_taxonomy_node","","false","2024-12-02 17:47:59"
"Service Portal Agent Chat Configuration","sp_agent_chat_config","Application File","false","2024-12-02 18:24:22"
"AI Search Results Action Configuration","sp_ai_search_results_action_config","Application File","false","2024-12-02 17:49:44"
"Widget Angular Provider","sp_angular_provider","Application File","false","2024-12-02 17:49:22"
"Carousel Slide","sp_carousel_slide","Application File","false","2024-12-02 17:49:25"
"Column","sp_column","Application File","false","2024-12-02 17:49:26"
"Container","sp_container","Application File","false","2024-12-02 17:49:24"
"Style Sheet","sp_css","Application File","false","2024-12-02 17:49:27"
"CSS Include","sp_css_include","Application File","false","2024-12-02 17:49:23"
"Widget Dependency","sp_dependency","Application File","false","2024-12-02 17:49:20"
"Service Portal Documentation","sp_documentation","Application File","false","2024-12-02 17:49:21"
"Portal Favorite","sp_favorite","","false","2024-12-02 17:49:48"
"Filtered Message","sp_filtered_message","Application File","false","2024-12-02 17:49:20"
"Header | Footer","sp_header_footer","Widget","false","2024-12-02 17:49:24"
"Instance","sp_instance","Application File","true","2024-12-02 17:49:21"
"Instance with Search","sp_instance_ais","Instance","false","2024-12-02 17:49:21"
"Instance of Carousel","sp_instance_carousel","Instance","false","2024-12-02 17:49:28"
"Instance with Link","sp_instance_link","Instance","false","2024-12-02 17:49:22"
"Instance with Menu","sp_instance_menu","Instance","false","2024-12-02 17:49:22"
"Instance with Table","sp_instance_table","Instance","true","2024-12-02 17:49:21"
"Instance of Simple List","sp_instance_vlist","Instance with Table","false","2024-12-02 17:49:21"
"JS Include","sp_js_include","Application File","false","2024-12-02 17:49:19"
"Service Portal Log Entry","sp_log","","false","2024-12-02 17:49:25"
"Meta Tag","sp_metatag","Application File","false","2024-12-02 17:49:22"
"Content variable","sp_metatag_variable","Application File","false","2024-12-02 17:49:23"
"Angular ng-template","sp_ng_template","Application File","false","2024-12-02 17:49:27"
"Page","sp_page","Application File","false","2024-12-02 17:49:24"
"Page Route Map","sp_page_route_map","Application File","false","2024-12-02 17:49:20"
"Dynamic page variables","sp_page_title_variable","Application File","false","2024-12-02 17:49:27"
"Service Portal","sp_portal","Application File","false","2024-12-02 17:49:26"
"Service Portal Analyzer Entry","sp_portal_analyzer","","false","2024-12-02 17:49:27"
"Menu Item","sp_rectangle_menu_item","Application File","false","2024-12-02 17:49:20"
"Widget Clone","sp_rel_widget_clone","Application File","false","2024-12-02 17:49:28"
"Row","sp_row","Application File","false","2024-12-02 17:49:24"
"Facet","sp_search_facet","Application File","false","2024-12-02 17:49:20"
"Mapped Facet Filter","sp_search_facet_filter","Application File","false","2024-12-02 17:49:27"
"Search Group","sp_search_group","Application File","false","2024-12-02 17:49:24"
"Search Source","sp_search_source","Application File","false","2024-12-02 17:49:26"
"Theme","sp_theme","Application File","false","2024-12-02 17:49:20"
"Service Portal UI Formatter","sp_ui_formatter","Application File","false","2024-12-02 17:49:22"
"List Action","sp_vlist_action","Application File","false","2024-12-02 17:49:25"
"Widget","sp_widget","Application File","true","2024-12-02 17:49:22"
"Activity Pattern","ssa_activity_pattern","Application File","false","2024-12-02 18:24:21"
"Deflection Configuration","ssa_deflection_configuration","Application File","false","2024-12-02 18:24:20"
"Deflection Metric","ssa_deflection_metric","","false","2024-12-02 18:24:20"
"Deflection Metric Activity","ssa_deflection_metric_activity","","false","2024-12-02 18:24:20"
"Deflection Pattern","ssa_deflection_pattern","Application File","false","2024-12-02 18:24:20"
"Element Base","ssa_element_base","Application File","true","2024-12-02 18:24:19"
"Pattern Element","ssa_pattern_element","Element Base","false","2024-12-02 18:24:19"
"Pattern Element Group","ssa_pattern_element_group","Element Base","false","2024-12-02 18:24:21"
"Pattern Element Mapping","ssa_pattern_m2m_element","Application File","false","2024-12-02 18:24:20"
"SSH Credentials","ssh_credentials","Credentials","false","2024-12-02 17:46:38"
"SSH Private Key Credentials","ssh_private_key_credentials","Credentials","false","2024-12-02 17:46:28"
"Stage Set","stage_set","","false","2024-12-02 17:40:32"
"Stage Set Entry","stage_set_entry","","false","2024-12-02 17:40:35"
"Stage Set for Table","stage_set_table","","false","2024-12-02 17:40:32"
"Stage State","stage_state","","false","2024-12-02 17:28:13"
"Stale CI Remediation","stale_ci_remediation","Task","false","2024-12-02 17:33:20"
"CI Actions","statemgmt_ci_actions","","false","2024-12-02 17:35:35"
"CMDB CI Actions","statemgmt_cmdb_actions","","false","2024-12-02 17:36:37"
"Compatible CI Actions","statemgmt_compat_actions","","false","2024-12-02 17:32:18"
"Not Allowed CI Actions","statemgmt_not_allow_actions","","false","2024-12-02 17:32:18"
"Not Allowed Operational Transitions","statemgmt_not_allow_ops","","false","2024-12-02 17:36:55"
"Internal Operational State","statemgmt_ops_state","","false","2024-12-02 17:34:06"
"Operational State Priority","statemgmt_ops_state_pri","","false","2024-12-02 17:32:24"
"CI State Registered Users","statemgmt_register_users","","false","2024-12-02 17:33:44"
"Renew Lease Task","statemgmt_renew_lease_task","Task","false","2024-12-02 17:36:21"
"State Binding","state_binding","","false","2024-12-02 17:41:45"
"Standard Change Template Version","std_change_producer_version","","false","2024-12-02 17:52:57"
"Standard Change Properties","std_change_properties","Application File","false","2024-12-02 17:52:57"
"Standard Change Proposal","std_change_proposal","Task","false","2024-12-02 18:09:47"
"Change Task Template","std_change_proposal_task","","false","2024-12-02 17:52:57"
"Standard Change Template","std_change_record_producer","Record Producer","false","2024-12-02 17:52:57"
"Standard Change Template Value","std_change_template","Template","false","2024-12-02 17:52:57"
"Standard Authentication Profile","std_http_auth","Authentication Profile","false","2024-12-02 17:59:14"
"Strategic Objective","strategic_objective","","true","2024-12-02 17:40:50"
"Streaming Attachment","streaming_attachment","","false","2024-12-02 18:02:59"
"State Model Attribute","sttrm_attribute","Application File","true","2024-12-02 17:53:04"
"Model State Transition Condition Type","sttrm_condition_type","Application File","true","2024-12-02 17:53:02"
"State Transition Model","sttrm_model","Application File","true","2024-12-02 17:53:03"
"Not Available For State Transition Model","sttrm_model_user_criteria_hide_mtom","Application File","false","2024-12-02 17:53:03"
"Available For State Transition Model","sttrm_model_user_criteria_read_mtom","Application File","false","2024-12-02 17:53:03"
"Can write State Transition Model","sttrm_model_user_criteria_write_mtom","Application File","false","2024-12-02 17:53:03"
"Model State","sttrm_state","Application File","true","2024-12-02 17:53:04"
"Model State Attribute","sttrm_state_attribute","Application File","true","2024-12-02 17:53:03"
"Model State Transition","sttrm_state_transition","Application File","true","2024-12-02 17:53:03"
"Model State Transition Condition","sttrm_transition_condition","Application File","true","2024-12-02 17:53:03"
"Configuration Hub Performance Metric","st_dfc_performance_metric","","false","2024-12-02 18:13:25"
"License Detail Metric","st_license_detail_metric","","false","2024-12-02 17:50:01"
"On-Call Hours","st_on_call_hour","","false","2024-12-02 17:59:23"
"Portal Favorite (App Use)","st_portal_favorite","","false","2024-12-02 17:49:48"
"Wizard Question (App use)","st_sc_wizard_question","","false","2024-12-02 18:03:14"
"Catalog Items and Variable Sets","st_sys_catalog_items_and_variable_sets","","false","2024-12-02 17:56:17"
"Design System Icons","st_sys_design_system_icon","","false","2024-12-02 18:00:05"
"Subnet Discovery Queue","subnet_discovery_queue","Discovery Queue","false","2024-12-02 17:46:33"
"Subscription detail","subscription_detail","","false","2024-12-02 18:15:44"
"Subscription Entitlement","subscription_entitlement","","false","2024-12-02 18:15:43"
"Subscription Purchase History","subscription_entitlement_audit_log","","false","2024-12-02 18:15:45"
"Subscription Entitlement Item","subscription_entitlement_item","","false","2024-12-02 18:15:44"
"Subscription Application","subscription_has_app","","false","2024-12-02 18:15:42"
"Subscription Application Family","subscription_has_family","","false","2024-12-02 18:15:42"
"Subscription Instance Stats","subscription_instance_stats","","false","2024-12-02 18:15:47"
"Exclusion List","svc_baseline_exclusion","","false","2024-12-02 17:39:10"
"Service Changes","svc_changes","","false","2024-12-02 17:58:48"
"Service Configuration Item Association","svc_ci_assoc","","false","2024-12-02 17:35:39"
"Service Container","svc_container","","false","2024-12-02 17:58:42"
"Service Container Configuration","svc_container_config","","false","2024-12-02 17:58:41"
"Service Environment","svc_environment","","false","2024-12-02 17:58:44"
"Service Environment Configuration","svc_environment_config","","false","2024-12-02 17:58:44"
"Deployment Extension Container","svc_extension","Application File","false","2024-12-02 17:58:42"
"Deployment Extension Definition","svc_extension_definition","Application File","false","2024-12-02 17:58:46"
"Deployment Extension Variables","svc_extension_variable","Variables","false","2024-12-02 17:58:43"
"Service Layer","svc_layer","","false","2024-12-02 17:58:45"
"Service Layer Configuration","svc_layer_config","","false","2024-12-02 17:58:40"
"Manual CI  Exclusions / Inclusions","svc_manual_ci_exclusions_inclusions","Application File","false","2024-12-02 17:58:55"
"Service Configuration Item Association","svc_model_assoc_ci","","false","2024-12-02 17:58:43"
"Service Model Timeline Checkpoint","svc_model_checkpoint","","false","2024-12-02 17:58:45"
"Service Model Checkpoint Attributes","svc_model_checkpoint_attr","","false","2024-12-02 17:58:44"
"Service Model Checkpoint Dependency","svc_model_checkpoint_dep","","false","2024-12-02 17:58:40"
"Service Model Cluster","svc_model_obj_cluster","","false","2024-12-02 17:58:45"
"Service Model Constraint","svc_model_obj_constraint","","false","2024-12-02 17:58:41"
"Service Model Deployable","svc_model_obj_deployable","","false","2024-12-02 17:58:45"
"Service Model Element","svc_model_obj_element","","false","2024-12-02 17:58:42"
"Service Model Impact","svc_model_obj_impact","","false","2024-12-02 17:58:46"
"Service Model Impact Rule","svc_model_obj_impactrule","","false","2024-12-02 17:58:42"
"Service Model Package","svc_model_obj_package","","false","2024-12-02 17:58:45"
"Service Model Path","svc_model_obj_path","","false","2024-12-02 17:58:43"
"Service Model Relation","svc_model_obj_relation","","false","2024-12-02 17:58:43"
"Service Model Service","svc_model_obj_service","","false","2024-12-02 17:58:41"
"Service Model Timeline","svc_model_timeline","","false","2024-12-02 17:58:40"
"Service Recomputation Performance Log","svc_recomputation_log","","false","2024-12-02 17:58:48"
"Service Recomputation Performance Log","svc_recomputation_log0000","","false","2024-12-02 18:40:34"
"Service Recomputation Performance Log","svc_recomputation_log0001","","false","2024-12-02 18:40:35"
"Service Recomputation Performance Log","svc_recomputation_log0002","","false","2024-12-02 18:40:36"
"Service Recomputation Performance Log","svc_recomputation_log0003","","false","2024-12-02 18:40:36"
"Service Recomputation Performance Log","svc_recomputation_log0004","","false","2024-12-02 18:40:37"
"Service Recomputation Performance Log","svc_recomputation_log0005","","false","2024-12-02 18:40:37"
"Service Recomputation Performance Log","svc_recomputation_log0006","","false","2024-12-02 18:40:38"
"Service recomputation service type filter","svc_recomputation_service_type_filter","","false","2024-12-02 17:58:49"
"Service Reference Field Inclusion List","svc_referencefield_inclusion","","false","2024-12-02 17:34:28"
"Service Relationship Association","svc_rel_assoc","","false","2024-12-02 17:36:15"
"Base Service Security Membership","svc_security_cfg","","true","2024-12-02 17:58:41"
"Security Membership For Service","svc_security_cfg_container","Base Service Security Membership","false","2024-12-02 17:58:41"
"Security Membership For Service Environment","svc_security_cfg_environment","Base Service Security Membership","false","2024-12-02 17:58:42"
"Security Membership For Service Layer","svc_security_cfg_layer","Base Service Security Membership","false","2024-12-02 17:58:44"
"Service Security Membership","svc_security_membership","","false","2024-12-02 17:58:41"
"Service Security Membership Actions","svc_security_membership_ops","","false","2024-12-02 17:58:43"
"Service Security Object Type Definition","svc_security_object_def","Application File","false","2024-12-02 17:58:45"
"Service Security Object Type Operations","svc_security_object_ops","Application File","false","2024-12-02 17:58:44"
"Service Security Persona","svc_security_persona","Application File","false","2024-12-02 17:58:46"
"Service Security Contained Personas","svc_security_persona_cont","Application File","false","2024-12-02 17:58:44"
"Service Security Persona Operations","svc_security_persona_ops","Application File","false","2024-12-02 17:58:42"
"Traversal Rules for Application Services","svc_traversal_rules","Application File","false","2024-12-02 17:58:53"
"Editor Macro","syntax_editor_macro","Application File","false","2024-12-02 17:27:06"
"Approval","sysapproval_approver","","false","2024-12-02 17:40:07"
"Group approval","sysapproval_group","Task","false","2024-12-02 17:40:35"
"Scheduled Job","sysauto","Application File","true","2024-12-02 17:24:03"
"Benchmark Scheduled Script","sysauto_bm_script","Scheduled Script Execution","false","2024-12-02 17:57:49"
"Scheduled Indicator","sysauto_indicator","Scheduled Job","false","2017-09-04 23:46:39"
"Scheduled Email Summary","sysauto_indicator_notifications","Scheduled Job","false","2024-12-02 17:53:18"
"Internal Timers","sysauto_internal_timer","Scheduled Job","false","2024-12-02 17:24:03"
"Scheduled Email of Multisource Report Builder","sysauto_ms_report_builder","Scheduled Job","false","2024-12-02 17:32:14"
"Scheduled Data Collection","sysauto_pa","Scheduled Job","false","2024-12-02 17:53:14"
"Par Scheduled Export","sysauto_par","","false","2024-12-02 18:18:22"
"Scheduled Email of Query Builder","sysauto_query_builder","Scheduled Job","false","2024-12-02 17:36:09"
"Scheduled Email of Report","sysauto_report","Scheduled Job","false","2024-12-02 17:24:03"
"Scheduled Scan","sysauto_scan","Scheduled Job","false","2024-12-02 18:01:42"
"Scheduled Script Execution","sysauto_script","Scheduled Job","true","2024-12-02 17:24:03"
"Scheduled Entity Generation","sysauto_template","Scheduled Job","false","2024-12-02 17:24:03"
"Event","sysevent","","false","2024-12-02 17:23:31"
"Event","sysevent0000","","false","2024-12-02 17:45:22"
"Event","sysevent0001","","false","2024-12-02 17:45:22"
"Event","sysevent0002","","false","2024-12-02 17:45:23"
"Event","sysevent0003","","false","2024-12-02 17:45:23"
"Event","sysevent0004","","false","2024-12-02 17:45:23"
"Event","sysevent0005","","false","2024-12-02 17:45:23"
"Event","sysevent0006","","false","2024-12-02 17:45:23"
"Event Alert","sysevent_alert","","false","2024-12-02 17:42:15"
"Event Alert Configuration","sysevent_alert_configuration","","true","2024-12-02 17:42:16"
"Event Delegator Stats","sysevent_delegator_stats","","false","2024-12-02 17:42:17"
"Notification","sysevent_email_action","Rule","false","2024-12-02 17:23:31"
"Stationery","sysevent_email_style","Application File","false","2024-12-02 17:23:31"
"Email Template","sysevent_email_template","Application File","false","2024-12-02 17:23:31"
"Event Stats by Node","sysevent_event_node_stats","","false","2024-12-02 17:42:16"
"Event Queue Map","sysevent_event_queue_map","","false","2024-12-02 17:42:16"
"Event Stats","sysevent_event_stats","","false","2024-12-02 17:42:17"
"Event Handler Stats by Node","sysevent_handler_node_stats","","false","2024-12-02 17:42:15"
"Event Handler Stats","sysevent_handler_stats","","false","2024-12-02 17:42:17"
"Inbound Email Actions","sysevent_in_email_action","Rule","false","2024-12-02 17:23:31"
"Slow Event","sysevent_pattern","Slow Pattern","false","2024-12-02 17:42:15"
"Event Processor Stats by Node","sysevent_processor_stats","","false","2024-12-02 17:42:16"
"Queue Registration","sysevent_queue","Application File","false","2024-12-02 17:28:40"
"Queue Details","sysevent_queue_config","","false","2024-12-02 17:28:40"
"Queue Runtime","sysevent_queue_runtime","","false","2024-12-02 17:28:40"
"Sysevent Queue Stats","sysevent_queue_stats","","false","2024-12-02 17:30:18"
"Sysevent Queue Stats Node Detail","sysevent_queue_stats_node_detail","","false","2024-12-02 17:30:18"
"Event Registration","sysevent_register","Application File","false","2024-12-02 17:23:31"
"Script Action","sysevent_script_action","Rule","false","2024-12-02 17:23:31"
"Log Entry","syslog","","true","2024-12-02 17:23:16"
"Log Entry","syslog0000","","true","2024-12-02 17:45:01"
"Log Entry","syslog0001","","true","2024-12-02 17:45:02"
"Log Entry","syslog0002","","true","2024-12-02 17:45:03"
"Log Entry","syslog0003","","true","2024-12-02 17:45:05"
"Log Entry","syslog0004","","true","2024-12-02 17:45:06"
"Log Entry","syslog0005","","true","2024-12-02 17:45:07"
"Log Entry","syslog0006","","true","2024-12-02 17:45:08"
"Log Entry","syslog0007","","true","2024-12-02 17:45:09"
"App Log Entry","syslog_app_scope","Log Entry","false","2024-12-02 17:23:17"
"App Log Entry","syslog_app_scope0000","Log Entry","false","2024-12-02 17:45:02"
"App Log Entry","syslog_app_scope0001","Log Entry","false","2024-12-02 17:45:03"
"App Log Entry","syslog_app_scope0002","Log Entry","false","2024-12-02 17:45:04"
"App Log Entry","syslog_app_scope0003","Log Entry","false","2024-12-02 17:45:06"
"App Log Entry","syslog_app_scope0004","Log Entry","false","2024-12-02 17:45:07"
"App Log Entry","syslog_app_scope0005","Log Entry","false","2024-12-02 17:45:07"
"App Log Entry","syslog_app_scope0006","Log Entry","false","2024-12-02 17:45:08"
"App Log Entry","syslog_app_scope0007","Log Entry","false","2024-12-02 17:45:09"
"Transaction Cancellation Log Entry","syslog_cancellation","","false","2024-12-02 17:23:17"
"Transaction Cancellation Log Entry","syslog_cancellation0000","","false","2024-12-02 18:40:25"
"Transaction Cancellation Log Entry","syslog_cancellation0001","","false","2024-12-02 18:40:26"
"Transaction Cancellation Log Entry","syslog_cancellation0002","","false","2024-12-02 18:40:27"
"Transaction Cancellation Log Entry","syslog_cancellation0003","","false","2024-12-02 18:40:27"
"Transaction Cancellation Log Entry","syslog_cancellation0004","","false","2024-12-02 18:40:28"
"Transaction Cancellation Log Entry","syslog_cancellation0005","","false","2024-12-02 18:40:28"
"Transaction Cancellation Log Entry","syslog_cancellation0006","","false","2024-12-02 18:40:29"
"Transaction Cancellation Log Entry","syslog_cancellation0007","","false","2024-12-02 18:40:30"
"Client Transaction Detailed Log Entry","syslog_client_trans_det","","false","2024-12-02 17:48:12"
"Client Transaction Detailed Log Entry","syslog_client_trans_det0000","","false","2024-12-02 17:48:12"
"Client Transaction Detailed Log Entry","syslog_client_trans_det0001","","false","2024-12-02 17:48:13"
"Client Transaction Detailed Log Entry","syslog_client_trans_det0002","","false","2024-12-02 17:48:13"
"Client Transaction Detailed Log Entry","syslog_client_trans_det0003","","false","2024-12-02 17:48:13"
"Client Transaction Detailed Log Entry","syslog_client_trans_det0004","","false","2024-12-02 17:48:13"
"Client Transaction Detailed Log Entry","syslog_client_trans_det0005","","false","2024-12-02 17:48:13"
"Client Transaction Detailed Log Entry","syslog_client_trans_det0006","","false","2024-12-02 17:48:14"
"Email Log Entry","syslog_email","Log Entry","false","2024-12-02 17:23:17"
"Email Log Entry","syslog_email0000","Log Entry","false","2024-12-02 17:45:02"
"Email Log Entry","syslog_email0001","Log Entry","false","2024-12-02 17:45:03"
"Email Log Entry","syslog_email0002","Log Entry","false","2024-12-02 17:45:04"
"Email Log Entry","syslog_email0003","Log Entry","false","2024-12-02 17:45:05"
"Email Log Entry","syslog_email0004","Log Entry","false","2024-12-02 17:45:06"
"Email Log Entry","syslog_email0005","Log Entry","false","2024-12-02 17:45:07"
"Email Log Entry","syslog_email0006","Log Entry","false","2024-12-02 17:45:09"
"Email Log Entry","syslog_email0007","Log Entry","false","2024-12-02 17:45:10"
"Page Timing Log Entry","syslog_page_timing","","false","2024-12-02 17:23:53"
"Transaction Log Entry","syslog_transaction","","false","2024-12-02 17:23:16"
"Transaction Log Entry","syslog_transaction0000","","false","2024-12-02 17:45:14"
"Transaction Log Entry","syslog_transaction0001","","false","2024-12-02 17:45:14"
"Transaction Log Entry","syslog_transaction0002","","false","2024-12-02 17:45:15"
"Transaction Log Entry","syslog_transaction0003","","false","2024-12-02 17:45:15"
"Transaction Log Entry","syslog_transaction0004","","false","2024-12-02 17:45:15"
"Transaction Log Entry","syslog_transaction0005","","false","2024-12-02 17:45:16"
"Transaction Log Entry","syslog_transaction0006","","false","2024-12-02 17:45:16"
"Transaction Log Entry","syslog_transaction0007","","false","2024-12-02 17:45:17"
"Rule","sysrule","Application File","true","2024-12-02 17:23:31"
"Approval Rules","sysrule_approvals","Rule","false","2024-12-02 17:40:07"
"Assignment Rule","sysrule_assignment","Rule","true","2024-12-02 17:40:06"
"Service Level Agreement","sysrule_escalate","Rule","true","2024-12-02 17:41:41"
"Inactivity Monitor","sysrule_escalate_am","Service Level Agreement","false","2024-12-02 17:41:41"
"Escalation History","sysrule_escalate_history","","false","2024-12-02 17:41:41"
"Escalation Interval","sysrule_escalate_interval","Application File","false","2024-12-02 17:41:41"
"Transaction Quota Rule","sysrule_quota","Rule","false","2024-12-02 17:23:31"
"Application Quota Rule","sysrule_quota_app","Rule","false","2024-12-02 17:27:06"
"View Rule","sysrule_view","Rule","false","2024-12-02 17:23:31"
"View Rule","sysrule_view_workspace","Rule","false","2024-12-02 18:00:02"
"System Based Filter Criteria","system_based_filter_criteria","Filter Criteria","true","2024-12-02 17:59:08"
"Activity Event","sys_activity","","false","2024-12-02 17:43:08"
"Activity Event","sys_activity0000","","false","2024-12-02 17:43:11"
"Activity Event","sys_activity0001","","false","2024-12-02 17:43:12"
"Activity Event","sys_activity0002","","false","2024-12-02 17:43:12"
"Activity Event","sys_activity0003","","false","2024-12-02 17:43:12"
"Activity Event","sys_activity0004","","false","2024-12-02 17:43:12"
"Activity Event","sys_activity0005","","false","2024-12-02 17:43:12"
"Activity Event","sys_activity0006","","false","2024-12-02 17:43:13"
"Activity Event","sys_activity0007","","false","2024-12-02 17:43:13"
"Activity Event","sys_activity0008","","false","2024-12-02 17:43:13"
"Activity Event","sys_activity0009","","false","2024-12-02 17:43:13"
"Activity Event","sys_activity0010","","false","2024-12-02 17:43:13"
"Activity Event","sys_activity0011","","false","2024-12-02 17:43:13"
"Activity Event","sys_activity0012","","false","2024-12-02 17:43:14"
"Activity Event","sys_activity0013","","false","2024-12-02 17:43:14"
"Activity Event","sys_activity0014","","false","2024-12-02 17:43:14"
"Activity Event","sys_activity0015","","false","2024-12-02 17:43:14"
"Activity Document Table","sys_activity_document_table","","false","2024-12-02 17:43:08"
"Activity Event Filter","sys_activity_event_filter","Application File","false","2024-12-02 17:43:08"
"Activity Filter Set","sys_activity_filter_set","","false","2024-12-02 17:43:07"
"Sys Activity Supplemental","sys_activity_supplemental","","false","2024-12-02 17:43:08"
"Adapter Rule","sys_adapter_rule","Application File","true","2024-12-02 17:42:29"
"Administrative Script Transaction","sys_administrative_script_transaction","","false","2024-12-02 17:31:07"
"User Aggregate Preference","sys_aggregate_preference","","false","2024-12-02 17:25:36"
"Connection & Credential Aliases","sys_alias","Application File","false","2024-12-02 17:46:18"
"Connection & Credential Templates","sys_alias_templates","Application File","false","2024-12-02 17:46:17"
"Permitted Constructor, Field, or Method","sys_allowlist_jelly_global","","false","2024-12-02 17:27:24"
"Permitted Macro Template","sys_allowlist_macro_template","","false","2024-12-02 17:27:24"
"AMB Channel Presence","sys_amb_channel_presence","","false","2024-12-02 17:25:37"
"AMB Message","sys_amb_message","","false","2024-12-02 17:25:37"
"AMB Message","sys_amb_message0000","","false","2024-12-02 17:25:38"
"AMB Message","sys_amb_message0001","","false","2024-12-02 17:25:38"
"AMB Message","sys_amb_message0002","","false","2024-12-02 17:25:38"
"AMB Message","sys_amb_message0003","","false","2024-12-02 17:25:38"
"AMB Message","sys_amb_message0004","","false","2024-12-02 17:25:39"
"AMB Message","sys_amb_message0005","","false","2024-12-02 17:25:39"
"AMB Message","sys_amb_message0006","","false","2024-12-02 17:25:39"
"AMB Message Processor","sys_amb_processor","Application File","false","2024-12-02 17:25:38"
"User Experience Analytics Authentications","sys_analytics_authentication","","false","2024-12-02 17:30:28"
"User Experience Analytics Batch State","sys_analytics_batch_state","","false","2024-12-02 17:30:28"
"User Experience Analytics Settings","sys_analytics_bucket","Application File","false","2024-12-02 17:30:28"
"Analytics Cache","sys_analytics_cache","","false","2024-12-02 18:05:51"
"User Experience Analytics Channels","sys_analytics_channel","","false","2024-12-02 17:30:28"
"UX Analytics Configurations","sys_analytics_config","","false","2024-12-02 17:30:28"
"User Experience Analytics Consent Policy","sys_analytics_consent_policy","","false","2024-12-02 17:30:28"
"User Experience Analytics Data Points Error","sys_analytics_data_points_error","","false","2024-12-02 17:30:28"
"User Experience Analytics Data Points Queue","sys_analytics_data_points_queue","","false","2024-12-02 17:30:28"
"User Experience Analytics Data Points Queue","sys_analytics_data_points_queue0000","","false","2024-12-02 17:30:30"
"User Experience Analytics Data Points Queue","sys_analytics_data_points_queue0001","","false","2024-12-02 17:30:30"
"User Experience Analytics Data Points Queue","sys_analytics_data_points_queue0002","","false","2024-12-02 17:30:31"
"User Experience Analytics Detection Policy Provider","sys_analytics_detection_policy_provider","","false","2024-12-02 17:30:28"
"Analytics Events","sys_analytics_event","","false","2024-12-02 17:49:10"
"Analytics Loggers","sys_analytics_logger","","false","2024-12-02 17:49:09"
"Analytics Logger Field","sys_analytics_logger_field","Variables","false","2024-12-02 17:49:09"
"Proactive Analytics Trigger Definition","sys_analytics_trigger_definition","","false","2024-12-02 17:53:09"
"User Experience Analytics User Consent Decision","sys_analytics_user_consent_decision","","false","2024-12-02 17:30:28"
"API Access Policies","sys_api_access_policy","Application File","false","2024-12-02 17:59:15"
"REST API Auth Scope","sys_api_access_scope","Application File","false","2024-12-02 17:59:16"
"API Transactions Stats","sys_api_stats","","false","2024-12-02 17:42:14"
"API Transactions Requestor Stats","sys_api_stats_requestor","","false","2024-12-02 17:42:14"
"API Transactions Requestor Monthly Stats","sys_api_stats_requestor_monthly","","false","2024-12-02 17:57:16"
"API Stats Scheduled Script Execution","sys_api_stats_script","Scheduled Script Execution","false","2024-12-02 17:57:16"
"API Transactions Stats Inclusion List","sys_api_stats_whitelist","","false","2024-12-02 17:42:14"
"Custom Application","sys_app","Application","false","2024-12-02 17:27:13"
"App Collaboration Descriptor","sys_appcollab_descriptor","Application File","false","2025-01-23 04:40:19"
"App Collaboration Group","sys_appcollab_group","","false","2025-01-23 04:40:19"
"App Collaboration Descriptor Permission","sys_appcollab_permission_m2m","Application File","false","2025-01-23 04:40:18"
"App Collaboration User","sys_appcollab_user","","false","2025-01-23 04:40:20"
"Application State","sys_application_state","","false","2024-12-02 18:03:58"
"Application Menu","sys_app_application","Application File","false","2012-10-30 13:59:18"
"Menu Category","sys_app_category","Application File","false","2012-10-30 13:59:44"
"App Customization","sys_app_customization","","false","2024-12-02 17:25:08"
"App Customization Version","sys_app_customization_version","","false","2024-12-02 17:25:09"
"Application File Types","sys_app_file_type","","false","2024-12-02 17:27:10"
"Flow Template Mapping","sys_app_flow_template_mapping","Application File","false","2024-12-02 17:56:40"
"Application Hash Inventory","sys_app_hash_inventory","","false","2024-12-02 17:28:43"
"Application Information","sys_app_info","Application File","false","2024-12-02 17:56:39"
"Application License Definition","sys_app_license_defn","Application File","false","2024-12-02 17:28:47"
"Upgrade Plan Auto Tracker","sys_app_lifecycle_tracker","","false","2024-12-02 17:28:30"
"Module","sys_app_module","Application File","false","2024-12-02 17:23:30"
"Payload Loader Rule","sys_app_payload_loader_rule","Application File","false","2024-12-02 17:56:41"
"Payload Rule","sys_app_payload_unloader_rule","Application File","false","2024-12-02 17:56:41"
"Application Quota","sys_app_quota","","false","2024-12-02 17:27:06"
"Scan Failure","sys_app_scan_failure","","false","2024-12-02 17:56:38"
"Payload","sys_app_scan_payload","Application File","false","2024-12-02 17:56:39"
"Scan Payload Instance","sys_app_scan_payload_instance","","false","2024-12-02 17:56:41"
"Variable","sys_app_scan_variable","Application File","false","2024-12-02 17:56:40"
"Scan Variable Instance","sys_app_scan_variable_instance","","false","2024-12-02 17:56:38"
"Variable Type","sys_app_scan_variable_type","Application File","false","2024-12-02 17:56:43"
"Subtemplate","sys_app_subtemplate","Application File","false","2024-12-02 17:56:43"
"Template","sys_app_template","Application File","false","2024-12-02 17:56:39"
"Template Dependency","sys_app_template_dependency","Application File","false","2024-12-02 17:56:42"
"Template Dependency Definition","sys_app_template_dependency_definition","Application File","false","2024-12-02 17:56:43"
"Template Details","sys_app_template_detail","Application File","false","2024-12-02 17:56:42"
"Template Function Type","sys_app_template_function_type","Application File","false","2024-12-02 17:56:43"
"Input Detail","sys_app_template_input_detail","Application File","false","2024-12-02 17:56:42"
"Template Input Variable","sys_app_template_input_var","Application File","false","2024-12-02 17:56:39"
"Template Input Variable Instance","sys_app_template_input_var_instance","","false","2024-12-02 17:56:39"
"Template Instance","sys_app_template_instance","","false","2024-12-02 17:56:41"
"Template Manifest","sys_app_template_manifest","Application File","false","2024-12-02 17:56:43"
"Template Output Variable","sys_app_template_output_var","Application File","false","2024-12-02 17:56:40"
"Template Output Variable Instance","sys_app_template_output_var_instance","","false","2024-12-02 17:56:43"
"Template Page","sys_app_template_page","Application File","false","2024-12-02 17:56:40"
"Template Page Configuration","sys_app_template_page_configuration","Application File","true","2024-12-02 17:56:40"
"Template Page Type","sys_app_template_page_type","Application File","false","2024-12-02 17:56:41"
"Template Permit Rule","sys_app_template_permit_rule","Application File","false","2024-12-02 17:56:42"
"Template Sharing Permission","sys_app_template_sharing_m2m","","false","2024-12-02 17:56:42"
"Spoke Configuration","sys_app_template_spoke_configuration","Template Page Configuration","false","2024-12-02 17:56:43"
"Temporary App Logo","sys_app_template_temp_logo","","false","2024-12-02 17:56:42"
"Template Type","sys_app_template_type","Application File","false","2024-12-02 17:56:40"
"Template Wizard","sys_app_template_wizard","Application File","false","2024-12-02 17:56:40"
"Application Version","sys_app_version","","false","2024-12-02 17:25:08"
"Archive Rule","sys_archive","Application File","false","2024-12-02 17:24:42"
"Archive Destroy Rule","sys_archive_destroy","Application File","false","2024-12-02 17:24:42"
"Archive Destroy Job Execution Chunk","sys_archive_destroy_chunk","","false","2024-12-02 17:24:43"
"Archive Destroy Log","sys_archive_destroy_log","","false","2024-12-02 17:24:42"
"Archive Destroy Run","sys_archive_destroy_run","","false","2024-12-02 17:24:42"
"Link Archive and Destroy Chunk","sys_archive_link_chunk","","false","2024-12-02 17:24:42"
"Archive Log","sys_archive_log","","false","2024-12-02 17:24:42"
"Archive Rule Reference Migration","sys_archive_ref_migration","","false","2024-12-02 17:24:42"
"Archive Related Records","sys_archive_related","Application File","false","2024-12-02 17:24:42"
"Archive Reparent Run","sys_archive_reparent_run","","false","2024-12-02 17:24:42"
"Archive Run","sys_archive_run","","false","2024-12-02 17:24:42"
"Archive Job Execution Chunk","sys_archive_run_chunk","","false","2024-12-02 17:24:42"
"Test Runner","sys_atf_agent","","false","2024-12-02 17:48:41"
"Modified Record","sys_atf_modified_record","","false","2024-12-02 17:48:38"
"Modified Record","sys_atf_modified_record_m2m","","false","2024-12-02 17:48:39"
"Mutual Exclusion Rule","sys_atf_mutual_exclusion_rule","Application File","false","2024-12-02 17:48:38"
"Parameterized Test Result","sys_atf_parameter_result","","true","2024-12-02 17:49:01"
"Parameter Set Run","sys_atf_parameter_run","","true","2024-12-02 17:49:00"
"Test Run Data Set","sys_atf_parameter_set","Application File","false","2024-12-02 17:49:00"
"Parameter Variable","sys_atf_parameter_variable","Variables","false","2024-12-02 17:49:00"
"Performance Comparison","sys_atf_performance_compare","","false","2024-12-02 17:49:05"
"Repetitive Timeout","sys_atf_performance_repetitive_timeout","","false","2024-12-02 17:49:05"
"Performance Run","sys_atf_performance_run","","false","2024-12-02 17:49:03"
"Performance Statistic","sys_atf_performance_stat","","true","2024-12-02 17:49:04"
"Transaction Statistic","sys_atf_performance_stat_transaction","Performance Statistic","false","2024-12-02 17:49:04"
"Remembered Value","sys_atf_remembered_values","Variables","false","2024-12-02 17:48:39"
"Suite Schedule","sys_atf_schedule","Scheduled Script Execution","false","2024-12-02 17:48:55"
"Scheduled Suite Run","sys_atf_schedule_run","Application File","false","2024-12-02 17:48:54"
"Snapshot","sys_atf_snapshot","","false","2024-12-02 17:48:58"
"Test Step","sys_atf_step","Application File","false","2024-12-02 17:48:41"
"Test Step Config","sys_atf_step_config","Application File","false","2024-12-02 17:48:39"
"Test Step Config Category","sys_atf_step_config_category","Application File","false","2024-12-02 17:48:40"
"Test Step Environment","sys_atf_step_env","Application File","false","2024-12-02 17:48:37"
"Step Performance Metrics","sys_atf_step_performance_metrics","","false","2024-12-02 17:49:04"
"Test","sys_atf_test","Application File","false","2024-12-02 17:48:40"
"Test Results","sys_atf_test_result","","true","2024-12-02 17:48:39"
"Test Result Item","sys_atf_test_result_item","","true","2024-12-02 17:48:37"
"Performance Test Result","sys_atf_test_result_performance","Test Results","false","2024-12-02 17:49:04"
"Step Result","sys_atf_test_result_step","Test Result Item","false","2024-12-02 17:48:38"
"Test Suite","sys_atf_test_suite","Application File","false","2024-12-02 17:48:40"
"Test Suite Result","sys_atf_test_suite_result","","true","2024-12-02 17:48:39"
"Performance Test Suite Result","sys_atf_test_suite_result_performance","Test Suite Result","false","2024-12-02 17:49:05"
"Test Suite Test","sys_atf_test_suite_test","Application File","false","2024-12-02 17:48:38"
"Test Template","sys_atf_test_template","Application File","false","2024-12-02 17:48:38"
"ATF Transaction Log Entry","sys_atf_transaction_log","","false","2024-12-02 17:49:05"
"Step Result Transaction","sys_atf_transaction_mtom","","false","2024-12-02 17:48:41"
"ATF UI Component","sys_atf_ui_component","","false","2024-12-02 17:48:58"
"Test Variable","sys_atf_variable","Variables","true","2024-12-02 17:48:37"
"Allowed Error","sys_atf_whitelist","Application File","false","2024-12-02 17:48:56"
"Attachment","sys_attachment","","false","2024-12-02 17:23:12"
"Attachment Cleaner Entry","sys_attachment_cleaner_entry","","false","2024-12-02 17:25:40"
"Attachment Document","sys_attachment_doc","","false","2024-12-02 17:23:12"
"Attachment Document V2","sys_attachment_doc_v2","","false","2024-12-02 17:23:12"
"Attachment Icon Rule","sys_attachment_icon_rule","","false","2024-12-02 17:23:14"
"Delete Marked Attachment","sys_attachment_soft_deleted","","false","2024-12-02 17:31:13"
"Sys Audit","sys_audit","","false","2024-12-02 17:23:09"
"Audit Deleted Record","sys_audit_delete","","false","2024-12-02 17:23:09"
"Audit Relationship Change","sys_audit_relation","","false","2024-12-02 17:23:09"
"Audit Roles","sys_audit_role","","false","2024-12-02 17:23:54"
"Policy","sys_authentication_policy","Application File","true","2024-12-02 17:59:09"
"List of filter criteria","sys_authentication_policy_criteria_m2m","","false","2024-12-02 17:59:09"
"Authenticator CA Certificate","sys_authenticator_certificate","X.509 Certificate","false","2024-12-02 17:31:12"
"Authenticator Certificates M2M","sys_authenticator_certificate_m2m","","false","2024-12-02 17:31:12"
"Authenticator Metadata","sys_authenticator_metadata","","false","2024-12-02 17:31:12"
"Filter Criteria","sys_auth_filter_criteria","Application File","true","2024-12-02 17:59:07"
"List of Policy Factor","sys_auth_mfa_context_mfa_factor_m2m","Application File","false","2024-12-02 17:59:06"
"Answer","sys_auth_policy_answer","","false","2024-12-02 17:59:07"
"Allowed API","sys_auth_policy_api_allowed","","false","2024-12-02 17:59:09"
"Condition","sys_auth_policy_condition","Decision","false","2024-12-02 17:59:10"
"Auth Policy Context","sys_auth_policy_context","Application File","true","2024-12-02 17:59:09"
"Groups for criteria","sys_auth_policy_criteria_group","","false","2024-12-02 17:59:07"
"Device App Registration Detail","sys_auth_policy_device_app_registry","","false","2024-12-02 17:59:08"
"Role Filter Criteria Input Table","sys_auth_policy_input_role_filter_criteria","","false","2024-12-02 17:59:07"
"Authentication Configuration","sys_auth_profile","Application File","true","2024-12-02 17:25:25"
"Basic Auth Configuration","sys_auth_profile_basic","Authentication Configuration","false","2024-12-02 17:25:25"
"Inbound authentication profile","sys_auth_profile_mapping","Application File","false","2024-12-02 17:59:15"
"OAuth2 Configuration","sys_auth_profile_oauth2","Authentication Configuration","false","2024-12-02 17:25:25"
"Authentication Scope","sys_auth_scope","Application File","false","2024-12-02 17:27:37"
"Auto Flush","sys_auto_flush","Application File","false","2024-12-02 17:24:33"
"Auto Flush Run","sys_auto_flush_run","","false","2024-12-02 17:24:34"
"New Button List Exclusion","sys_aw_crud_exclusions","Application File","false","2024-12-02 17:59:53"
"Default Form Section","sys_aw_form_default_section","Application File","false","2024-12-02 18:00:02"
"Form Header","sys_aw_form_header","Application File","false","2024-12-02 18:00:01"
"Secondary Values","sys_aw_form_header_secondary_values","Application File","false","2024-12-02 18:00:02"
"UI Action Group","sys_aw_form_uiaction_group","Application File","false","2024-12-02 18:00:02"
"UI Action Layout","sys_aw_form_uiaction_layout","Application File","false","2024-12-02 18:00:02"
"Workspace Global Search Configuration","sys_aw_global_search_config","Application File","false","2024-12-02 18:00:21"
"Workspace List","sys_aw_list","Application File","false","2024-12-02 17:59:54"
"Workspace List Attribute","sys_aw_list_attribute","Application File","false","2024-12-02 17:59:53"
"Workspace List Category","sys_aw_list_category","Application File","false","2024-12-02 17:59:53"
"Workspace","sys_aw_master_config","Application File","false","2024-12-02 17:50:42"
"Workspace Module","sys_aw_module","Application File","false","2024-12-02 17:50:41"
"My Workspace List","sys_aw_my_list","","false","2024-12-02 17:59:53"
"New Record Menu Item","sys_aw_new_menu_item","Application File","false","2024-12-02 17:50:42"
"Registered Scripting Modal","sys_aw_registered_scripting_modal","Application File","false","2024-12-02 18:00:01"
"Workspace Renderer","sys_aw_renderer","Application File","false","2024-12-02 17:50:42"
"Workspace Renderer Type","sys_aw_renderer_type","Application File","false","2024-12-02 17:50:42"
"Ribbon Component","sys_aw_ribbon_component","Application File","false","2024-12-02 18:00:00"
"Ribbon Component Option","sys_aw_ribbon_component_opt","Variables","false","2024-12-02 17:59:59"
"Ribbon Setting","sys_aw_ribbon_setting","Application File","false","2024-12-02 17:59:59"
"Backout Problem","sys_backout_problem","","false","2024-12-02 17:27:17"
"Batch Install Item","sys_batch_install_item","","false","2024-12-02 17:28:36"
"Batch Install Plan","sys_batch_install_plan","","false","2024-12-02 17:28:36"
"Bounce Email Address","sys_blocked_email_address","","false","2024-12-02 17:24:44"
"Bounce Email Address Log","sys_blocked_email_address_log","","false","2024-12-02 17:24:44"
"Bounce Email Address Status","sys_bounce_email_address_status","","false","2024-12-02 17:24:44"
"JS Breakpoints","sys_breakpoint","","false","2024-12-02 17:27:53"
"Broadcast Message","sys_broadcast_message","Scheduled Script Execution","false","2024-12-02 17:48:20"
"Broadcast Messages to Users","sys_broadcast_msg_user_m2m","","false","2024-12-02 17:48:20"
"Build Suggestion Log","sys_build_suggestion_log","","false","2024-12-02 17:49:18"
"Cache flush timestamps","sys_cacheflush_timestamp","","false","2024-12-02 17:24:02"
"Slow Cache Build","sys_cache_build_pattern","Slow Pattern","false","2024-12-02 17:42:14"
"Cache flush","sys_cache_flush","","false","2024-12-02 17:24:01"
"Calculation Adapter Rule","sys_calculation_adapter_rule","Adapter Rule","false","2024-12-02 17:42:32"
"Calendar","sys_calendar","Application File","false","2024-12-02 17:23:32"
"Call Chain","sys_call_chain","","false","2024-12-02 17:58:03"
"Day","sys_cal_day","Application File","false","2024-12-02 17:23:32"
"Sys Cal Span","sys_cal_span","Application File","false","2024-12-02 17:23:32"
"Day of the Week","sys_cal_unit","","false","2024-12-02 17:23:12"
"Canvas preferences","sys_canvas_preferences","","false","2024-12-02 17:54:11"
"Mutual Auth CA Certificate","sys_ca_certificate","X.509 Certificate","false","2024-12-02 17:59:13"
"Mutual Auth CA Certificate API Tracker","sys_ca_certificate_api_track","","false","2024-12-02 17:59:13"
"Published Topic","sys_cb_design_topic","Application File","false","2024-12-02 18:23:49"
"Profile and Document Mapping","sys_cb_document_context_profile","Application File","false","2024-12-02 18:23:51"
"Topic","sys_cb_topic","Application File","false","2024-12-02 18:23:57"
"Topic Category","sys_cb_topic_category","Application File","false","2024-12-02 18:24:01"
"CB Topic Language","sys_cb_topic_language","Application File","false","2024-12-02 18:23:53"
"Topic Library Usage","sys_cb_topic_library_usage","Application File","false","2024-12-02 18:23:56"
"Designer User Preferences","sys_cb_user_preference","","false","2024-12-02 18:24:22"
"X.509 Certificate","sys_certificate","","true","2024-12-02 17:27:36"
"Sys Checkpoint","sys_checkpoint","","false","2024-12-02 17:23:32"
"Choice","sys_choice","","false","2024-12-02 17:23:07"
"Choice Set","sys_choice_set","Application File","false","2024-12-02 17:23:07"
"CI Analytics","sys_ci_analytics","","false","2024-12-02 18:23:49"
"Application File Claims","sys_claim","","false","2024-12-02 17:27:21"
"Classic Notification Channels","sys_classic_notification_channels","Application File","false","2024-12-02 17:25:36"
"Client Extension Instance","sys_client_extension_instance","Application File","false","2024-12-02 17:42:27"
"Client Extension Point","sys_client_extension_point","Application File","false","2024-12-02 17:42:26"
"Client Interaction","sys_client_interaction","","false","2024-12-02 17:25:51"
"Client Interaction","sys_client_interaction0000","","false","2024-12-02 18:39:58"
"Client Interaction","sys_client_interaction0001","","false","2024-12-02 18:39:59"
"Client Interaction","sys_client_interaction0002","","false","2024-12-02 18:40:00"
"Client Interaction","sys_client_interaction0003","","false","2024-12-02 18:40:02"
"Client Interaction","sys_client_interaction0004","","false","2024-12-02 18:40:03"
"Client Interaction","sys_client_interaction0005","","false","2024-12-02 18:40:04"
"Client Interaction","sys_client_interaction0006","","false","2024-12-02 18:40:05"
"Client Interaction","sys_client_interaction0007","","false","2024-12-02 18:40:06"
"Client Interaction Details","sys_client_interaction_details","","false","2024-12-02 17:25:51"
"Client Interaction Details","sys_client_interaction_details0000","","false","2024-12-02 18:40:20"
"Client Interaction Details","sys_client_interaction_details0001","","false","2024-12-02 18:40:20"
"Client Interaction Details","sys_client_interaction_details0002","","false","2024-12-02 18:40:21"
"Client Interaction Details","sys_client_interaction_details0003","","false","2024-12-02 18:40:22"
"Client Interaction Details","sys_client_interaction_details0004","","false","2024-12-02 18:40:23"
"Client Interaction Details","sys_client_interaction_details0005","","false","2024-12-02 18:40:23"
"Client Interaction Details","sys_client_interaction_details0006","","false","2024-12-02 18:40:24"
"Client Interaction Details","sys_client_interaction_details0007","","false","2024-12-02 18:40:25"
"Cluster Control","sys_cluster_control","","false","2024-12-02 17:24:01"
"Cluster Message","sys_cluster_message","","false","2024-12-02 17:24:01"
"Node stats","sys_cluster_node_stats","","false","2024-12-02 17:24:02"
"Node State","sys_cluster_state","","false","2024-12-02 17:24:02"
"Deferred Coalesce Strategy","sys_coalesce_strategy_deferred","","false","2024-12-02 17:23:32"
"Sys Collection","sys_collection","","false","2024-12-02 17:23:09"
"Column Statistics","sys_column_stats","","false","2024-12-02 17:30:20"
"Column Statistics Registry","sys_column_stats_registry","","false","2024-12-02 17:30:20"
"Compaction Job Execution Table","sys_compaction_run","","false","2024-12-02 17:31:09"
"Complex Object","sys_complex_object","Application File","false","2024-12-02 17:54:59"
"Complex Object Output Strategy","sys_complex_object_output_strategy","Application File","false","2024-12-02 17:42:29"
"Concurrent Import Set","sys_concurrent_import_set","","false","2024-12-02 17:24:53"
"Concurrent Import Set Job","sys_concurrent_import_set_job","","false","2024-12-02 17:24:54"
"Conditional Adapter Rule","sys_conditional_adapter_rule","Adapter Rule","false","2024-12-02 17:42:32"
"Connection","sys_connection","","true","2024-12-02 17:46:16"
"Converted Document","sys_converted_document","","false","2024-12-02 18:03:01"
"Copied-Base Upgrade Log Mapping","sys_copied_base_upgrade_log_mapping","","false","2024-12-02 17:59:06"
"CORS Rule","sys_cors_rule","Application File","false","2024-12-02 17:42:57"
"Adapter Card","sys_cs_adapter_card","Application File","false","2024-12-02 18:24:04"
"Adapter Card Template","sys_cs_adapter_card_template","Application File","false","2024-12-02 18:23:58"
"Configuration","sys_cs_adapter_configuration","","false","2024-12-02 18:24:09"
"Configuration Page","sys_cs_adapter_configuration_page","Application File","true","2024-12-02 18:24:08"
"Configuration - Facebook Messenger Integration","sys_cs_adapter_configuration_page_messenger","Configuration Page","false","2024-12-02 18:24:09"
"Configuration - Slack Integration","sys_cs_adapter_configuration_page_slack","Configuration Page","false","2024-12-02 18:24:08"
"Configuration - Teams Integration","sys_cs_adapter_configuration_page_teams","Configuration Page","false","2024-12-02 18:24:09"
"Configuration - Workplace Integration","sys_cs_adapter_configuration_page_workplace","Configuration Page","false","2024-12-02 18:24:09"
"Adapter Message","sys_cs_adapter_message","","false","2024-12-02 18:24:08"
"AI Search Card to Adapter Card Mapping","sys_cs_aisearch_card_to_adapter_card_map","","false","2024-12-02 18:24:22"
"Virtual Agent AI Search Results Action Configuration","sys_cs_ai_search_results_action_config","","false","2024-12-02 18:24:03"
"Chat Server Analytics","sys_cs_analytics","","false","2024-12-02 18:23:51"
"Auto-Resolution AI Search Result","sys_cs_auto_resolution_ai_search_result","","false","2024-12-02 18:26:25"
"Auto-Resolution AI Search Result Line Item","sys_cs_auto_resolution_ai_search_result_line_item","","false","2024-12-02 18:26:26"
"Auto-Resolution Configuration","sys_cs_auto_resolution_configuration","","false","2024-12-02 18:26:27"
"Configuration Languages","sys_cs_auto_resolution_configuration_language","","false","2024-12-02 18:26:27"
"Your recent request","sys_cs_auto_resolution_context","","true","2024-12-02 18:26:26"
"Auto-Resolution Intent Topic Map","sys_cs_auto_resolution_intent_topic_map","","false","2024-12-02 18:26:28"
"Auto-Resolution Matched Intents","sys_cs_auto_resolution_matched_intents","","false","2024-12-02 18:26:28"
"Auto-Resolution Prediction","sys_cs_auto_resolution_prediction","","false","2024-12-02 18:26:27"
"Auto-Resolution Prediction Output","sys_cs_auto_resolution_prediction_output","","false","2024-12-02 18:26:27"
"Auto-Resolution Reminder","sys_cs_auto_resolution_reminder","","false","2024-12-02 18:26:28"
"Auto-Resolution Response Channel","sys_cs_auto_resolution_response_channel","","false","2024-12-02 18:26:26"
"Simulation Configuration","sys_cs_auto_resolution_simulation_configuration","","false","2024-12-02 18:26:28"
"Auto-Resolution Simulation Run","sys_cs_auto_resolution_simulation_run","","false","2024-12-02 18:26:26"
"Auto-Resolution Simulation Run Block","sys_cs_auto_resolution_simulation_run_block","","false","2024-12-02 18:26:28"
"Auto-Resolution Simulation Context","sys_cs_auto_resolution_sim_context","Your recent request","false","2024-12-02 18:26:28"
"Available Virtual Agent Topics","sys_cs_available_virtual_agent_topics","Application File","false","2024-12-02 18:23:59"
"Bot Messages","sys_cs_bot_messages","","false","2024-12-02 18:24:09"
"Branding","sys_cs_branding_setup","Application File","false","2024-12-02 18:23:47"
"Custom Adapter Message","sys_cs_ca_message","","false","2024-12-02 18:24:10"
"Messaging Channel","sys_cs_channel","Application File","false","2024-12-02 18:23:53"
"Channel User ID Mapping","sys_cs_channel_user_id_mapping","Application File","false","2024-12-02 18:24:11"
"Channel User Profile","sys_cs_channel_user_profile","","false","2024-12-02 18:23:53"
"VA Click Metrics","sys_cs_click_metrics","","false","2024-12-02 18:23:51"
"VA Click Metrics","sys_cs_click_metrics0000","","false","2024-12-02 18:25:29"
"VA Click Metrics","sys_cs_click_metrics0001","","false","2024-12-02 18:25:30"
"VA Click Metrics","sys_cs_click_metrics0002","","false","2024-12-02 18:25:30"
"VA Click Metrics","sys_cs_click_metrics0003","","false","2024-12-02 18:25:30"
"VA Click Metrics","sys_cs_click_metrics0004","","false","2024-12-02 18:25:30"
"VA Click Metrics","sys_cs_click_metrics0005","","false","2024-12-02 18:25:31"
"VA Click Metrics","sys_cs_click_metrics0006","","false","2024-12-02 18:25:31"
"Client Adapter","sys_cs_client_adapter","","false","2024-12-02 18:23:52"
"Collaboration Chat Attachment","sys_cs_collab_attachment","","false","2024-12-02 18:24:25"
"Collaboration Chat Channel","sys_cs_collab_channel","Application File","false","2024-12-02 18:24:25"
"Collaboration Chat","sys_cs_collab_chat","","false","2024-12-02 18:24:27"
"Collab Chat Webhook Registry","sys_cs_collab_chat_webhook_registry","","false","2024-12-02 18:24:25"
"Collab Configuration","sys_cs_collab_config","","false","2024-12-02 18:24:25"
"Sidebar Enabled Tables","sys_cs_collab_enabled_table","","false","2024-12-02 18:24:27"
"Collaboration Chat Member","sys_cs_collab_member","","false","2024-12-02 18:24:24"
"Collaboration Chat Member Group","sys_cs_collab_member_group","","false","2024-12-02 18:24:27"
"Collab Chat Mention","sys_cs_collab_mention","","false","2024-12-02 18:24:24"
"Collaboration Chat Message","sys_cs_collab_message","","false","2024-12-02 18:24:23"
"Collaboration Chat Message Post","sys_cs_collab_message_post","","false","2024-12-02 18:24:24"
"Collaboration Chat Message Reaction","sys_cs_collab_message_reaction","","false","2024-12-02 18:24:25"
"Participant Suggestions Config","sys_cs_collab_participant_suggestions_config","","false","2024-12-02 18:24:24"
"Collaboration Chat Provider","sys_cs_collab_provider","Application File","false","2024-12-02 18:24:25"
"Collaboration Chat Provider","sys_cs_collab_provider_application","Application File","false","2024-12-02 18:24:26"
"Collaboration Chat Profile","sys_cs_collab_provider_user_profile","","false","2024-12-02 18:24:27"
"Collaboration Chat Associated Record","sys_cs_collab_record","","false","2024-12-02 18:24:28"
"Collab Chat Settings","sys_cs_collab_settings","Application File","false","2024-12-02 18:24:26"
"Collab User","sys_cs_collab_user","","false","2024-12-02 18:24:26"
"Sidebar Member Query","sys_cs_collab_user_query","Application File","false","2024-12-02 18:24:26"
"Concurrent processes On Message","sys_cs_concurrent_process","","false","2024-12-02 18:23:58"
"Conversation Server Configuration","sys_cs_configuration","Application File","false","2024-12-02 18:24:06"
"Conversation Server Configuration Page","sys_cs_configuration_page","Application File","false","2024-12-02 18:23:50"
"Conversation Server Connect Hand-off","sys_cs_connect_handoff","","false","2024-12-02 18:24:06"
"Conversation Consumer","sys_cs_consumer","","false","2024-12-02 18:23:59"
"Cs Consumer Account","sys_cs_consumer_account","","false","2024-12-02 18:23:59"
"Conversation Consumer Account Context","sys_cs_consumer_account_context","Application File","false","2024-12-02 18:23:54"
"Conversation Consumer alias","sys_cs_consumer_alias","","false","2024-12-02 18:24:04"
"Consumer Channel","sys_cs_consumer_channel","Application File","false","2024-12-02 18:24:02"
"Consumer Device Context","sys_cs_consumer_device_context","","false","2024-12-02 18:23:50"
"Command","sys_cs_contextual_action","Application File","false","2024-12-02 18:24:10"
"Excluded channel","sys_cs_contextual_action_excluded_channel","Application File","false","2024-12-02 18:24:10"
"Custom Greetings and Setup","sys_cs_context_profile","Application File","false","2024-12-02 18:23:58"
"Assistant hierarchy","sys_cs_context_profile_group","Application File","false","2024-12-02 18:23:57"
"Custom Greetings and Setup Messages","sys_cs_context_profile_message","Application File","false","2024-12-02 18:24:02"
"Promoted Topics","sys_cs_context_profile_promotion","Application File","false","2024-12-02 18:23:53"
"Search Profile","sys_cs_context_profile_search","Application File","false","2024-12-02 18:23:55"
"Setup Topics","sys_cs_context_profile_topic","Application File","false","2024-12-02 18:24:04"
"Context Topic","sys_cs_context_topic","Application File","false","2024-12-02 18:24:22"
"Control","sys_cs_control","Application File","true","2024-12-02 18:23:51"
"Conversation","sys_cs_conversation","","false","2024-12-02 18:24:06"
"Conversation Member","sys_cs_conversation_member","","false","2024-12-02 18:23:55"
"Conversation Task","sys_cs_conversation_task","","false","2024-12-02 18:24:06"
"Custom Adapter Configuration","sys_cs_custom_adapter_config","Application File","false","2024-12-02 18:24:11"
"Custom Adapter Default Configuration","sys_cs_custom_adapter_default_config","Application File","false","2024-12-02 18:24:09"
"Custom Adapter Property","sys_cs_custom_adapter_property","Application File","false","2024-12-02 18:24:10"
"Custom Control","sys_cs_custom_control","Control","false","2024-12-02 18:23:51"
"Custom Control Definition","sys_cs_custom_control_definition","Application File","false","2024-12-02 18:24:04"
"Custom Control Execution Plan","sys_cs_custom_control_execution_plan","Application File","false","2024-12-02 18:24:03"
"Custom Control Topic Node Execution","sys_cs_custom_control_topic_node_execution","","false","2024-12-02 18:23:54"
"Deflection Log","sys_cs_deflection_log","","false","2024-12-02 18:24:01"
"Topic Discovery Trace","sys_cs_discovery_trace","","false","2024-12-02 18:23:58"
"Topic Discovery Trace Detail","sys_cs_discovery_trace_detail","","false","2024-12-02 18:23:50"
"Profile and Document Mapping","sys_cs_document_context_profile","Application File","false","2024-12-02 18:24:03"
"Virtual Agent Email Notification Settings","sys_cs_email_notification_settings","","false","2024-12-02 18:24:01"
"External Collaboration Chat Map","sys_cs_external_collab_chat_map","","false","2024-12-02 18:24:27"
"External Collaboration Chat Message Map","sys_cs_external_collab_chat_message_map","","false","2024-12-02 18:24:23"
"External Collaboration Member Map","sys_cs_external_collab_member_map","","false","2024-12-02 18:24:24"
"Conversation Task FDIH Invocation","sys_cs_fdih_invocation","","false","2024-12-02 18:24:00"
"Conversation Task FDIH Invocation Callback","sys_cs_fdih_invocation_callback","","false","2024-12-02 18:23:52"
"Conversation Server Field Script Validator","sys_cs_field_script_validator","Application File","false","2024-12-02 17:41:14"
"Conversation Field Value Change Event","sys_cs_field_value_change_event","Responders","false","2024-12-02 18:24:04"
"General Settings","sys_cs_general_settings","","false","2024-12-02 18:24:21"
"Hostname allow list","sys_cs_hostname_allow_list","","false","2024-12-02 18:24:01"
"Interaction Insight","sys_cs_interaction_insight","","false","2024-12-02 18:23:50"
"Invalid Softpin Attempt","sys_cs_invalid_softpin_attempt","","false","2024-12-02 18:24:11"
"Live Agent Connection","sys_cs_live_agent_connection","Application File","false","2024-12-02 18:24:01"
"Chat Setup","sys_cs_live_agent_setup","Application File","false","2024-12-02 18:23:48"
"Conversation Media","sys_cs_media","","false","2024-12-02 18:23:49"
"Conversation Message","sys_cs_message","","true","2024-12-02 18:23:55"
"Unread Message Email Notification","sys_cs_message_email_notification","","false","2024-12-02 18:24:05"
"Message Last Read","sys_cs_message_last_read","","false","2024-12-02 18:23:58"
"Push Notification","sys_cs_message_notification","","false","2024-12-02 18:24:00"
"Voice Transcript Conversation Message","sys_cs_message_voice_transcript","Conversation Message","false","2024-12-02 18:23:56"
"VA NLU Dispatch","sys_cs_nlu_dispatch","Application File","false","2024-12-02 18:23:54"
"VA NLU Language","sys_cs_nlu_language","Application File","false","2024-12-02 18:24:05"
"Virtual Agent Notifications","sys_cs_notification","","false","2024-12-02 18:24:08"
"Notification Channel Configuration","sys_cs_notification_channel_configuration","","false","2024-12-02 18:24:07"
"Virtual Agent Notification Context","sys_cs_notification_context","","false","2024-12-02 18:24:08"
"Delivery Channel","sys_cs_notification_delivery_channel","","false","2024-12-02 18:24:08"
"CS One Api Call Log","sys_cs_one_api_call_log","","false","2024-12-02 18:23:52"
"One Api Mapping","sys_cs_one_api_service_plan_mapping","Application File","false","2024-12-02 18:23:56"
"Virtual Agent One Extend Invocation","sys_cs_one_extend_invocation","","false","2024-12-02 18:23:56"
"URL Navigation","sys_cs_portal_url_mapping","Application File","false","2024-12-02 18:23:52"
"Provider Channel","sys_cs_provider","Application File","false","2024-12-02 18:24:10"
"Provider Channel Identity","sys_cs_provider_application","Application File","false","2024-12-02 18:24:11"
"Conversation Session","sys_cs_session","","false","2024-12-02 18:23:59"
"Session Binding","sys_cs_session_binding","","false","2024-12-02 18:23:54"
"Target Location","sys_cs_smart_link","","false","2024-12-02 18:24:05"
"Live Agent Support Queue Cache","sys_cs_support_queue_cache","","false","2024-12-02 18:23:59"
"Chat Surveys","sys_cs_survey","Application File","false","2024-12-02 18:24:05"
"Conversation Timer Event","sys_cs_timer_event","Scheduled Job","false","2024-12-02 18:24:07"
"Topic","sys_cs_topic","Application File","false","2024-12-02 18:23:57"
"Topic Library Usage","sys_cs_topic_api_usage","","false","2024-12-02 18:24:05"
"Topic Control Usage","sys_cs_topic_control_usage","","false","2024-12-02 18:24:03"
"CS Topic Language","sys_cs_topic_language","Application File","false","2024-12-02 18:24:03"
"Topic Library Usage","sys_cs_topic_library_usage","Application File","false","2024-12-02 18:24:00"
"Topic Navigation Tree","sys_cs_topic_navigation_tree","","false","2024-12-02 18:24:00"
"Topic Field","sys_cs_topic_variable","Variables","false","2024-12-02 18:24:02"
"Typing Indicator","sys_cs_typing_indicator","","false","2024-12-02 18:24:11"
"URL unfurl cache","sys_cs_url_unfurl_cache","","false","2024-12-02 18:23:50"
"Conversation Vendor","sys_cs_vendor","","false","2024-12-02 18:24:03"
"Sys Cs Vendor Client Adapter Configuration","sys_cs_vendor_client_adapter_configuration","Application File","false","2024-12-02 18:23:54"
"Vendor Context Configuration","sys_cs_vendor_context_configuration","","false","2024-12-02 18:24:05"
"Context","sys_cs_virtual_agent_context","Application File","false","2024-12-02 18:23:48"
"Virtual Agent Variable","sys_cs_virtual_agent_variable","Application File","false","2024-12-02 18:24:21"
"Currency Adapter Rule","sys_currency_conversion_adapter_rule","Adapter Rule","false","2024-12-02 17:42:29"
"Sys Customer Trend","sys_customer_trend","","false","2024-12-02 17:23:12"
"Custom DB Objects","sys_custom_db_object","","false","2024-12-02 18:01:41"
"Dashboard Layout","sys_dashboard","Application File","false","2024-12-02 17:24:45"
"Dashboard Placement","sys_dashboard_detail","Application File","false","2024-12-02 17:24:45"
"Dashboard Template","sys_dashboard_template","","false","2024-12-02 17:24:45"
"Data Egress Source","sys_data_egress_source","","true","2024-12-02 18:23:42"
"Data Policy","sys_data_policy2","Application File","false","2024-12-02 17:23:57"
"Data Policy Rule","sys_data_policy_rule","Application File","false","2024-12-02 17:23:57"
"Data Source","sys_data_source","Application File","false","2024-12-02 17:24:49"
"Cache Entry","sys_db_cache","","false","2024-12-02 17:23:09"
"Table","sys_db_object","Application File","false","2024-12-02 17:23:05"
"DB Size Stats","sys_db_size_stats","","false","2024-12-02 18:05:02"
"Database View","sys_db_view","Application File","false","2024-12-02 17:24:00"
"View Table","sys_db_view_table","Application File","false","2024-12-02 17:24:00"
"View Field","sys_db_view_table_field","Application File","false","2024-12-02 17:24:00"
"Decision Table","sys_decision","Application File","true","2024-12-02 17:55:08"
"Delta Decision Table","sys_decision_delta","Decision Table","false","2024-12-02 17:55:08"
"Decision Input","sys_decision_input","Variables","false","2024-12-02 17:55:09"
"Decision Table Multiple Result","sys_decision_multi_result","Application File","false","2024-12-02 17:55:09"
"Result","sys_decision_multi_result_element","Variables","false","2024-12-02 17:55:09"
"Decision","sys_decision_question","Application File","true","2024-12-02 17:55:09"
"Action Assignment","sys_declarative_action_assignment","Application File","false","2024-12-02 17:25:46"
"Action Definition","sys_declarative_action_definition","Application File","false","2024-12-02 17:25:46"
"Declarative Action Group","sys_declarative_action_group","","false","2024-12-02 17:25:46"
"Action Model Definition","sys_declarative_action_model_definition","Application File","false","2024-12-02 17:25:46"
"Action Model Field","sys_declarative_action_model_field","Variables","false","2024-12-02 17:25:46"
"Action Payload Definition","sys_declarative_action_payload_definition","Application File","false","2024-12-02 17:25:46"
"Action Payload Field","sys_declarative_action_payload_field","Variables","false","2024-12-02 17:25:46"
"Action Payload Mapping","sys_declarative_action_payload_mapping","Application File","false","2024-12-02 17:25:46"
"Declarative Action Render Mode","sys_declarative_action_render_mode","Application File","false","2024-12-02 17:25:46"
"Delete Recovery","sys_delete_recovery","","false","2024-12-02 17:30:21"
"Recipient Destination Preference","sys_destination_preference","","false","2024-12-02 17:50:35"
"Development Permission","sys_development_permission","Application File","false","2024-12-02 17:28:34"
"Development Permission Set","sys_development_permission_set","Application File","false","2024-12-02 17:28:34"
"Dictionary Entry","sys_dictionary","Application File","true","2024-12-02 17:23:05"
"Dictionary Entry Override","sys_dictionary_override","Application File","false","2024-12-02 17:23:07"
"DMJob Chunk","sys_dm_chunk","","false","2024-12-02 17:31:09"
"Data Management","sys_dm_core","","true","2024-12-02 17:30:22"
"Data Management Delete Job","sys_dm_delete","Data Management","false","2024-12-02 17:30:22"
"Data Management Deletion Count","sys_dm_delete_count","","false","2024-12-02 17:30:22"
"DMJob","sys_dm_job","","false","2024-12-02 17:31:09"
"Data Management Policy","sys_dm_policy","Application File","false","2024-12-02 18:06:00"
"DMJob Run","sys_dm_run","","false","2024-12-02 17:31:09"
"Data Management Update Job","sys_dm_update","Data Management","false","2024-12-02 17:30:22"
"Field Label","sys_documentation","Application File","false","2024-12-02 17:23:05"
"Document Conversion Request","sys_document_conversion_request","","false","2024-12-02 18:03:00"
"Document Audit Trail","sys_document_viewer_audit_trail","","false","2024-12-02 18:03:01"
"Document View Status","sys_document_viewer_status","","false","2024-12-02 18:03:01"
"Time Duration Conversion Adapter Rule","sys_duration_conversion_adapter_rule","Adapter Rule","false","2024-12-02 17:42:30"
"Element Mapping","sys_element_mapping","","false","2024-12-02 17:30:23"
"Email","sys_email","","false","2024-12-02 17:23:16"
"Email Account","sys_email_account","","false","2024-12-02 17:43:05"
"Email Account Group","sys_email_account_group","","false","2024-12-02 17:43:05"
"Email Address Filter","sys_email_address_filter","Application File","false","2024-12-02 17:27:00"
"Email Address Filter Domain","sys_email_address_filt_domain","Application File","false","2024-12-02 17:27:00"
"Email Address Filter Exception","sys_email_address_filt_except","Application File","false","2024-12-02 17:27:00"
"Email Attachment","sys_email_attachment","","false","2024-12-02 17:27:02"
"Quick Message","sys_email_canned_message","Application File","false","2024-12-02 17:23:16"
"Email Client Configuration","sys_email_client_configuration","Application File","false","2024-12-02 17:27:01"
"Email Client From Address","sys_email_client_from_address","Application File","false","2024-12-02 17:27:01"
"Email Client Template","sys_email_client_template","Application File","false","2024-12-02 17:26:59"
"Digest Interval","sys_email_digest_interval","Application File","false","2024-12-02 17:27:04"
"Email Digest Part","sys_email_digest_part","","false","2024-12-02 17:27:04"
"Email Digest Part User","sys_email_digest_part_user","","false","2024-12-02 17:27:03"
"Email Digest User Preference","sys_email_digest_user_pref","","false","2024-12-02 17:27:04"
"Email Draft","sys_email_draft","","false","2024-12-02 17:27:01"
"Email Draft Attachment","sys_email_draft_attachment","","false","2024-12-02 17:27:01"
"Email Draft Recipient","sys_email_draft_recipient","","false","2024-12-02 17:27:01"
"Email Filter","sys_email_filter","Application File","false","2024-12-02 17:25:35"
"Filter Action","sys_email_filter_action","Application File","false","2024-12-02 17:25:35"
"Email Layout","sys_email_layout","Application File","false","2024-12-02 17:25:33"
"Email Log","sys_email_log","","false","2024-12-02 17:23:17"
"Email Read Failure Log","sys_email_read_failure_log","","false","2024-12-02 17:24:36"
"Email Reply Separator","sys_email_reply_separator","Application File","false","2024-12-02 17:27:04"
"Email Retry Log","sys_email_retry_log","","false","2024-12-02 17:25:35"
"System Address Filters","sys_email_system_filter","Application File","false","2024-12-02 17:27:02"
"Embedded Help","sys_embedded_help_content","Application File","false","2024-12-02 17:54:37"
"Embedded Help Qualifier","sys_embedded_help_qualifier","Application File","false","2024-12-02 17:54:37"
"Embedded Help Queue","sys_embedded_help_queue","","false","2024-12-02 17:54:37"
"Embedded Help Role Priority","sys_embedded_help_role","Application File","false","2024-12-02 17:54:37"
"Guided Tour Element","sys_embedded_tour_element","Application File","false","2024-12-02 17:55:38"
"Guided Tour","sys_embedded_tour_guide","Application File","false","2024-12-02 17:55:39"
"Guided Tour Step","sys_embedded_tour_step","Application File","false","2024-12-02 17:55:39"
"Embed Object","sys_embed_object","Application File","false","2024-12-02 17:42:01"
"ES Latest Script","sys_es_latest_script","","false","2024-12-02 18:06:01"
"Event Processor","sys_event_processor","","false","2024-12-02 17:23:31"
"Execution Context for Scheduled import","sys_execution_context","","false","2024-12-02 17:24:52"
"Hierarchical scheduled import execution plan","sys_execution_plan","","false","2024-12-02 17:24:53"
"Execution Tracker","sys_execution_tracker","","false","2024-12-02 17:23:11"
"Export Definition","sys_export_definition","Application File","false","2024-12-02 17:44:41"
"Export Set","sys_export_set","Application File","false","2024-12-02 17:44:41"
"Export Log","sys_export_set_log","Log Entry","false","2024-12-02 17:44:41"
"Export Log","sys_export_set_log0000","Log Entry","false","2024-12-02 17:45:02"
"Export Log","sys_export_set_log0001","Log Entry","false","2024-12-02 17:45:03"
"Export Log","sys_export_set_log0002","Log Entry","false","2024-12-02 17:45:04"
"Export Log","sys_export_set_log0003","Log Entry","false","2024-12-02 17:45:05"
"Export Log","sys_export_set_log0004","Log Entry","false","2024-12-02 17:45:06"
"Export Log","sys_export_set_log0005","Log Entry","false","2024-12-02 17:45:08"
"Export Log","sys_export_set_log0006","Log Entry","false","2024-12-02 17:45:09"
"Export Log","sys_export_set_log0007","Log Entry","false","2024-12-02 17:45:10"
"Export History","sys_export_set_run","","false","2015-03-19 13:42:08"
"Export Target","sys_export_target","Application File","false","2024-12-02 17:44:41"
"Extension Instance","sys_extension_instance","Application File","false","2024-12-02 17:23:09"
"Extension Point","sys_extension_point","Application File","false","2024-12-02 17:23:09"
"Filter","sys_filter","Application File","true","2024-12-02 17:23:32"
"Dynamic Filter Options","sys_filter_option_dynamic","Application File","false","2024-12-02 17:24:36"
"Foreign Key","sys_fkey","","false","2024-12-02 17:23:09"
"Flow action data","sys_flow_action_data","","false","2024-12-02 17:54:52"
"Flow engine context action report","sys_flow_action_report","Flow engine context report","false","2024-12-02 17:55:06"
"Proactive Analytics Trigger Flow","sys_flow_analytics_trigger","Trigger","false","2024-12-02 18:03:42"
"Approver Listener Reference","sys_flow_approver_listener_reference","","false","2024-12-02 17:54:53"
"Catalog Trigger","sys_flow_catalog_trigger","Trigger","false","2024-12-02 17:55:01"
"Flow catalog variable","sys_flow_cat_variable","Variable","false","2024-12-02 17:54:50"
"Flow catalog variable model","sys_flow_cat_variable_model","","false","2024-12-02 17:54:52"
"Compiled flow","sys_flow_compiled_flow","","false","2024-12-02 17:54:50"
"Compiled flow chunk","sys_flow_compiled_flow_chunk","","false","2024-12-02 17:54:52"
"Flow engine context","sys_flow_context","","false","2024-12-02 17:54:54"
"Flow Context Chunk (Running)","sys_flow_context_chunk","","false","2024-12-02 17:54:53"
"Flow Context Chunk (Finished)","sys_flow_context_chunk_archive","","false","2024-12-02 17:54:53"
"Flow Context Inputs Chunk","sys_flow_context_inputs_chunk","","false","2024-12-02 17:54:52"
"Flow Data","sys_flow_data","","false","2024-12-02 17:54:52"
"Data Definition","sys_flow_data_definition","Application File","false","2024-12-02 17:54:51"
"Flow Data Variable","sys_flow_data_var","Variables","false","2024-12-02 17:54:54"
"Email Trigger","sys_flow_email_trigger","Trigger","false","2024-12-02 17:55:02"
"Flow execution history","sys_flow_execution_history","","false","2024-12-02 17:55:06"
"Setting","sys_flow_execution_setting","","false","2024-12-02 17:55:18"
"Flow engine context flow report","sys_flow_flow_report","Flow engine context report","false","2024-12-02 17:55:05"
"Group Approval Listener Reference","sys_flow_group_approval_listener_reference","","false","2024-12-02 17:54:51"
"Listening Contexts","sys_flow_listener","","false","2024-12-02 17:54:54"
"Flow engine log entry","sys_flow_log","","false","2024-12-02 17:54:50"
"Flow engine log entry","sys_flow_log0000","","false","2024-12-02 17:54:57"
"Flow engine log entry","sys_flow_log0001","","false","2024-12-02 17:54:58"
"Flow engine log entry","sys_flow_log0002","","false","2024-12-02 17:54:58"
"Flow engine log entry","sys_flow_log0003","","false","2024-12-02 17:54:58"
"Plan Context Binding","sys_flow_plan_context_binding","","false","2024-12-02 17:55:00"
"Record Trigger","sys_flow_record_trigger","Trigger","false","2024-12-02 17:55:01"
"Flow engine context report","sys_flow_report","","true","2024-12-02 17:55:05"
"Flow engine report doc","sys_flow_report_doc","","false","2024-12-02 17:55:06"
"Flow Report Chunk (Running)","sys_flow_report_doc_chunk","","false","2024-12-02 17:54:51"
"Flow Report Chunk (Finished)","sys_flow_report_doc_chunk_archive","","false","2024-12-02 17:54:51"
"Snapshot","sys_flow_report_snapshot","","false","2024-12-02 17:55:06"
"REST Trigger","sys_flow_rest_trigger","Trigger","false","2024-12-02 17:55:00"
"Remote Table Query Trigger","sys_flow_rt_query_trigger","Trigger","false","2024-12-02 17:55:00"
"Flow Runtime State Chunk","sys_flow_runtime_state_chunk","","false","2024-12-02 17:54:55"
"Flow Runtime Values","sys_flow_runtime_value","","false","2024-12-02 17:54:54"
"Flow Runtime Value Chunk","sys_flow_runtime_value_chunk","","false","2024-12-02 17:54:50"
"Flow Responder","sys_flow_rw_action","Responders","false","2024-12-02 17:54:49"
"Process Flow Secure Data","sys_flow_secure_data","","false","2024-12-02 17:54:51"
"Flow statistic","sys_flow_stats","","false","2024-12-02 17:54:50"
"Action Step Definition","sys_flow_step_definition","Application File","false","2024-12-02 17:55:07"
"Action Step Definition Input","sys_flow_step_definition_input","Variables","false","2024-12-02 17:55:07"
"Action Step Definition Output","sys_flow_step_definition_output","Variables","false","2024-12-02 17:55:07"
"Flow engine context step report","sys_flow_step_report","Flow engine context report","false","2024-12-02 17:55:05"
"SubFlow Plan","sys_flow_subflow_plan","","false","2024-12-02 17:55:00"
"Subflow Plan Chunk","sys_flow_subflow_plan_chunk","","false","2024-12-02 17:54:49"
"Timer Trigger","sys_flow_timer_trigger","Trigger","false","2024-12-02 17:55:02"
"Trigger","sys_flow_trigger","","true","2024-12-02 17:54:59"
"Trigger Execution","sys_flow_trigger_auto_script","Scheduled Script Execution","false","2024-12-02 17:55:02"
"Process Flow Trigger Plan","sys_flow_trigger_plan","","false","2024-12-02 17:55:02"
"Flow Trigger Plan Chunk","sys_flow_trigger_plan_chunk","","false","2024-12-02 17:54:51"
"Flow Runtime Values 2","sys_flow_value","","false","2024-12-02 17:54:54"
"Flow Values chunk","sys_flow_value_chunk","","false","2024-12-02 17:54:49"
"Flow Val Listener","sys_flow_val_listener","","false","2024-12-02 17:54:53"
"Formula Function","sys_formula_function","Application File","false","2024-12-02 17:31:08"
"Frequency","sys_frequency","","false","2024-12-02 17:43:35"
"Gauge","sys_gauge","Application File","false","2024-12-02 17:24:45"
"Count Gauges","sys_gauge_counts","Application File","false","2024-12-02 17:24:45"
"Generative AI Provider Mapping","sys_generative_ai_capability_definition","","false","2024-12-02 17:29:11"
"Generative AI Configuration","sys_generative_ai_config","Application File","false","2024-12-02 17:29:10"
"Custom Header API Key Credential","sys_generative_ai_custom_header_api_key_credentials","Credentials","false","2024-12-02 17:29:06"
"Generative AI Custom LLM Transformer","sys_generative_ai_custom_llm_transformer","Application File","false","2024-12-02 17:29:11"
"Generative AI Feedback Scores","sys_generative_ai_feedback_score","","false","2024-12-02 17:29:05"
"Generative AI Log","sys_generative_ai_log","","false","2024-12-02 17:29:11"
"Generative AI Log Extraction Staging","sys_generative_ai_log_ext_staging","","false","2024-12-02 17:29:09"
"Generative AI Metric","sys_generative_ai_metric","","false","2024-12-02 17:29:09"
"Generative AI Model Configuration","sys_generative_ai_model_config","Application File","false","2024-12-02 17:29:08"
"Native Translation Allowed Languages","sys_generative_ai_native_translation_langs","Application File","false","2024-12-02 17:29:08"
"Generative AI Prompt Config","sys_generative_ai_prompt_config","Application File","false","2024-12-02 17:29:09"
"Generative AI Provider Mapping","sys_generative_ai_provider_mapping","Application File","false","2024-12-02 17:29:05"
"Generative AI Request Validator","sys_generative_ai_request_validator","Application File","false","2024-12-02 17:29:11"
"Generative AI Response Validator","sys_generative_ai_response_validator","Application File","false","2024-12-02 17:29:08"
"Generative AI Validator","sys_generative_ai_validator","Application File","false","2024-12-02 17:29:09"
"Generic System Filter Criteria","sys_generic_system_filter_criteria","System Based Filter Criteria","false","2024-12-02 17:59:08"
"Generic User Filter Criteria","sys_generic_user_filter_criteria","User Based Filter Criteria","false","2024-12-02 17:59:07"
"Generative AI Configuration Example","sys_gen_ai_config_example","Application File","false","2024-12-02 17:29:09"
"Gen AI Control","sys_gen_ai_control","Application File","false","2024-12-02 17:29:11"
"Generative AI Control Data","sys_gen_ai_control_data","Application File","false","2024-12-02 17:29:05"
"Gen AI Control Setting","sys_gen_ai_control_setting","Application File","false","2024-12-02 17:29:08"
"Gen AI Control Setting Data","sys_gen_ai_control_setting_data","Application File","false","2024-12-02 17:29:11"
"Generative AI Feature Group","sys_gen_ai_feature_group","Application File","false","2024-12-02 17:29:11"
"Generative AI Feature Group Skill","sys_gen_ai_feature_group_skill","Application File","false","2024-12-02 17:29:10"
"Generative AI Feature Mapping","sys_gen_ai_feature_mapping","Application File","false","2024-12-02 17:29:11"
"GenerativeAI Feedback Configuration","sys_gen_ai_feedback_config","Application File","false","2024-12-02 17:29:09"
"GenerativeAI Feedback Indicator","sys_gen_ai_feedback_indicator","Application File","false","2024-12-02 17:29:07"
"GenerativeAI Feedback Log","sys_gen_ai_feedback_log","","false","2024-12-02 17:29:07"
"Generative AI Filter","sys_gen_ai_filter","Application File","false","2024-12-02 17:29:11"
"Generative AI Filter Config","sys_gen_ai_filter_config","Application File","false","2024-12-02 17:29:07"
"Generative AI Filter Group","sys_gen_ai_filter_group","Application File","false","2024-12-02 17:29:10"
"Generative AI Filter Sample","sys_gen_ai_filter_sample","Application File","false","2024-12-02 17:29:09"
"GenerativeAI Feedback Indicator Value","sys_gen_ai_indicator_value","Application File","false","2024-12-02 17:29:05"
"GenerativeAI Indicator Value Log","sys_gen_ai_indicator_value_log","","false","2024-12-02 17:29:05"
"Gen AI Log Metadata","sys_gen_ai_log_metadata","","false","2024-12-02 17:29:08"
"Generative AI Message History","sys_gen_ai_message_history","","false","2024-12-02 17:29:07"
"Generative AI Metadata Document","sys_gen_ai_metadata_document","","false","2024-12-02 17:29:06"
"Generative AI Model Availability","sys_gen_ai_model_availability","Application File","false","2024-12-02 17:29:06"
"Generative AI Skill","sys_gen_ai_skill","Application File","false","2024-12-02 17:29:05"
"Generative AI Skill Applicability","sys_gen_ai_skill_applicability","Application File","false","2024-12-02 17:29:06"
"Generative AI Skill Config","sys_gen_ai_skill_config","Application File","false","2024-12-02 17:29:09"
"Generative AI Strategy Mapping","sys_gen_ai_strategy_mapping","Application File","false","2024-12-02 17:29:08"
"Generative AI Usage Log","sys_gen_ai_usage_log","","false","2024-12-02 17:29:10"
"Geocoding Aggregation","sys_geocoding_aggregation","Platform Analytics Event Aggregate","false","2024-12-02 17:43:22"
"Geocoding Request","sys_geocoding_request","","false","2015-07-14 08:57:57"
"Geo Routing","sys_geo_routing","Application File","false","2024-12-02 17:29:09"
"Geo Routing Config","sys_geo_routing_config","Application File","false","2024-12-02 17:29:05"
"Glide Lookup Batch Adapter Rule","sys_glide_lookup_batch_adapter_rule","Adapter Rule","false","2024-12-02 17:42:29"
"Field class","sys_glide_object","Application File","false","2024-12-02 17:23:05"
"Global File Hash","sys_global_file_hash","","false","2024-12-02 17:28:42"
"GraphQL Scripted Resolver","sys_graphql_resolver","Application File","false","2024-12-02 17:25:45"
"GraphQL Resolver Mapping","sys_graphql_resolver_mapping","Application File","false","2024-12-02 17:25:45"
"GraphQL API","sys_graphql_schema","Application File","false","2024-12-02 17:25:45"
"GraphQL Type Resolver","sys_graphql_typeresolver","Application File","false","2024-12-02 17:25:45"
"Grid Canvas","sys_grid_canvas","Application File","false","2024-12-02 17:54:11"
"Grid Canvas Pane","sys_grid_canvas_pane","Application File","false","2024-12-02 17:54:11"
"Group Filter Criteria","sys_group_filter_criteria","User Based Filter Criteria","false","2024-12-02 17:59:09"
"Group Role","sys_group_has_role","","false","2024-12-02 17:23:54"
"Guided Tour Analytics","sys_guided_tour_analytics","","false","2024-12-02 17:55:38"
"Guided Tour Analytics Events","sys_guided_tour_analytics_event","","false","2024-12-02 17:55:39"
"Guided Tour User Override","sys_guided_tour_user_overrides","","false","2024-12-02 17:55:48"
"Highlighted Value","sys_highlighted_value","Application File","false","2024-12-02 18:00:17"
"Highlighted Value Condition","sys_highlighted_value_condition","Application File","false","2024-12-02 18:00:17"
"History","sys_history_line","","false","2024-12-02 17:25:29"
"History","sys_history_line0000","","false","2024-12-02 18:08:44"
"History","sys_history_line0001","","false","2024-12-02 18:08:45"
"History","sys_history_line0002","","false","2024-12-02 18:08:45"
"History","sys_history_line0003","","false","2024-12-02 18:08:45"
"Record History","sys_history_set","","false","2024-12-02 17:25:29"
"Holiday","sys_holiday","Application File","false","2024-12-02 17:23:32"
"Welcome Page Section","sys_home","Application File","false","2024-12-02 17:23:12"
"Homepage Destination Rule","sys_homepage_destination_rule","Rule","false","2024-12-02 18:04:23"
"HOP Token","sys_hop_token","","false","2024-12-02 17:31:07"
"Action Inputs","sys_hub_action_input","Variables","false","2024-12-02 17:55:22"
"Variable Action Instance","sys_hub_action_input_action_instance","","false","2024-12-02 17:55:15"
"Action Instance","sys_hub_action_instance","Component","false","2024-12-02 17:55:22"
"Action Instance V2","sys_hub_action_instance_v2","Component","false","2024-12-02 17:55:20"
"Action Outputs","sys_hub_action_output","Variables","false","2024-12-02 17:55:20"
"Action Plan","sys_hub_action_plan","","false","2024-12-02 17:54:59"
"Hub Action Plan Chunk","sys_hub_action_plan_chunk","","false","2024-12-02 17:54:53"
"Action Status Metadata","sys_hub_action_status_metadata","","false","2024-12-02 17:55:19"
"Action Type Base","sys_hub_action_type_base","Application File","true","2024-12-02 17:55:19"
"Action Type","sys_hub_action_type_definition","Action Type Base","false","2024-12-02 17:55:21"
"Action Type Snapshot","sys_hub_action_type_snapshot","Action Type Base","false","2024-12-02 17:55:19"
"Source to Target Alias Mapping","sys_hub_alias_mapping","","true","2024-12-02 17:55:16"
"Source to Target Alias Mapping Snapshot","sys_hub_alias_mapping_snapshot","Source to Target Alias Mapping","false","2024-12-02 17:55:16"
"Action Category","sys_hub_category","Application File","false","2024-12-02 17:55:19"
"Events","sys_hub_event","","false","2024-12-02 17:55:20"
"Flow","sys_hub_flow","Flow Base","false","2024-12-02 17:55:17"
"Flow Base","sys_hub_flow_base","Flow Block","true","2024-12-02 17:55:17"
"Flow Block","sys_hub_flow_block","Application File","true","2024-12-02 17:55:15"
"Component","sys_hub_flow_component","","true","2024-12-02 17:55:16"
"Flow Designer Complex Object Templates","sys_hub_flow_designer_co_template","Application File","false","2024-12-02 17:55:16"
"Flow Inputs","sys_hub_flow_input","Variables","false","2024-12-02 17:55:16"
"Flow Logic Instance","sys_hub_flow_logic","Component","false","2024-12-02 17:55:22"
"Logic Definition","sys_hub_flow_logic_definition","Application File","false","2024-12-02 17:55:21"
"Extended Flow Logic Inputs","sys_hub_flow_logic_ext_input","Variables","false","2024-12-02 17:55:21"
"Logic Input","sys_hub_flow_logic_input","Variables","false","2024-12-02 17:55:19"
"Flow Logic Instance V2","sys_hub_flow_logic_instance_v2","Component","false","2024-12-02 17:55:16"
"Logic Variable","sys_hub_flow_logic_variable","Variables","false","2024-12-02 17:55:21"
"Flow Outputs","sys_hub_flow_output","Variables","false","2024-12-02 17:55:18"
"Flow Safe Edit","sys_hub_flow_safe_edit","","false","2024-12-02 17:55:22"
"Flow Snapshot","sys_hub_flow_snapshot","Flow Base","false","2024-12-02 17:55:20"
"Flow Stages","sys_hub_flow_stage","","false","2024-12-02 17:55:18"
"Flow Variables","sys_hub_flow_variable","Variables","false","2024-12-02 17:55:18"
"Input Scripts","sys_hub_input_scripts","","false","2024-12-02 17:55:20"
"Pill Compound","sys_hub_pill_compound","","false","2024-12-02 17:55:21"
"Flow Designer Popular Type","sys_hub_popular_artifacts","","false","2024-12-02 17:55:19"
"Workflow Resource","sys_hub_resource","Application File","false","2024-12-02 17:56:13"
"Workflow Resource Filter Rule","sys_hub_resource_filter_rule","Application File","false","2024-12-02 17:56:13"
"Service Catalog Glide Type Mapping","sys_hub_sc_glide_type_mapping","","false","2024-12-02 17:55:17"
"Snapshot","sys_hub_snapshot","","false","2024-12-02 17:55:20"
"Hub Snapshot Chunk","sys_hub_snapshot_chunk","","false","2024-12-02 17:54:54"
"Action Status Condition","sys_hub_status_condition","","false","2024-12-02 17:55:16"
"Extended Step Input Variable","sys_hub_step_ext_input","Variables","false","2024-12-02 17:55:17"
"Extended Step Output Variable","sys_hub_step_ext_output","Variables","false","2024-12-02 17:55:20"
"Step Instance","sys_hub_step_instance","","false","2024-12-02 17:55:20"
"Subflow Instance","sys_hub_sub_flow_instance","Component","false","2024-12-02 17:55:21"
"Subflow Instance Inputs","sys_hub_sub_flow_instance_inputs","Variables","false","2024-12-02 17:55:18"
"Subflow Instance V2","sys_hub_sub_flow_instance_v2","Component","false","2024-12-02 17:55:17"
"Trigger Flow Category","sys_hub_trigger_category","Application File","false","2024-12-02 17:55:01"
"Trigger Flow Definition","sys_hub_trigger_definition","Application File","true","2024-12-02 17:55:00"
"Trigger Flow Connector","sys_hub_trigger_input","Variables","false","2024-12-02 17:55:02"
"Trigger Instance","sys_hub_trigger_instance","","false","2024-12-02 17:55:00"
"Trigger Instance V2","sys_hub_trigger_instance_v2","","false","2024-12-02 17:55:01"
"Trigger Flow Connector","sys_hub_trigger_output","Variables","false","2024-12-02 17:55:02"
"Trigger Template","sys_hub_trigger_template","Trigger Flow Definition","true","2024-12-02 17:55:01"
"Trigger Template Delta","sys_hub_trigger_template_delta","Trigger Template","false","2024-12-02 17:55:01"
"Flow Designer UI Element","sys_hub_ui_element","","false","2024-12-02 17:56:13"
"Flow Designer UI Section","sys_hub_ui_section","","false","2024-12-02 17:56:13"
"Plugin Version History","sys_i18n_plugin_version_history","","false","2024-12-02 17:28:38"
"Language Region","sys_i18n_region","","false","2024-12-02 17:28:38"
"Interactive Analysis Preferences","sys_ia_preferences","","false","2024-12-02 17:55:50"
"Identity Center Role Config","sys_icenter_role_config","","false","2024-12-02 18:19:17"
"Illegal Constructor, Field, or Method","sys_illegal_member","","false","2024-12-02 17:27:24"
"Illegal Package Call","sys_illegal_package","","false","2024-12-02 17:27:24"
"Field Map","sys_impex_entry","Application File","false","2024-12-02 17:41:49"
"Import Export Map","sys_impex_map","Application File","false","2024-12-02 17:24:49"
"Transform Value","sys_impex_transform","","false","2024-12-02 17:41:49"
"Import Set","sys_import_set","","false","2024-12-02 17:24:53"
"Execution","sys_import_set_execution","","false","2024-12-02 17:24:52"
"Import Set Row","sys_import_set_row","","true","2024-12-02 17:24:53"
"Import Set Row Error","sys_import_set_row_error","","false","2024-12-02 17:24:54"
"Transform History","sys_import_set_run","","false","2024-12-02 17:24:53"
"Indexes","sys_index","Application File","false","2024-12-02 17:23:12"
"Index Explanation","sys_index_explain","MySQL Explan Plan Step","false","2024-12-02 17:30:20"
"Index Suggestion","sys_index_suggestion","","false","2024-12-02 17:30:20"
"Index Suggestion Executions","sys_index_suggestion_exec","","false","2024-12-02 17:30:20"
"Installation Exit","sys_installation_exit","Application File","false","2024-12-02 17:23:09"
"Plugin Installation Schedule","sys_installation_schedule","","false","2024-12-02 17:25:09"
"Plugin Installation Schedule Item","sys_installation_schedule_item","","false","2024-12-02 17:25:09"
"Instance State","sys_instance_state","","false","2024-12-02 17:24:01"
"Slow Interaction","sys_interaction_pattern","Slow Pattern","false","2024-12-02 17:42:18"
"IP Collection","sys_ip_address_collection","","true","2024-12-02 17:59:08"
"IP Range","sys_ip_address_range","IP Collection","false","2024-12-02 17:59:08"
"Subnet","sys_ip_address_subnet","IP Collection","false","2024-12-02 17:59:09"
"IP Filter Criteria","sys_ip_filter_criteria","System Based Filter Criteria","false","2024-12-02 17:59:10"
"IRE Stats","sys_ire_pattern","Slow Pattern","false","2024-12-02 17:35:19"
"Jelly Script File","sys_jelly_file","","false","2024-12-02 17:42:22"
"Sys Job","sys_job","Application File","false","2024-12-02 17:23:32"
"Job Classification Rule","sys_job_classification_rule","Application File","false","2024-12-02 17:24:02"
"Journal Entry","sys_journal_field","","false","2024-12-02 17:23:12"
"Journal Field Edit","sys_journal_field_edit","","false","2024-12-02 17:43:08"
"JSON chunk","sys_json_chunk","","false","2024-12-02 17:23:13"
"Javascript Breakpoints","sys_js_breakpoint","","false","2024-12-02 17:50:25"
"JavaScript Content Provider Access Tracking","sys_js_content_provider_access_tracking","","false","2024-12-02 17:23:59"
"JavaScript Content Provider Rule","sys_js_content_provider_rule","Application File","false","2024-12-02 17:23:59"
"Logpoints","sys_js_logpoint","","false","2024-12-02 17:50:25"
"Kaa Policy","sys_kaa_policy","Application File","false","2024-12-02 18:15:40"
"Kaa Subidentity Assertion","sys_kaa_subidentity_assertion","Application File","false","2024-12-02 18:15:41"
"Kaa User Policy Mapping","sys_kaa_user_policy_mapping","","false","2024-12-02 18:15:41"
"Languages","sys_language","Application File","false","2024-12-02 17:28:38"
"Language Region","sys_language_region","","false","2024-12-02 17:28:38"
"Sys Listener Detail","sys_listener_detail","Application File","false","2024-12-02 17:23:32"
"List Producing Adapter Rule","sys_list_producing_adapter_rule","Adapter Rule","true","2024-12-02 17:42:30"
"Locale","sys_locale","","false","2024-12-02 17:27:07"
"Logger Configuration","sys_logger_configuration","Application File","false","2024-12-02 17:23:53"
"Logical Table Stats","sys_logical_table_stats","","false","2024-12-02 18:05:01"
"Many to Many Definition","sys_m2m","Application File","false","2024-12-02 17:23:09"
"Mailboxes","sys_mailbox","Application File","false","2024-12-02 17:24:36"
"Application Template Map","sys_mapplication","","false","2024-12-02 17:56:41"
"Map Adapter Rule","sys_map_adapter_rule","Adapter Rule","false","2024-12-02 17:42:29"
"Encryption Job","sys_mass_encryption_job","","true","2024-12-02 17:25:12"
"Application File","sys_metadata","","true","2024-12-02 17:23:05"
"Customized Metadata Detail","sys_metadata_customization","","false","2024-12-02 17:28:32"
"Deleted Application File","sys_metadata_delete","Application File","false","2024-12-02 17:27:12"
"Deleted File Reference","sys_metadata_delete_reference","","false","2024-12-02 17:27:12"
"Deleted File Related","sys_metadata_delete_related","","false","2024-12-02 17:27:12"
"Metadata Snapshot","sys_metadata_link","Application File","false","2024-12-02 17:27:09"
"Metadata Volatility Levels","sys_metadata_volatility","","false","2024-12-02 17:28:33"
"MFA Factor","sys_mfa_factor","","false","2024-12-02 17:31:10"
"MFA Context","sys_mfa_policy_context","Application File","true","2024-12-02 17:59:09"
"Mobile Analytics Settings","sys_mobile_analytics_settings","","false","2024-12-02 17:30:31"
"Session Replay Settings","sys_mobile_analytics_video_settings","","false","2024-12-02 17:30:32"
"Mobile Devices","sys_mobile_devices","","false","2024-12-02 17:27:43"
"EcmaScript Module","sys_module","Application File","false","2024-12-02 18:05:04"
"Multi Import Set","sys_multi_import_set","","false","2024-12-02 17:24:52"
"Mutex","sys_mutex","","false","2024-12-02 17:23:10"
"Slow Mutex","sys_mutex_pattern","Slow Pattern","false","2024-12-02 17:42:18"
"Navigation Handler","sys_navigator","Application File","false","2024-12-02 17:23:14"
"Navigation Link","sys_nav_link","Application File","false","2024-12-02 17:23:10"
"NLU Entity","sys_nlu_entity","Application File","false","2024-12-02 17:29:38"
"NLU Intent","sys_nlu_intent","Application File","false","2024-12-02 17:29:38"
"NLU Intent Traceability","sys_nlu_intent_trace","Application File","false","2024-12-02 17:29:39"
"NLU Model","sys_nlu_model","Application File","false","2024-12-02 17:29:38"
"NLU Model status","sys_nlu_model_status","","false","2024-12-02 17:29:39"
"NLU System Entity","sys_nlu_sys_entity","Application File","false","2024-12-02 17:29:39"
"NLU Utterance","sys_nlu_utterance","Application File","false","2024-12-02 17:29:39"
"NLU Vocabulary","sys_nlu_vocabulary","Application File","false","2024-12-02 17:29:38"
"Node Type","sys_node_type","Application File","false","2024-12-02 17:24:01"
"Node Upgrade History","sys_node_upgrade_history","","false","2024-12-02 17:23:11"
"Normalization Job","sys_normalization_job","","false","2024-12-02 18:04:53"
"Notification","sys_notification","Rule","true","2024-12-02 17:50:36"
"Notification Action","sys_notification_action","Application File","true","2024-12-02 17:50:35"
"Actionable Content","sys_notification_actionable_content","Application File","false","2024-12-02 17:50:36"
"Notification Actionable Prompt","sys_notification_actionable_prompt","Notification Content","false","2024-12-02 17:50:35"
"Notification Category","sys_notification_category","Application File","false","2024-12-02 17:25:36"
"Notification Channel","sys_notification_channel","Application File","false","2024-12-02 17:50:35"
"Notification Channel Property","sys_notification_channel_property","Application File","false","2024-12-02 17:50:36"
"Notification Common Content","sys_notification_common_content","Notification Content","false","2024-12-02 17:50:36"
"Notification Content","sys_notification_content","Application File","true","2024-12-02 17:50:34"
"Notification Log","sys_notification_execution","","false","2024-12-02 17:50:35"
"Notification Log","sys_notification_execution0000","","false","2024-12-02 18:40:08"
"Notification Log","sys_notification_execution0001","","false","2024-12-02 18:40:09"
"Notification Log","sys_notification_execution0002","","false","2024-12-02 18:40:09"
"Notification Log","sys_notification_execution0003","","false","2024-12-02 18:40:09"
"Notification Log","sys_notification_execution0004","","false","2024-12-02 18:40:10"
"Notification Log","sys_notification_execution0005","","false","2024-12-02 18:40:10"
"Notification Log","sys_notification_execution0006","","false","2024-12-02 18:40:11"
"Notification Log","sys_notification_execution0007","","false","2024-12-02 18:40:11"
"Log","sys_notification_execution_log","Log Entry","false","2024-12-02 17:50:32"
"Log","sys_notification_execution_log0000","Log Entry","false","2024-12-02 17:50:33"
"Log","sys_notification_execution_log0001","Log Entry","false","2024-12-02 17:50:33"
"Log","sys_notification_execution_log0002","Log Entry","false","2024-12-02 17:50:34"
"Log","sys_notification_execution_log0003","Log Entry","false","2024-12-02 17:50:34"
"Log","sys_notification_execution_log0004","Log Entry","false","2024-12-02 17:50:34"
"Log","sys_notification_execution_log0005","Log Entry","false","2024-12-02 17:50:34"
"Log","sys_notification_execution_log0006","Log Entry","false","2024-12-02 17:50:34"
"Log","sys_notification_execution_log0007","Log Entry","false","2024-12-02 17:50:34"
"Notification Flow Action","sys_notification_flow_action","Notification Action","true","2024-12-02 17:50:37"
"Notification Next Experience Content","sys_notification_next_experience_content","Notification Content","false","2024-12-02 18:04:21"
"Notification Preference","sys_notification_preference","","false","2024-12-02 17:50:36"
"Notification Property","sys_notification_property","Application File","false","2024-12-02 17:50:34"
"Notification Provider","sys_notification_provider","Application File","false","2024-12-02 17:50:36"
"Notification Provider Property","sys_notification_provider_property","Application File","false","2024-12-02 17:50:35"
"Additional Notification Recipients","sys_notification_recipient","Application File","false","2024-12-02 17:50:35"
"Notification Content - Virtual Agent","sys_notification_va_content","Notification Content","true","2024-12-02 18:24:07"
"Notification Content - Virtual Agent Messaging","sys_notification_va_content_messaging","Notification Content - Virtual Agent","false","2024-12-02 18:24:07"
"Notification Workspace Content","sys_notification_workspace_content","Notification Content","false","2024-12-02 17:50:41"
"Notification Category Preference","sys_notif_category_preference","","false","2024-12-02 17:25:36"
"Notification Destination Type","sys_notif_destination_type","Application File","false","2024-12-02 17:50:37"
"Notification Destination Type Setting","sys_notif_dest_type_setting","Application File","false","2024-12-02 17:50:36"
"Notification Filter Configuration","sys_notif_filter_config","Application File","false","2024-12-02 17:25:36"
"Filter Config X Classic Notification","sys_notif_filter_config_m2m_sysevent_email_action","Application File","false","2024-12-02 17:25:36"
"Filter Config X Provider Notification","sys_notif_filter_config_m2m_sys_notification","Application File","false","2024-12-02 17:25:36"
"Notification Monitoring Statistics","sys_notif_stats","","false","2024-12-02 17:25:32"
"Notification Subscription","sys_notif_subscription","Application File","false","2024-12-02 17:25:34"
"NowMQ Message","sys_nowmq_message","","false","2024-12-02 17:28:41"
"NowMQ Message Archive","sys_nowmq_message_archive","","false","2024-12-02 17:28:41"
"NowMQ Provider","sys_nowmq_provider","Application File","false","2024-12-02 17:28:41"
"NowMQ Provider Parameter","sys_nowmq_provider_param","Application File","false","2024-12-02 17:28:41"
"NowMQ Provider Parameter Definition","sys_nowmq_provider_param_definition","Application File","false","2024-12-02 17:28:41"
"NowMQ Subject","sys_nowmq_subject","Application File","false","2024-12-02 17:28:41"
"NowMQ Subject Parameter","sys_nowmq_subject_param","Application File","false","2024-12-02 17:28:41"
"NowMQ Subject Parameter Definition","sys_nowmq_subject_param_definition","Application File","false","2024-12-02 17:28:41"
"Now Exp Analytics Applications","sys_now_exp_app","","false","2024-12-02 17:50:27"
"Number","sys_number","Application File","false","2024-12-02 17:23:31"
"Number Counter","sys_number_counter","","false","2024-12-02 17:23:30"
"Source","sys_object_source","","false","2024-12-02 17:46:11"
"Offline Applications","sys_offline_app","","false","2024-12-02 17:25:08"
"OneExtend Attribute Group","sys_one_extend_attribute_group","Application File","false","2024-12-02 17:29:05"
"OneExtend Batch Result","sys_one_extend_batch_result","","false","2024-12-02 17:29:09"
"OneExtend Batch Run","sys_one_extend_batch_run","","false","2024-12-02 17:29:08"
"OneExtend Builder Capability","sys_one_extend_builder_capability","Application File","false","2024-12-02 17:29:06"
"OneExtend Builder Config","sys_one_extend_builder_config","Application File","false","2024-12-02 17:29:06"
"OneExtend Capability","sys_one_extend_capability","Application File","false","2024-12-02 17:29:11"
"OneExtend Capability Attribute Resource Lookup","sys_one_extend_capability_attribute_resource_lookup","Application File","false","2024-12-02 17:29:07"
"OneExtend Capability Definition","sys_one_extend_capability_definition","Application File","false","2024-12-02 17:29:06"
"OneExtend Dataset Attribute Mapping","sys_one_extend_dataset_attribute_mapping","","false","2024-12-02 17:29:07"
"OneExtend Dataset Attribute Value","sys_one_extend_dataset_attribute_value","","false","2024-12-02 17:29:10"
"OneExtend Dataset Skill Mapping","sys_one_extend_dataset_skill_mapping","","false","2024-12-02 17:29:06"
"OneExtend Capability Attribute","sys_one_extend_definition_attribute","Application File","false","2024-12-02 17:29:08"
"OneExtend Definition Category","sys_one_extend_definition_category","Application File","false","2024-12-02 17:29:11"
"OneExtend Definition Config","sys_one_extend_definition_config","Application File","false","2024-12-02 17:29:08"
"OneExtend Eval Attribute","sys_one_extend_eval_attribute","Application File","false","2024-12-02 17:29:07"
"OneExtend Eval Metric Result","sys_one_extend_eval_metric_result","","false","2024-12-02 17:29:06"
"OneExtend Eval Strategy","sys_one_extend_eval_strategy","Application File","false","2024-12-02 17:29:12"
"OneExtend Eval Strategy Metric","sys_one_extend_eval_strategy_metric","Application File","false","2024-12-02 17:29:10"
"OneExtend Eval Suggestion","sys_one_extend_eval_suggestion","Application File","false","2024-12-02 17:29:07"
"OneExtend Periodic Batch Run","sys_one_extend_periodic_batch_run","","false","2024-12-02 17:29:07"
"One Extend Rate Limit Rule Count","sys_one_extend_rate_limit_count","","false","2024-12-02 17:29:05"
"One Extend Rate Limit Rule","sys_one_extend_rate_limit_rules","Application File","false","2024-12-02 17:29:07"
"One Extend Rate Limit Rule Violations","sys_one_extend_rate_limit_violations","","false","2024-12-02 17:29:05"
"OneExtend Resource Attribute Mapping","sys_one_extend_resource_attribute_mapping","Application File","false","2024-12-02 17:29:09"
"OneExtend Resource Mapping","sys_one_extend_resource_mapping","Application File","false","2024-12-02 17:29:10"
"OneExtend Resource Param Value","sys_one_extend_resource_param_value","Application File","false","2024-12-02 17:29:07"
"OneExtend Test Dataset","sys_one_extend_test_dataset","","false","2024-12-02 17:29:10"
"OneExtend Test Record","sys_one_extend_test_record","","false","2024-12-02 17:29:07"
"OneExtend Translation Strategy","sys_one_extend_translate_strategy","Application File","false","2024-12-02 17:29:06"
"OneExtend Truncate Strategy","sys_one_extend_truncate_strategy","Application File","false","2024-12-02 17:29:06"
"OneExtend Usage","sys_one_extend_usage","","false","2024-12-02 17:29:10"
"On-Call Contact Source","sys_on_call_contact_source","Application File","false","2024-12-02 17:59:26"
"On-Call Group Template","sys_on_call_group_template","Application File","false","2024-12-02 17:59:27"
"On-Call Shift Template","sys_on_call_shift_template","Application File","false","2024-12-02 17:59:26"
"OpenAPI ","sys_openapi","Application File","false","2024-12-02 17:55:11"
"OpenAPI  Operation","sys_openapi_operation","Application File","false","2024-12-02 17:55:11"
"Operational Toggle","sys_operational_toggle","Application File","false","2024-12-02 17:28:37"
"Operational Toggle Level","sys_operational_toggle_level","Application File","false","2024-12-02 17:28:37"
"Orchestrator Action","sys_orchestrator_action","","false","2024-12-02 17:28:40"
"Outbound HTTP Log","sys_outbound_http_log","","false","2024-12-02 17:57:17"
"Outbound HTTP Log","sys_outbound_http_log0000","","false","2024-12-02 17:57:19"
"Outbound HTTP Log","sys_outbound_http_log0001","","false","2024-12-02 17:57:19"
"Outbound HTTP Log","sys_outbound_http_log0002","","false","2024-12-02 17:57:19"
"Outbound HTTP Log","sys_outbound_http_log0003","","false","2024-12-02 17:57:20"
"Outbound HTTP Log","sys_outbound_http_log0004","","false","2024-12-02 17:57:20"
"Outbound HTTP Log","sys_outbound_http_log0005","","false","2024-12-02 17:57:20"
"Outbound HTTP Log","sys_outbound_http_log0006","","false","2024-12-02 17:57:21"
"Outbound HTTP Log","sys_outbound_http_log0007","","false","2024-12-02 17:57:21"
"Outbound HTTP Log Domain Exclusion List","sys_outbound_http_log_blacklist","","false","2024-12-02 17:57:18"
"Outbound HTTP Log Level","sys_outbound_http_log_level","","false","2024-12-02 17:57:17"
"Package","sys_package","","true","2024-12-02 17:23:07"
"Package dependency item","sys_package_dependency_item","","false","2024-12-02 17:27:54"
"Package dependency","sys_package_dependency_m2m","","false","2024-12-02 17:27:54"
"Padlock","sys_padlock","","false","2024-12-02 17:23:10"
"Page theme support","sys_page_theme","Application File","false","2024-12-02 18:04:21"
"Parallel data loader execution context","sys_parallel_data_loader_execution_context","Parallel Job Execution Context","false","2024-12-02 17:24:53"
"Parallel Jobs","sys_parallel_job","","false","2024-12-02 17:24:49"
"Parallel Job Execution Context","sys_parallel_job_execution_context","","true","2024-12-02 17:24:49"
"Parallel script execution context","sys_parallel_script_execution_context","Parallel Job Execution Context","false","2024-12-02 17:24:49"
"Slow Pattern","sys_pattern","","true","2024-12-02 17:30:18"
"Pattern Adapter Rule","sys_pattern_adapter_rule","Adapter Rule","true","2024-12-02 17:42:30"
"PDF Generation Font Family","sys_pdf_generation_font_family","","false","2024-12-02 17:57:45"
"PDF Generation Status","sys_pdf_generation_status","","false","2024-12-02 17:57:45"
"Activity","sys_pd_activity","Derivative","false","2024-12-02 18:05:11"
"Activity Execution","sys_pd_activity_context","","false","2024-12-02 18:05:06"
"Activity Definition","sys_pd_activity_definition","Application File","false","2024-12-02 18:05:14"
"Diagram View App Objects","sys_pd_activity_m2m_app_object","","false","2024-12-02 18:05:12"
"Activity Variant Override","sys_pd_activity_override","","false","2025-01-23 05:21:17"
"Activity Start Rule Definition","sys_pd_activity_start_rule_definition","Application File","false","2024-12-02 18:05:14"
"Activity Start Rule Variable","sys_pd_activity_start_rule_var","Variables","false","2024-12-02 18:05:13"
"Activity UI Layout","sys_pd_activity_type","Application File","false","2024-12-02 18:05:07"
"Experience Property","sys_pd_activity_type_prop","Variables","false","2024-12-02 18:05:07"
"Asset Configuration","sys_pd_asset_configuration","Application File","false","2024-12-02 18:05:11"
"Process Executions","sys_pd_context","","false","2024-12-02 18:05:05"
"Process Execution Archive Chunk","sys_pd_context_chunk","","false","2024-12-02 18:05:06"
"Execution Log","sys_pd_context_log","","false","2024-12-02 18:05:05"
"Derivative","sys_pd_derivative","","true","2024-12-02 18:05:11"
"Lane","sys_pd_lane","","false","2024-12-02 18:05:13"
"Lane Execution","sys_pd_lane_context","","false","2024-12-02 18:05:06"
"Lane Start Rule Definition","sys_pd_lane_start_rule_definition","Application File","false","2024-12-02 18:05:14"
"Lane Start Rule Variable","sys_pd_lane_start_rule_var","Variables","false","2024-12-02 18:05:11"
"Panel Override","sys_pd_panel_override","Application File","false","2024-12-02 18:05:15"
"Process Definition","sys_pd_process_definition","Application File","false","2024-12-02 18:05:13"
"Playbook Type","sys_pd_process_type","Application File","false","2024-12-02 18:05:13"
"Process Variant","sys_pd_process_variant","","false","2025-01-23 05:21:18"
"Process Definition Snapshot","sys_pd_snapshot","","false","2024-12-02 18:05:05"
"Process Definition Snapshot Chunk","sys_pd_snapshot_chunk","","false","2024-12-02 17:54:50"
"Process Definition Swim Lane","sys_pd_swim_lane","","false","2024-12-02 18:05:13"
"Process Definition Swim Lane Images","sys_pd_swim_lane_image","Application File","false","2024-12-02 18:05:12"
"Timer attributes","sys_pd_timer_attributes","","false","2024-12-02 18:05:14"
"Trigger Definition","sys_pd_trigger_definition","Application File","false","2024-12-02 18:05:13"
"Trigger Execution","sys_pd_trigger_execution","","false","2024-12-02 18:05:05"
"Trigger Connector","sys_pd_trigger_input","Variables","false","2024-12-02 18:05:12"
"Trigger Instance","sys_pd_trigger_instance","","false","2024-12-02 18:05:12"
"Licensed Trigger Tables for Process Automation Definitions","sys_pd_trigger_license","","false","2024-12-02 18:05:12"
"Trigger Type","sys_pd_trigger_type","Application File","false","2024-12-02 18:05:14"
"Performance Event","sys_performance_event","","false","2024-12-02 17:30:18"
"Performance Event Type","sys_performance_event_type","","false","2024-12-02 17:30:18"
"Menu List","sys_perspective","Application File","false","2024-12-02 17:23:30"
"Phone format","sys_phone_format","","false","2024-12-02 17:42:54"
"Sys Phone Territory","sys_phone_territory","","false","2024-12-02 17:42:54"
"Phone validation","sys_phone_validate","","false","2024-12-02 17:42:54"
"Physical Logical","sys_physical_logical_table_stats_m2m","","false","2024-12-02 18:05:02"
"Physical Table Disk Usage","sys_physical_table_disk_usage","","false","2024-12-02 18:05:01"
"Physical Table Dynamic Group","sys_physical_table_dynamic_group","","false","2024-12-02 18:05:02"
"Physical Table Group","sys_physical_table_group","","false","2024-12-02 18:05:02"
"Physical Table Stats","sys_physical_table_stats","","false","2024-12-02 18:05:02"
"Playbook Activity Override","sys_playbook_activity_renderer","Application File","false","2024-12-02 18:05:44"
"Playbook Experience","sys_playbook_experience","Application File","false","2024-12-02 18:05:45"
"Playbook Experience Action Assignment Map","sys_playbook_experience_action_assignment_map","Application File","false","2024-12-02 18:05:45"
"Playbook Activity UI","sys_playbook_experience_activity_ui","Application File","false","2024-12-02 18:05:44"
"Playbook Configuration","sys_playbook_experience_configuration","Application File","false","2024-12-02 18:05:44"
"Playbook Experience Record Generator","sys_playbook_experience_record_generator","Application File","false","2024-12-02 18:05:44"
"Playbook Experience Activity State To Experience Status Map","sys_playbook_experience_state_to_status","Application File","false","2024-12-02 18:05:43"
"Playbook Experience Status Mapping","sys_playbook_experience_status_mapping","Application File","false","2024-12-02 18:05:44"
"Playbook Experience Status To Activity State Map","sys_playbook_experience_status_to_state","Application File","false","2024-12-02 18:05:44"
"Sys Plugins","sys_plugins","Package","false","2024-12-02 17:23:14"
"Plugin Activation Log","sys_plugin_log","","false","2024-12-02 17:24:45"
"Unified Navigation Configurable Menu Item","sys_polaris_configurable_menu_item","Application File","false","2024-12-02 18:04:16"
"Unified Navigation Menu","sys_polaris_menu_config","Application File","false","2024-12-02 18:04:16"
"Job Polling","sys_poll","","false","2024-12-02 17:23:13"
"Portal","sys_portal","","false","2024-12-02 17:27:25"
"Portal Page","sys_portal_page","Application File","false","2024-12-02 17:27:25"
"Portal Preference","sys_portal_preferences","","false","2024-12-02 17:27:25"
"Processing Framework Job Details","sys_processing_framework_job","","false","2024-12-02 17:28:40"
"Processor","sys_processor","Application File","false","2024-12-02 17:23:10"
"Flow Formatter","sys_process_flow","Application File","false","2016-05-11 14:24:52"
"Help","sys_product_help","Application File","false","2024-12-02 17:28:14"
"Page to Section","sys_product_help_p2s","Application File","false","2024-12-02 17:28:14"
"Help Page","sys_product_help_page","Application File","false","2024-12-02 17:28:13"
"Help Section","sys_product_help_section","Application File","false","2024-12-02 17:28:14"
"Progress Worker","sys_progress_worker","","false","2024-12-02 17:23:32"
"System Property","sys_properties","Application File","false","2024-12-02 17:23:13"
"System Property Category","sys_properties_category","Application File","false","2024-12-02 17:23:13"
"Category Property","sys_properties_category_m2m","Application File","false","2024-12-02 17:23:13"
"Protocol Profile","sys_protocol_profile","","false","2024-12-02 17:27:36"
"Channel Proxy App Installation","sys_proxy_app","Application File","false","2024-12-02 18:24:07"
"Public Pages","sys_public","Application File","false","2024-12-02 17:23:13"
"Push Application","sys_push_application","Application File","false","2024-12-02 17:25:41"
"Push Token Based Auth","sys_push_auth","","false","2024-12-02 17:25:41"
"Push Google OAuth","sys_push_auth_fcm","","false","2024-12-02 17:25:41"
"Push Feedback","sys_push_feedback","Application File","false","2024-12-02 17:25:41"
"Push Notification","sys_push_notification","","false","2024-12-02 17:25:41"
"Push Notification Action","sys_push_notif_act_script","Application File","false","2024-12-02 17:25:42"
"Push Notification Installation","sys_push_notif_app_install","Application File","false","2024-12-02 17:25:42"
"Push Default Registration","sys_push_notif_default_reg","","false","2024-12-02 17:25:42"
"Push Notification Message","sys_push_notif_msg","Application File","false","2024-12-02 17:25:43"
"Push Message Attribute Definition","sys_push_notif_msg_attr_def","","false","2024-12-02 17:25:42"
"Push Message Attribute Value","sys_push_notif_msg_attr_val","Application File","false","2024-12-02 17:25:42"
"Push Notification Message Content","sys_push_notif_msg_content","Application File","false","2024-12-02 17:25:43"
"Push Platform","sys_push_platform","","false","2024-12-02 17:25:41"
"Push Notifications Requests","sys_push_request","","false","2024-12-02 17:25:43"
"Slow SQL Statements","sys_querystat","","false","2024-12-02 17:23:10"
"Index Hint Rewrite","sys_query_index_hint","Query Rewrite","false","2024-12-02 17:42:19"
"Slow Queries","sys_query_pattern","Slow Pattern","false","2024-12-02 17:42:19"
"Query Performance Test Results","sys_query_performance_test_result","","false","2024-12-02 17:30:20"
"Query Rewrite","sys_query_rewrite","","true","2024-12-02 17:42:18"
"Query String Log Entry","sys_query_string_log","","false","2024-12-02 17:31:08"
"Rate Limit Count","sys_rate_limit_count","","false","2024-12-02 17:31:31"
"Rate Limit Rules","sys_rate_limit_rules","Application File","false","2024-12-02 17:31:32"
"Rate Limit Violations","sys_rate_limit_violations","","false","2024-12-02 17:31:31"
"Reap package","sys_reap_package","","false","2024-12-02 17:28:42"
"Recipient Notification Preference","sys_recipient_notif_preference","","false","2024-12-02 17:25:36"
"Recipient Qualifier","sys_recipient_qualifier","Application File","false","2024-12-02 17:27:01"
"Recipient User Mapping","sys_recipient_user_mapping","Application File","false","2024-12-02 17:25:36"
"Record Transformer","sys_record_transformer","Application File","false","2024-12-02 17:42:32"
"Record Transformer Debug Trigger","sys_record_transformer_debug_trigger","Application File","true","2024-12-02 17:42:32"
"Out-Of-Band Record Transformer Rule","sys_record_transformer_out_of_band_rule","Application File","false","2024-12-02 17:42:30"
"Record Transformer Rule","sys_record_transformer_rule","Application File","true","2024-12-02 17:42:30"
"Record Transformer Rule Sequence","sys_record_transformer_rule_sequence","Application File","false","2024-12-02 17:42:30"
"Sys Relation","sys_relation","","false","2024-12-02 17:23:09"
"Relationship","sys_relationship","Application File","false","2024-12-02 17:23:21"
"Relationship Source","sys_rel_source","","false","2024-12-02 17:34:40"
"Remote Application","sys_remote_app","","false","2024-12-02 17:25:09"
"Remote Scoped Plugin","sys_remote_scoped_plugin","","false","2024-12-02 17:25:08"
"Retrieved Update Set","sys_remote_update_set","","true","2024-12-02 17:28:24"
"Replicated Operation","sys_replication_queue","","false","2024-12-02 17:24:41"
"Replicated Operation","sys_replication_queue0","","false","2024-12-02 17:24:41"
"Replicated Operation","sys_replication_queue1","","false","2024-12-02 17:24:41"
"Replicated Operation","sys_replication_queue2","","false","2024-12-02 17:24:41"
"Replicated Operation","sys_replication_queue3","","false","2024-12-02 17:24:41"
"Replicated Operation","sys_replication_queue4","","false","2024-12-02 17:24:41"
"Replicated Operation","sys_replication_queue5","","false","2024-12-02 17:24:41"
"Replicated Operation","sys_replication_queue6","","false","2024-12-02 17:24:41"
"Replicated Operation","sys_replication_queue7","","false","2024-12-02 17:24:41"
"Report","sys_report","Application File","true","2024-12-02 17:24:05"
"Report Access Request","sys_report_access_request","Task","false","2024-12-02 18:04:37"
"Chart Colors","sys_report_chart_color","Application File","false","2024-12-02 17:24:07"
"Color Definition","sys_report_color","Application File","false","2024-12-02 17:24:06"
"Report Drillown","sys_report_drill","Report","false","2024-12-02 17:24:06"
"Report Field Alias","sys_report_field_alias","Application File","false","2024-12-02 17:24:05"
"Import Table","sys_report_import_table","","false","2024-12-02 17:24:06"
"Import Table Base","sys_report_import_table_parent","","false","2024-12-02 17:24:05"
"Import Table Users and Groups and Roles","sys_report_import_table_users_groups_roles","Application File","false","2024-12-02 17:24:07"
"Report Layer","sys_report_layer","Application File","false","2024-12-02 17:24:05"
"Report Maps","sys_report_map","","false","2024-12-02 17:24:07"
"Map condition","sys_report_map_condition","","false","2024-12-02 17:24:07"
"Map Source","sys_report_map_source","","false","2024-12-02 17:24:07"
"Mapping group","sys_report_map_source_mapping","","false","2024-12-02 17:24:07"
"Locations Mappings","sys_report_map_source_mappings","","false","2024-12-02 17:24:07"
"Report Map Types","sys_report_map_type","Application File","false","2024-12-02 17:24:06"
"Multilevel Pivot Rule","sys_report_mpivot_rule","Application File","false","2024-12-02 17:24:06"
"OLAP Cube View","sys_report_olap","Application File","false","2024-12-02 17:24:07"
"PDF Page Header Footer Template","sys_report_page_hdrftr","Application File","false","2024-12-02 17:42:13"
"Range","sys_report_range","Application File","false","2024-12-02 17:24:06"
"Report Source","sys_report_source","Application File","false","2024-12-02 17:24:07"
"Summary Set","sys_report_summary","","false","2024-12-02 17:31:30"
"Report Summary Line","sys_report_summary_line","","false","2024-12-02 17:31:29"
"Report Users and Groups","sys_report_users_groups","Application File","false","2024-12-02 17:24:05"
"Report Value Alias","sys_report_value_alias","Application File","false","2024-12-02 17:24:07"
"Source Control Branch","sys_repo_branch","","false","2024-12-02 17:28:26"
"Repository Configurations","sys_repo_config","","false","2024-12-02 17:28:26"
"Removed Application Files","sys_repo_removed_files","","false","2024-12-02 17:27:21"
"Source Control Stash","sys_repo_stash","Retrieved Update Set","false","2024-12-02 17:28:26"
"Source Control Tag","sys_repo_tag","","false","2024-12-02 17:28:26"
"Request Performance","sys_request_performance","Application File","false","2024-12-02 17:28:43"
"Resolution Shaper Config","sys_resolutionshaper_config","Application File","false","2024-12-02 17:59:59"
"HTTP Response Header","sys_response_header","Application File","false","2024-12-02 17:23:23"
"Restricted Caller Access Privilege","sys_restricted_caller_access","Application File","false","2024-12-02 17:54:47"
"REST Insert Multiple","sys_rest_insert_multiple","Application File","false","2024-12-02 17:24:52"
"Column mappings","sys_rest_insert_multiple_column_mapping","Application File","false","2024-12-02 17:24:53"
"REST Message","sys_rest_message","Application File","false","2024-12-02 17:25:25"
"HTTP Method","sys_rest_message_fn","Application File","false","2016-08-23 17:55:56"
"HTTP Headers","sys_rest_message_fn_headers","Application File","false","2024-12-02 17:25:24"
"Variable Substitutions","sys_rest_message_fn_parameters","Application File","false","2014-11-03 07:57:39"
"HTTP Query Parameters","sys_rest_message_fn_param_defs","Application File","false","2024-12-02 17:25:25"
"Test Runs","sys_rest_message_fn_test","","false","2024-12-02 17:25:24"
"HTTP Headers","sys_rest_message_headers","Application File","false","2024-12-02 17:25:25"
"Retry Policy","sys_retry_policy","Application File","false","2024-12-02 17:46:17"
"Robust Import Set Transformer","sys_robust_import_set_transformer","Application File","false","2024-12-02 17:24:53"
"Role Filter Criteria","sys_role_filter_criteria","User Based Filter Criteria","false","2024-12-02 17:59:07"
"Denied Rollback Operation","sys_rollback_blacklisted","","false","2024-12-02 17:24:35"
"Sys Rollback Checksum","sys_rollback_checksum","","false","2024-12-02 17:24:35"
"Rollback Conflict","sys_rollback_conflict","","false","2024-12-02 17:24:35"
"Rollback Context","sys_rollback_context","","false","2024-12-02 17:24:35"
"Recorded Incremental Change","sys_rollback_incremental","","false","2024-12-02 17:24:35"
"Rollback Log","sys_rollback_log","Log Entry","false","2024-12-02 17:24:35"
"Rollback Log","sys_rollback_log0000","Log Entry","false","2024-12-02 17:45:01"
"Rollback Log","sys_rollback_log0001","Log Entry","false","2024-12-02 17:45:03"
"Rollback Log","sys_rollback_log0002","Log Entry","false","2024-12-02 17:45:04"
"Rollback Log","sys_rollback_log0003","Log Entry","false","2024-12-02 17:45:05"
"Rollback Log","sys_rollback_log0004","Log Entry","false","2024-12-02 17:45:07"
"Rollback Log","sys_rollback_log0005","Log Entry","false","2024-12-02 17:45:08"
"Rollback Log","sys_rollback_log0006","Log Entry","false","2024-12-02 17:45:09"
"Rollback Log","sys_rollback_log0007","Log Entry","false","2024-12-02 17:45:10"
"Execution History","sys_rollback_run","","false","2024-12-02 17:24:35"
"Recorded Schema Change","sys_rollback_schema_change","","false","2024-12-02 17:24:35"
"Schema Change Conflict","sys_rollback_schema_conflict","","false","2024-12-02 17:24:35"
"Rollback Sequence","sys_rollback_sequence","","false","2024-12-02 17:24:35"
"Robust Transform Definition","sys_rte_definition","Application File","true","2024-12-02 17:31:00"
"RTE Entity Concatenation Operation","sys_rte_eb_concat_operation","RTE Entity Operation","false","2024-12-02 17:31:01"
"RTE Entity Copy Operation","sys_rte_eb_copy_operation","RTE Entity Operation","false","2024-12-02 17:31:01"
"Robust Transform Engine Entity Based Definition","sys_rte_eb_definition","Robust Transform Definition","true","2024-12-02 17:31:01"
"RTE Entity","sys_rte_eb_entity","Application File","true","2024-12-02 17:31:02"
"RTE Entity Mapping","sys_rte_eb_entity_mapping","Application File","true","2024-12-02 17:31:01"
"ETL Definition","sys_rte_eb_etl_definition","Robust Transform Engine Entity Based Definition","true","2024-12-02 17:31:04"
"ETL Entity","sys_rte_eb_etl_entity","RTE Entity","true","2024-12-02 17:31:04"
"ETL Entity field","sys_rte_eb_etl_field","RTE Entity Field","true","2024-12-02 17:31:04"
"RTE Extract Numeric Operation","sys_rte_eb_extract_numeric_operation","RTE Entity Operation","false","2024-12-02 17:31:01"
"RTE Entity Field","sys_rte_eb_field","Application File","true","2024-12-02 17:31:00"
"RTE Field Mapping","sys_rte_eb_field_mapping","Application File","true","2024-12-02 17:31:01"
"RTE Glide Lookup Operation","sys_rte_eb_glide_lookup_operation","RTE Entity Operation","false","2024-12-02 17:31:01"
"RTE Entity Min/Max Operation","sys_rte_eb_min_max_operation","RTE Entity Operation","false","2024-12-02 17:31:01"
"RTE Entity Multiple Input/Output Script Operation","sys_rte_eb_multiple_input_output_script_operation","RTE Entity Operation","false","2024-12-02 17:31:02"
"RTE Entity Multiple Input Script Operation","sys_rte_eb_multi_in_script_operation","RTE Entity Operation","false","2024-12-02 17:31:00"
"RTE Entity Operation","sys_rte_eb_operation","Application File","true","2024-12-02 17:31:00"
"RTE Entity Operation Type","sys_rte_eb_operation_type","Application File","false","2024-12-02 17:31:01"
"RTE Entity Regular Expression Replace Operation","sys_rte_eb_regex_replace_operation","RTE Entity Operation","false","2024-12-02 17:31:00"
"RTE Entity Replace Operation","sys_rte_eb_replace_operation","RTE Entity Operation","false","2024-12-02 17:31:01"
"RTE Entity Round Numeric Operation","sys_rte_eb_round_numeric_operation","RTE Entity Operation","false","2024-12-02 17:31:01"
"RTE Entity Script Operation","sys_rte_eb_script_operation","RTE Entity Operation","false","2024-12-02 17:31:02"
"RTE Entity Set Operation","sys_rte_eb_set_operation","RTE Entity Operation","false","2024-12-02 17:31:01"
"RTE Entity Split Operation","sys_rte_eb_split_operation","RTE Entity Operation","false","2024-12-02 17:31:01"
"RTE Entity Template Operation","sys_rte_eb_template_operation","RTE Entity Operation","true","2024-12-02 17:31:01"
"RTE Entity Convert to Boolean Operation","sys_rte_eb_to_boolean_operation","RTE Entity Operation","false","2024-12-02 17:31:01"
"RTE Entity Convert to Date Operation","sys_rte_eb_to_date_operation","RTE Entity Operation","false","2024-12-02 17:31:02"
"RTE Entity Convert to Numeric Operation","sys_rte_eb_to_numeric_operation","RTE Entity Operation","false","2024-12-02 17:31:01"
"RTE Entity Trim Operation","sys_rte_eb_trim_operation","RTE Entity Operation","false","2024-12-02 17:31:01"
"RTE Entity Upper Case Operation","sys_rte_eb_upper_case_operation","RTE Entity Operation","false","2024-12-02 17:31:01"
"RTE Entity Upper Case Trim Operation","sys_rte_eb_upper_case_trim_operation","RTE Entity Operation","false","2024-12-02 17:31:01"
"RTE Stats","sys_rte_pattern","Slow Pattern","false","2024-12-02 17:31:00"
"RTE Transformer Service Definition","sys_rte_transformer_definition","Application File","false","2024-12-02 17:31:00"
"System Run Level","sys_run_level","Application File","false","2024-12-02 17:28:37"
"Run Level Toggle Mapping","sys_run_level_op_toggle_m2m","Application File","false","2024-12-02 17:28:37"
"Run Level Toggle Override","sys_run_level_op_toggle_override","Application File","false","2024-12-02 17:28:37"
"Responders","sys_rw_action","","true","2024-12-02 17:25:39"
"Responders Related Tables","sys_rw_action_related_table","","false","2024-12-02 17:25:40"
"Channel Responders","sys_rw_amb_action","Responders","true","2024-12-02 17:25:39"
"GraphQL Channel Responders","sys_rw_amb_graphql_action","Channel Responders","false","2024-12-02 17:25:45"
"Record Watcher Reference Queries","sys_rw_indirect_query","","false","2024-12-02 17:25:39"
"Record Watcher Debug Traces","sys_rw_trace","","false","2024-12-02 17:25:40"
"S3 Usage Aggregation By Table","sys_s3_usage_aggregation","","false","2024-12-02 18:05:00"
"Sys Saved User Session","sys_saved_user_session","","false","2024-12-02 17:23:29"
"Scheduler Assignment","sys_scheduler_assignment","","false","2024-12-02 17:24:03"
"Scheduler Assignment View","sys_scheduler_assignment_view","","false","2024-12-02 17:24:02"
"Scheduler extra workers count","sys_scheduler_extra_workers_count","","false","2024-12-02 17:24:03"
"Scheduled Job History","sys_scheduler_job_history","","false","2024-12-02 17:42:20"
"Scheduled Job History","sys_scheduler_job_history0000","","false","2024-12-02 18:39:47"
"Scheduled Job History","sys_scheduler_job_history0001","","false","2024-12-02 18:39:48"
"Scheduled Job History","sys_scheduler_job_history0002","","false","2024-12-02 18:39:48"
"Scheduled Job History","sys_scheduler_job_history0003","","false","2024-12-02 18:39:49"
"Scheduled Job History","sys_scheduler_job_history0004","","false","2024-12-02 18:39:50"
"Scheduled Job History","sys_scheduler_job_history0005","","false","2024-12-02 18:39:50"
"Scheduled Job History","sys_scheduler_job_history0006","","false","2024-12-02 18:39:51"
"Scheduled Job History By Node","sys_scheduler_job_history_node","","false","2024-12-02 17:42:20"
"Scheduled Job History By Node","sys_scheduler_job_history_node0000","","false","2024-12-02 18:39:29"
"Scheduled Job History By Node","sys_scheduler_job_history_node0001","","false","2024-12-02 18:39:29"
"Scheduled Job History By Node","sys_scheduler_job_history_node0002","","false","2024-12-02 18:39:30"
"Scheduled Job History By Node","sys_scheduler_job_history_node0003","","false","2024-12-02 18:39:31"
"Scheduled Job History By Node","sys_scheduler_job_history_node0004","","false","2024-12-02 18:39:31"
"Scheduled Job History By Node","sys_scheduler_job_history_node0005","","false","2024-12-02 18:39:32"
"Scheduled Job History By Node","sys_scheduler_job_history_node0006","","false","2024-12-02 18:39:32"
"Scheduler Memory Pressure Job Log","sys_scheduler_memory_pressure_job_log","","false","2024-12-02 17:24:02"
"Dictionary Attribute","sys_schema_attribute","Application File","false","2024-12-02 17:23:13"
"Dictionary Attribute","sys_schema_attribute_m2m","","false","2024-12-02 17:23:12"
"Table Change","sys_schema_change","","false","2024-12-02 17:23:16"
"Application","sys_scope","Package","true","2024-12-02 17:23:08"
"Application Administration ACL Inheritance","sys_scoped_admin_acl_inheritance","Application File","false","2024-12-02 17:27:13"
"Scoped Cache","sys_scoped_cache","Application File","false","2024-12-02 17:41:40"
"Scoped Cache Table Pair","sys_scoped_cache_table_pair","Application File","false","2024-12-02 17:41:40"
"Scoped Store Plugin","sys_scoped_plugin","Package","false","2024-12-02 17:31:14"
"Design Access","sys_scope_design_access","Application File","false","2016-02-19 14:00:06"
"Scope Permission Set Role Assignment","sys_scope_permission_set_role_assignment","","false","2024-12-02 17:28:34"
"Cross scope privilege","sys_scope_privilege","Application File","false","2024-12-02 17:28:33"
"Scope Script Access","sys_scope_script_access","Application File","false","2024-12-02 17:23:30"
"Scope Table Access","sys_scope_table_access","Application File","false","2024-12-02 17:23:30"
"Business Rule","sys_script","Application File","false","2024-12-02 17:23:10"
"Scriptlet Function","sys_scriptlet_function","Application File","false","2024-12-02 17:31:07"
"Script Adapter Rule","sys_script_adapter_rule","Adapter Rule","false","2024-12-02 17:42:32"
"AJAX Script","sys_script_ajax","Application File","false","2024-12-02 17:23:10"
"Script Batch Adapter Rule","sys_script_batch_adapter_rule","Adapter Rule","false","2024-12-02 17:42:30"
"Client Script","sys_script_client","Application File","true","2024-12-02 17:23:10"
"Email Script","sys_script_email","Application File","false","2024-12-02 17:25:31"
"Script Execution History","sys_script_execution_history","","false","2024-12-02 17:30:21"
"Fix Script","sys_script_fix","Application File","false","2024-12-02 17:27:13"
"Script Include","sys_script_include","Application File","false","2024-12-02 17:23:10"
"Slow Scripts","sys_script_pattern","Slow Pattern","false","2024-12-02 17:42:22"
"Validation Script","sys_script_validator","Application File","false","2024-12-02 17:23:10"
"Remote Table","sys_script_vtable","Application File","false","2024-12-02 17:42:35"
"Storage Disk Usage Collection Job","sys_sdu_collection_job","","false","2024-12-02 18:05:01"
"Search Autocomplete Query Event","sys_search_autocomplete_query_event","","false","2024-12-02 17:29:20"
"Search Application Configuration","sys_search_context_config","Application File","false","2024-12-02 17:49:15"
"Search Event","sys_search_event","","false","2024-12-02 17:49:11"
"Facet","sys_search_facet","Application File","false","2024-12-02 17:49:12"
"Search Facet Event","sys_search_facet_event","","false","2024-12-02 17:29:20"
"Navigation Tab","sys_search_filter","Application File","false","2024-12-02 17:49:12"
"Genius Result Event Action","sys_search_genius_result_event_action","","false","2024-12-02 17:29:20"
"Search Genius Result Field","sys_search_genius_result_field","Variables","false","2024-12-02 17:49:13"
"Search Genius Result Model","sys_search_genius_result_model","Application File","false","2024-12-02 17:49:13"
"Search Result Clicked","sys_search_result_clicked","","false","2024-12-02 17:29:20"
"Search Scripted Post-processor","sys_search_scripted_processor","Application File","false","2024-12-02 17:49:15"
"Search Signal Event","sys_search_signal_event","","false","2024-12-02 17:29:20"
"Search Signal Genius Result Triggered Event","sys_search_signal_genius_result_triggered_event","","false","2024-12-02 17:29:20"
"Search Signal Result Event","sys_search_signal_result_event","","false","2024-12-02 17:29:20"
"Search Signal Result Event Action","sys_search_signal_result_event_action","","false","2024-12-02 17:29:20"
"Search Signal Negative (Random) Results","sys_search_signal_result_event_negative","","false","2024-12-02 17:29:20"
"Sort Option","sys_search_sort_option","Application File","false","2024-12-02 17:49:13"
"Search Source","sys_search_source","Application File","false","2024-12-02 17:49:14"
"Search Event per source","sys_search_source_event","","false","2024-12-02 17:49:11"
"Search Source Filter","sys_search_source_filter","Application File","false","2024-12-02 17:49:12"
"Search Suggestion","sys_search_suggestion","","false","2024-12-02 17:49:17"
"Search Suggestion Exclusion List","sys_search_suggestion_blacklist","","false","2024-12-02 17:49:18"
"Access Control","sys_security_acl","Application File","false","2024-12-02 17:23:54"
"Access Roles","sys_security_acl_role","Application File","false","2024-12-02 17:23:54"
"Security Attribute","sys_security_attribute","Application File","false","2024-12-02 17:31:16"
"Security audit","sys_security_audit","","true","2024-12-02 17:28:43"
"Security field audit","sys_security_field_audit","","false","2024-12-02 17:28:43"
"Object Operation","sys_security_obj_oper","Application File","false","2024-12-02 17:23:54"
"Operation","sys_security_operation","Application File","false","2024-12-02 17:23:54"
"Security Allow/Deny List Entity","sys_security_restricted_list","Application File","false","2024-12-02 17:23:54"
"Security Table Audit","sys_security_table_level_audit","Security audit","false","2024-12-02 17:28:43"
"Type","sys_security_type","Application File","false","2024-12-02 17:23:54"
"Security Auditable Field","sys_sec_field_audit_config","","false","2024-12-02 17:28:43"
"Semaphore","sys_semaphore","Application File","false","2024-12-02 17:24:00"
"Semaphore Set","sys_semaphore_set","Application File","false","2024-12-02 17:24:00"
"Service","sys_service","","false","2024-12-02 17:28:39"
"Service API","sys_service_api","Application File","false","2024-12-02 17:40:30"
"Service App Log","sys_service_app_log","","false","2024-12-02 17:27:20"
"Service Authentication","sys_service_authentication","","false","2024-12-02 17:28:39"
"Service Endpoint","sys_service_endpoint","","false","2024-12-02 17:28:39"
"Service Endpoint State","sys_service_endpoint_state","","false","2024-12-02 17:28:39"
"Action parameters mapping","sys_sg_action_param_map","Application File","false","2024-12-02 17:30:45"
"Action Screen","sys_sg_action_screen","Screen","false","2024-12-02 17:30:47"
"Activity Stream Screen","sys_sg_activity_stream_screen","Screen","false","2024-12-02 17:30:47"
"Mobile Alert","sys_sg_alert","Application File","false","2024-12-02 17:30:47"
"Quick actions menu","sys_sg_alp_quick_action_map","Application File","false","2024-12-02 17:30:24"
"Launcher screen","sys_sg_applet_launcher","Application File","false","2024-12-02 17:30:24"
"Launcher header title","sys_sg_applet_launcher_header","Application File","false","2024-12-02 17:30:25"
"Launcher section mapping","sys_sg_applet_launcher_m2m_section","Application File","false","2024-12-02 17:30:25"
"Launcher tab","sys_sg_applet_launcher_tab","Navigation Tab","false","2024-12-02 17:30:25"
"Screen tab","sys_sg_applet_tab","Navigation Tab","false","2024-12-02 17:30:24"
"Badge Count","sys_sg_badge_count","Application File","false","2024-12-02 17:30:24"
"Mobile web screen","sys_sg_browser_screen","Screen","false","2024-12-02 17:30:43"
"Function","sys_sg_button","Application File","true","2024-12-02 17:30:24"
"Button Attribute","sys_sg_button_attribute","Application File","false","2024-12-02 17:30:43"
"Button Attribute Name","sys_sg_button_attribute_name","Application File","false","2024-12-02 17:30:47"
"Chat Launcher Button","sys_sg_button_chat_launcher","Function","false","2024-12-02 17:30:44"
"Function instance","sys_sg_button_instance","Application File","false","2024-12-02 17:30:46"
"Function Instance carried param mapping","sys_sg_button_instance_carried_param_map","Application File","false","2024-12-02 17:30:45"
"Calendar screen","sys_sg_calendar_screen","Screen","false","2024-12-02 17:30:36"
"Card sizes","sys_sg_card_size","Application File","false","2024-12-02 17:30:26"
"Analytics preview","sys_sg_chart","Application File","false","2024-12-02 17:30:25"
"Chart screen","sys_sg_chart_screen","Screen","false","2024-12-02 17:30:46"
"Analytics section","sys_sg_chart_section","UI section","false","2024-12-02 17:30:24"
"Legacy Mobile app theme","sys_sg_client_theme","Application File","false","2024-12-02 17:30:46"
"Content Section","sys_sg_content_section","UI section","false","2024-12-02 17:30:25"
"Content section M2M stream container","sys_sg_content_section_m2m_item_stream_container","Application File","false","2024-12-02 17:30:48"
"Custom map config","sys_sg_custom_map_config","Application File","false","2024-12-02 17:30:38"
"Custom Map Provider","sys_sg_custom_map_provider","Application File","false","2024-12-02 17:30:38"
"Custom Map Screen","sys_sg_custom_map_screen","Screen","false","2024-12-02 17:30:37"
"Data Item","sys_sg_data_item","Application File","true","2024-12-02 17:30:46"
"Details screen","sys_sg_details_screen","Screen","false","2024-12-02 17:30:42"
"Dynamic record screen segment","sys_sg_dynamic_form_segment","Record screen segment","false","2024-12-02 17:30:48"
"Empty State","sys_sg_empty_state","Application File","false","2024-12-02 17:30:43"
"Mobile event","sys_sg_event","Application File","false","2024-12-02 17:30:43"
"Mobile event action","sys_sg_event_action","Application File","false","2024-12-02 17:30:41"
"Mobile event action popup mapping","sys_sg_event_action_m2m_popup","Application File","false","2024-12-02 17:30:46"
"Mobile event action mapping","sys_sg_event_m2m_action","Application File","false","2024-12-02 17:30:45"
"Mobile event type","sys_sg_event_type","Application File","false","2024-12-02 17:30:43"
"Saved item","sys_sg_favorite","","false","2024-12-02 17:30:45"
"Saved Tab","sys_sg_favorites_tab","Navigation Tab","false","2024-12-02 17:30:24"
"Saved deny list","sys_sg_favorite_deny_list","Application File","false","2024-12-02 17:30:41"
"Filter","sys_sg_filter","Application File","false","2024-12-02 17:30:34"
"Filter Category","sys_sg_filter_category","Application File","false","2024-12-02 17:30:34"
"Filter Category M2M Filter Condition","sys_sg_filter_category_m2m_filter_condition","Application File","false","2024-12-02 17:30:33"
"Filter Category M2M Item Sorting","sys_sg_filter_category_m2m_item_sorting","Application File","false","2024-12-02 17:30:33"
"Filter Condition","sys_sg_filter_condition","Application File","false","2024-12-02 17:30:33"
"Filter Condition Attribute","sys_sg_filter_condition_attribute","Application File","false","2024-12-02 17:30:33"
"Filter Condition Attribute Name","sys_sg_filter_condition_attribute_name","Application File","false","2024-12-02 17:30:33"
"Filter Condition Field","sys_sg_filter_condition_field","Application File","false","2024-12-02 17:30:34"
"Filter Condition M2M Filter Condition Attribute","sys_sg_filter_condition_m2m_filter_condition_attribute","Application File","false","2024-12-02 17:30:34"
"Filter Condition M2M Filter Condition Field","sys_sg_filter_condition_m2m_filter_condition_field","Application File","false","2024-12-02 17:30:33"
"Filter Condition Type","sys_sg_filter_condition_type","Application File","false","2024-12-02 17:30:34"
"Filter M2M Filter Category","sys_sg_filter_m2m_filter_category","Application File","false","2024-12-02 17:30:33"
"Font family","sys_sg_font_family","Icon family","false","2024-12-02 17:30:47"
"Font glyph","sys_sg_font_glyph","Application File","false","2024-12-02 17:30:45"
"Record screen","sys_sg_form_screen","Screen","false","2024-12-02 17:30:36"
"Record screen segment","sys_sg_form_segment","Application File","true","2024-12-02 17:30:44"
"Data Item Function","sys_sg_function","Application File","false","2024-12-02 17:30:44"
"Search config","sys_sg_global_search","Application File","false","2024-12-02 17:30:44"
"Search M2M item config","sys_sg_global_search_m2m_master_item","Application File","false","2024-12-02 17:30:43"
"Grouped Input","sys_sg_grouped_input","Application File","false","2024-12-02 17:30:40"
"Icon","sys_sg_icon","Application File","false","2024-12-02 17:30:48"
"Icon family","sys_sg_icon_family","Application File","true","2024-12-02 17:30:41"
"Icon family attribute","sys_sg_icon_family_attribute","Application File","false","2024-12-02 17:30:44"
"Icon image","sys_sg_icon_image","Application File","false","2024-12-02 17:30:41"
"Icon image family","sys_sg_icon_image_family","Icon family","false","2024-12-02 17:30:41"
"Legacy icon section","sys_sg_icon_section","UI section","false","2024-12-02 17:30:25"
"Incremental Offline Deny List","sys_sg_incremental_offline_exclusion_list","","false","2024-12-02 18:27:50"
"Incremental offline result","sys_sg_incremental_result","","false","2024-12-02 18:27:50"
"Input","sys_sg_input","Application File","false","2024-12-02 17:30:36"
"Input Attribute","sys_sg_input_attribute","Application File","false","2024-12-02 17:30:35"
"Input Choice","sys_sg_input_choice","Application File","false","2024-12-02 17:30:37"
"Input Type","sys_sg_input_type","Application File","false","2024-12-02 17:30:36"
"Input Variable Parameter Mapping","sys_sg_input_variable_param_map","Application File","false","2024-12-02 17:30:36"
"Data parameter","sys_sg_item_parameter","Application File","false","2024-12-02 17:30:45"
"Record section","sys_sg_item_section","UI section","false","2024-12-02 17:30:24"
"Item Sorting","sys_sg_item_sorting","Application File","false","2024-12-02 17:30:33"
"Item Sorting Attribute","sys_sg_item_sorting_attribute","Application File","false","2024-12-02 17:30:34"
"Item Sorting Attribute Name","sys_sg_item_sorting_attribute_name","Application File","false","2024-12-02 17:30:34"
"Item Sorting Field","sys_sg_item_sorting_field","Application File","false","2024-12-02 17:30:33"
"Item Sorting Type","sys_sg_item_sorting_type","Application File","false","2024-12-02 17:30:33"
"List stream","sys_sg_item_stream","Application File","true","2024-12-02 17:30:38"
"Stream container","sys_sg_item_stream_container","Application File","false","2024-12-02 17:30:45"
"Stream container M2M stream","sys_sg_item_stream_container_m2m_item_stream","Application File","false","2024-12-02 17:30:44"
"Stream M2M item config","sys_sg_item_stream_m2m_master_item","Application File","false","2024-12-02 17:30:47"
"Stream M2M segment","sys_sg_item_stream_m2m_segment","Application File","false","2024-12-02 17:30:42"
"Screen segment","sys_sg_item_stream_segment","Application File","false","2024-12-02 17:30:47"
"Legacy card","sys_sg_item_view","Application File","false","2024-12-02 17:30:45"
"List screen","sys_sg_list_screen","Screen","false","2024-12-02 17:30:35"
"Map location stream","sys_sg_location_item_stream","List stream","false","2024-12-02 17:30:38"
"Map screen","sys_sg_map_screen","Screen","false","2024-12-02 17:30:36"
"List item config","sys_sg_master_item","Application File","false","2024-12-02 17:30:46"
"Media Section","sys_sg_media_section","UI section","false","2024-12-02 17:30:24"
"Mobile Application","sys_sg_mobile_application","Application File","false","2024-12-02 17:30:47"
"Mobile Builder Configurations","sys_sg_mobile_builder_config","","false","2024-12-02 18:28:11"
"JSON response","sys_sg_mock_json_response","Application File","false","2024-12-02 17:30:43"
"Mobile app config","sys_sg_native_client","Application File","false","2024-12-02 17:30:25"
"Navigation bar","sys_sg_navigation","Application File","false","2024-12-02 17:30:25"
"Icon section","sys_sg_navigation_section","UI section","false","2024-12-02 17:30:25"
"Icon section destination","sys_sg_navigation_section_destination","Application File","true","2024-12-02 17:30:25"
"Icon section destination launcher","sys_sg_navigation_section_destination_applet_launcher","Icon section destination","false","2024-12-02 17:30:26"
"Icon section destination function","sys_sg_navigation_section_destination_button","Icon section destination","false","2024-12-02 17:30:25"
"Icon section destination screen","sys_sg_navigation_section_destination_screen","Icon section destination","false","2024-12-02 17:30:26"
"Icon section destinations","sys_sg_navigation_section_m2m_destination","Application File","false","2024-12-02 17:30:26"
"Navigation Tab","sys_sg_navigation_tab","Application File","true","2024-12-02 17:30:24"
"Navigation Tab Map","sys_sg_navigation_tab_map","Application File","false","2024-12-02 17:30:25"
"Notifications Tab","sys_sg_notifications_tab","Navigation Tab","false","2024-12-02 17:30:25"
"Offline download schedule","sys_sg_offline_download_schedule","Application File","false","2024-12-02 18:27:50"
"Offline result","sys_sg_offline_result","","false","2024-12-02 18:27:51"
"Offline Result to Mobile Responder","sys_sg_offline_result_m2m_mobile_responder","","false","2024-12-02 18:27:49"
"Offline Synchronization","sys_sg_offline_sync","","false","2024-12-02 18:27:50"
"Input Form Action","sys_sg_parameter_action","Application File","false","2024-12-02 17:30:36"
"Input Form Action Attribute","sys_sg_parameter_action_attribute","Application File","false","2024-12-02 17:30:36"
"Input Form Page","sys_sg_parameter_page","Application File","false","2024-12-02 17:30:36"
"Input form screen","sys_sg_parameter_screen","Screen","false","2024-12-02 17:30:37"
"Input Form Section","sys_sg_parameter_section","Application File","false","2024-12-02 17:30:36"
"Input Form Sections Mapping","sys_sg_parameter_section_m2m","Application File","false","2024-12-02 17:30:36"
"Mobile popup","sys_sg_popup","Application File","false","2024-12-02 17:30:43"
"Mobile Properties","sys_sg_properties","Application File","false","2024-12-02 17:30:46"
"Push Action","sys_sg_push_action","Application File","false","2024-12-02 17:30:32"
"Push Action Category","sys_sg_push_action_category","Application File","false","2024-12-02 17:30:32"
"Push Action Instance","sys_sg_push_action_instance","Application File","false","2024-12-02 17:30:32"
"Push Notification","sys_sg_push_notification","Application File","false","2024-12-02 17:30:32"
"Push Parameter Value","sys_sg_push_parameter_value","Application File","false","2024-12-02 17:30:32"
"Redirection destination fields","sys_sg_redirect_dest_field","Application File","false","2024-12-02 17:30:45"
"Related lists screen","sys_sg_related_lists_screen","Screen","false","2024-12-02 17:30:46"
"Related lists mapping","sys_sg_related_list_map","Application File","false","2024-12-02 17:30:47"
"Relationship Data Item","sys_sg_relationship_data_item","Data Item","false","2024-12-02 17:30:47"
"Request log","sys_sg_request_log","","false","2024-12-02 17:30:44"
"Screen","sys_sg_screen","Application File","true","2024-12-02 17:30:23"
"Screen fields","sys_sg_screen_field","Application File","false","2024-12-02 17:30:48"
"Screen fields button instances mapping","sys_sg_screen_field_button_instance_map","Application File","false","2024-12-02 17:30:47"
"Screen UI element mapping","sys_sg_screen_m2m_ui_element","Application File","false","2024-12-02 17:30:47"
"Screen parameters mapping","sys_sg_screen_param_map","Application File","false","2024-12-02 17:30:44"
"Screen Shortcut","sys_sg_screen_shortcut","Application File","false","2024-12-02 17:30:45"
"UI section","sys_sg_section","Application File","true","2024-12-02 17:30:24"
"Sections screen","sys_sg_sections_screen","Screen","false","2024-12-02 17:30:24"
"Sections screen sections","sys_sg_sections_screen_m2m_section","Application File","false","2024-12-02 17:30:25"
"Section Attribute","sys_sg_section_attribute","Application File","false","2024-12-02 17:30:36"
"Section card instance","sys_sg_section_card_instance","Application File","false","2024-12-02 17:30:25"
"Settings Tab","sys_sg_settings_tab","Navigation Tab","false","2024-12-02 17:30:25"
"Source UI element mapping","sys_sg_source_ui_elements_mappings","Application File","false","2024-12-02 17:30:48"
"Theme Style","sys_sg_theme_style","Application File","false","2024-12-02 17:30:41"
"Calendar event stream","sys_sg_time_span_item_stream","List stream","false","2024-12-02 17:30:47"
"UI element","sys_sg_ui_element","Application File","false","2024-12-02 17:30:45"
"UI parameter","sys_sg_ui_parameter","Application File","false","2024-12-02 17:30:46"
"Screen UI Policy","sys_sg_ui_policy","Application File","false","2024-12-02 17:30:43"
"UI Policy Rule","sys_sg_ui_policy_rule","Application File","false","2024-12-02 17:30:47"
"Mobile UI Rule","sys_sg_ui_rule","Application File","false","2024-12-02 17:30:35"
"Mobile UI Rule Action","sys_sg_ui_rule_action","Application File","false","2024-12-02 17:30:35"
"Mobile UI Rule Operation","sys_sg_ui_rule_operation","Application File","false","2024-12-02 17:30:35"
"Mobile UI Rule Trigger","sys_sg_ui_rule_trigger","Application File","false","2024-12-02 17:30:35"
"UI Style","sys_sg_ui_style","Application File","false","2024-12-02 17:30:44"
"Universal Link Screen Mapping","sys_sg_universal_link_applet_mapping","Application File","false","2024-12-02 17:30:42"
"Universal Link Path Segment","sys_sg_universal_link_path_segment","Application File","false","2024-12-02 17:30:47"
"Universal Link Supported Url","sys_sg_universal_link_supported_url","Application File","false","2024-12-02 17:30:48"
"Mobile user criteria mapping","sys_sg_user_criteria_mapping","Application File","false","2024-12-02 17:30:40"
"Variable","sys_sg_variable","Application File","false","2024-12-02 17:30:36"
"Variable Attribute","sys_sg_variable_attribute","Application File","false","2024-12-02 17:30:36"
"Card","sys_sg_view_config","Application File","false","2024-12-02 17:30:35"
"Card element","sys_sg_view_config_element","Application File","false","2024-12-02 17:30:43"
"Card element attribute","sys_sg_view_config_element_attribute","Application File","false","2024-12-02 17:30:43"
"Card field","sys_sg_view_config_field","Application File","false","2024-12-02 17:30:45"
"Card element attribute type","sys_sg_view_element_attribute_name","Application File","false","2024-12-02 17:30:44"
"Card template","sys_sg_view_template","Application File","false","2024-12-02 17:30:41"
"Card template element","sys_sg_view_template_slot","Application File","false","2024-12-02 17:30:46"
"Card template element attribute","sys_sg_view_template_slot_attribute","Application File","false","2024-12-02 17:30:44"
"Action item","sys_sg_write_back_action_item","Application File","false","2024-12-02 17:30:36"
"Action step","sys_sg_write_back_action_step","Application File","false","2024-12-02 17:30:45"
"Queued Signal Event","sys_signal_event_queue","","false","2024-12-02 17:49:09"
"Signing Job","sys_signing_job","Encryption Job","false","2024-12-02 18:03:52"
"Skipped Record Rules History","sys_skipped_record_rule_history","","false","2024-12-02 17:28:32"
"SOAP Message","sys_soap_message","Application File","false","2024-12-02 17:25:25"
"SOAP Message Function","sys_soap_message_function","Application File","false","2016-08-23 18:02:12"
"SOAP Message Import","sys_soap_message_import","","false","2024-12-02 17:25:25"
"Variable Substitutions","sys_soap_message_parameters","Application File","false","2014-11-03 08:18:36"
"SOAP Message Test","sys_soap_message_test","","false","2024-12-02 17:25:24"
"Soap Security Policy","sys_soap_security_policy","Application File","false","2013-02-21 11:00:29"
"Stacktraces","sys_stacktrace_pattern","Slow Pattern","false","2024-12-02 17:42:22"
"Staged Storage Column Alias","sys_stage_storage_alias","","false","2024-12-02 17:23:07"
"State Model","sys_state_model","Application File","false","2024-12-02 17:43:07"
"State Transition","sys_state_transition","Application File","false","2024-12-02 17:43:07"
"Component Status","sys_status","","false","2024-12-02 17:23:14"
"Storage Column Alias","sys_storage_alias","","false","2024-12-02 17:23:07"
"Storage Disk Usage","sys_storage_disk_usage","","false","2024-12-02 18:05:00"
"Storage Table Alias","sys_storage_table_alias","","false","2024-12-02 17:23:05"
"Storage Tier","sys_storage_tier","","false","2024-12-02 18:04:59"
"Storage Tier Definition","sys_storage_tier_definition","","false","2024-12-02 18:04:59"
"Storage Type","sys_storage_type","","false","2024-12-02 18:05:00"
"Store Application","sys_store_app","Application","false","2024-12-02 17:25:09"
"Suggestion Reader","sys_suggestion_reader","Application File","false","2024-12-02 17:49:17"
"Suggestion Reader Group","sys_suggestion_reader_group","Application File","false","2024-12-02 17:49:17"
"Index Suggestion Rule","sys_suggestion_rule","Application File","false","2024-12-02 17:30:20"
"Local Change","sys_sync_change","","false","2024-12-02 17:27:17"
"Exclusion Policy","sys_sync_exclude","","false","2024-12-02 17:27:17"
"Push or Pull","sys_sync_history","","false","2024-12-02 17:27:17"
"Review","sys_sync_history_review","","false","2024-12-02 17:27:17"
"Push or Pull Version","sys_sync_history_version","","false","2024-12-02 17:27:17"
"Instance Comparison","sys_sync_preview","","false","2024-12-02 17:27:17"
"Local Version Comparison","sys_sync_preview_local","","false","2024-12-02 17:27:17"
"Remote Version Comparison","sys_sync_preview_remote","","false","2024-12-02 17:27:17"
"Table Partition","sys_table_partition","","false","2024-12-02 17:23:07"
"Table Rotation Group","sys_table_rotation","","false","2024-12-02 17:24:40"
"Table Rotation Deferred Schema","sys_table_rotation_deferred_schema","","false","2024-12-02 17:24:40"
"Table Rotation Schedule","sys_table_rotation_schedule","","false","2024-12-02 17:24:40"
"Table Shard","sys_table_shard","","false","2024-12-02 17:24:40"
"Task Number Adapter Rule","sys_task_number_adapter_rule","Pattern Adapter Rule","false","2024-12-02 17:42:30"
"Template","sys_template","Application File","true","2024-12-02 17:23:13"
"Term Configuration","sys_term_config","","false","2024-12-02 17:42:19"
"Term Synchronization","sys_term_config_synchronization","","false","2024-12-02 17:42:19"
"Text Snippets","sys_text_snippet","","false","2024-12-02 17:28:11"
"Sys Time Dimension","sys_time_dimension","","false","2024-12-02 17:23:13"
"Time Zone Conversion Adapter Rule","sys_time_zone_conversion_adapter_rule","Adapter Rule","false","2024-12-02 17:42:30"
"Tiny URL","sys_tiny_url","","false","2024-12-02 17:23:11"
"Tokenize Adapter Rule","sys_tokenize_adapter_rule","List Producing Adapter Rule","true","2024-12-02 17:42:30"
"Auth Parameter","sys_token_auth_parameter","Application File","false","2024-12-02 17:59:17"
"Slow Transactions","sys_transaction_pattern","Slow Pattern","false","2024-12-02 17:42:23"
"Namespace","sys_transformer_namespace","Application File","false","2024-12-02 17:42:32"
"Transformer Rule Node","sys_transformer_rule_node","Record Transformer Rule","false","2024-12-02 17:42:32"
"Transformation Definition Categories","sys_transform_category","Application File","false","2024-12-02 17:55:12"
"Transform Definition Composition","sys_transform_composition","Application File","false","2024-12-02 17:55:12"
"Transform Definition","sys_transform_definition","Application File","false","2024-12-02 17:55:12"
"Field Map","sys_transform_entry","Application File","false","2024-12-02 17:24:53"
"Table Transform Map","sys_transform_map","Application File","false","2024-12-02 17:24:52"
"Transform Script","sys_transform_script","Application File","false","2024-12-02 17:24:53"
"Transform Target Rows","sys_transform_target_row","","false","2024-12-02 17:24:52"
"Supported Types for Transformations","sys_transform_type","Application File","false","2024-12-02 17:55:13"
"Transform type parameters","sys_transform_type_parameter","Variables","false","2024-12-02 17:55:13"
"Translated Name / Field","sys_translated","Application File","false","2024-12-02 17:23:12"
"Translated Text","sys_translated_text","","false","2024-12-02 17:23:12"
"Sys Trend","sys_trend","","false","2024-12-02 17:23:13"
"Trend Jobs","sys_trend_jobs","","false","2024-12-02 17:23:12"
"Schedule Item","sys_trigger","","false","2024-12-02 17:23:32"
"Trigger Runner Mapping","sys_trigger_runner_mapping","","false","2024-12-02 17:55:02"
"Custom Configuration Input","sys_uib_config_component","Application File","false","2024-12-02 17:25:56"
"UIB Screen Test Values","sys_uib_screen_test_values","Application File","false","2024-12-02 17:25:53"
"Builder Template","sys_uib_template","Application File","false","2024-12-02 17:25:54"
"Builder Template Category","sys_uib_template_category","Application File","false","2024-12-02 17:25:56"
"Builder Template Type","sys_uib_template_type","Application File","false","2024-12-02 17:25:56"
"Builder Component","sys_uib_toolbox_component","Application File","false","2024-12-02 17:25:57"
"Builder Component Group","sys_uib_toolbox_group","Application File","false","2024-12-02 17:25:57"
"UI Action","sys_ui_action","Application File","false","2024-12-02 17:23:22"
"UI Action Role","sys_ui_action_role","Application File","false","2024-12-02 17:23:23"
"UI View Action","sys_ui_action_view","Application File","false","2024-12-02 17:23:21"
"Form Annotation","sys_ui_annotation","","false","2024-12-02 17:23:56"
"Form Annotation Type","sys_ui_annotation_type","Application File","false","2024-12-02 17:23:56"
"Application Menu","sys_ui_application","Application File","false","2024-12-02 17:27:45"
"Base Theme","sys_ui_base_theme","Application File","false","2024-12-02 17:27:59"
"Bookmark","sys_ui_bookmark","","false","2024-12-02 17:27:42"
"Bookmark Group","sys_ui_bookmark_group","","false","2024-12-02 17:27:43"
"Form Chart","sys_ui_chart","","false","2024-12-02 17:24:07"
"Context Menu","sys_ui_context_menu","Application File","false","2024-12-02 17:25:30"
"Section Element","sys_ui_element","","false","2024-12-02 17:23:22"
"Required Form Field","sys_ui_element_required","","false","2024-12-02 17:23:23"
"UI Extension Instance","sys_ui_extension_instance","Application File","false","2024-12-02 17:42:27"
"UI Extension Point","sys_ui_extension_point","Application File","false","2024-12-02 17:42:27"
"Form","sys_ui_form","Application File","false","2024-12-02 17:23:21"
"UI Formatter","sys_ui_formatter","Application File","false","2024-12-02 17:23:22"
"Form Section","sys_ui_form_section","","false","2024-12-02 17:23:21"
"System Help","sys_ui_help","Application File","false","2024-12-02 17:27:45"
"Home Favorites","sys_ui_home_favorite","","false","2024-12-02 17:27:44"
"Home Section","sys_ui_home_section","","false","2024-12-02 17:27:44"
"Cascading Filter","sys_ui_hp_cascading_filter","Application File","false","2018-01-23 22:44:54"
"Target Tables","sys_ui_hp_cascading_filter_target_references","Application File","false","2018-01-24 00:36:25"
"Interactive Filter Date","sys_ui_hp_date","Application File","false","2015-09-01 04:45:07"
"Interactive Filter Group","sys_ui_hp_group","Application File","false","2015-09-01 04:45:26"
"Interactive Filter","sys_ui_hp_publisher","Application File","false","2015-09-01 04:44:18"
"Interactive Filter Reference","sys_ui_hp_reference","Application File","false","2015-09-01 04:46:25"
"List","sys_ui_list","Application File","false","2024-12-02 17:23:23"
"List Control","sys_ui_list_control","Application File","false","2024-12-02 17:23:23"
"Embedded List Control","sys_ui_list_control_embedded","Application File","false","2024-12-02 17:23:22"
"List Element","sys_ui_list_element","","false","2024-12-02 17:23:22"
"List Client Script","sys_ui_list_script_client","Application File","false","2024-12-02 17:25:29"
"List Server Script","sys_ui_list_script_server","Application File","false","2024-12-02 17:25:29"
"Macro","sys_ui_macro","Application File","true","2024-12-02 17:23:56"
"Message","sys_ui_message","Application File","false","2024-12-02 17:23:22"
"Mobile App Shortcut Item","sys_ui_mobile_app_shortcut_item","Application File","false","2024-12-02 17:27:44"
"Mobile Home Page","sys_ui_mobile_home_page","Application File","false","2024-12-02 17:27:44"
"Mobile Home Page Collection","sys_ui_mobile_home_page_collection","Application File","false","2024-12-02 17:27:45"
"Collection Home Page","sys_ui_mobile_home_page_collection_m2m_home_page","Application File","false","2024-12-02 17:27:43"
"Home Page Section","sys_ui_mobile_home_page_m2m_home_page_section","Application File","false","2024-12-02 17:27:45"
"Mobile Home Page Module","sys_ui_mobile_home_page_module","Application File","false","2024-12-02 17:27:45"
"Mobile Home Page Section","sys_ui_mobile_home_page_section","Application File","false","2024-12-02 17:27:45"
"Home Page Section Module","sys_ui_mobile_home_page_section_m2m_home_page_module","Application File","false","2024-12-02 17:27:45"
"Mobile Offline Result","sys_ui_mobile_offline_result","","false","2024-12-02 17:27:45"
"Mobile Theme","sys_ui_mobile_theme","Application File","false","2024-12-02 17:27:44"
"Mobile Visualization","sys_ui_mobile_visualization","","false","2024-12-02 17:27:44"
"Module","sys_ui_module","Application File","false","2024-12-02 17:27:44"
"Navigator History","sys_ui_navigator_history","","false","2024-12-02 17:27:43"
"UI Action - Mobile","sys_ui_ng_action","Application File","false","2024-12-02 17:27:45"
"Overview Help Page","sys_ui_overview_help","Application File","false","2024-12-02 17:27:59"
"Overview Help Panel","sys_ui_overview_help_panel","Application File","false","2024-12-02 17:28:00"
"UI Page","sys_ui_page","Application File","false","2024-12-02 17:23:56"
"UI Policy","sys_ui_policy","Application File","true","2024-12-02 17:23:58"
"UI Policy Action","sys_ui_policy_action","Application File","true","2024-12-02 17:23:58"
"UI Policy Related List Action","sys_ui_policy_rl_action","Application File","false","2024-12-02 17:23:58"
"Recent Selection","sys_ui_recent_selection","","false","2024-12-02 17:27:35"
"Reference Style","sys_ui_reference_style","Application File","false","2024-12-02 17:23:22"
"Related List","sys_ui_related_list","Application File","false","2024-12-02 17:23:23"
"Related List Entry","sys_ui_related_list_entry","","true","2024-12-02 17:23:23"
"Related List Relationship Entry","sys_ui_related_list_relationship_entry","Related List Entry","false","2024-12-02 17:27:23"
"UI Script","sys_ui_script","Application File","false","2024-12-02 17:23:56"
"Form Section","sys_ui_section","Application File","false","2024-12-02 17:23:22"
"Style","sys_ui_style","Application File","false","2024-12-02 17:23:22"
"Theme","sys_ui_theme","Application File","false","2024-12-02 17:27:59"
"Document Title","sys_ui_title","Application File","false","2024-12-02 17:27:35"
"UI View","sys_ui_view","Application File","false","2024-12-02 17:23:22"
"Unreferenced Record Sample Preview","sys_unreferenced_preview","","false","2024-12-02 17:54:45"
"Unreferenced Record Cleaner Rule","sys_unreferenced_record_rule","Application File","false","2024-12-02 17:54:45"
"Sys Update","sys_update","","false","2024-12-02 17:23:13"
"Update Set Collisions Map","sys_update_cm","","false","2024-12-02 17:28:23"
"Update Set Collisions","sys_update_collision_xml","","false","2024-12-02 17:28:23"
"Update Comparison","sys_update_diff","","false","2024-12-02 17:41:58"
"Rollback Log","sys_update_log","","false","2024-12-02 17:28:25"
"Update Set Preview Problem","sys_update_preview_problem","","false","2024-12-02 17:28:23"
"Update Set Preview","sys_update_preview_xml","","false","2024-12-02 17:28:23"
"Update Set","sys_update_set","","false","2024-12-02 17:23:12"
"Update Set Log","sys_update_set_log","","false","2024-12-02 17:28:24"
"Remote Instance","sys_update_set_source","","false","2024-12-02 17:28:24"
"Update Versions","sys_update_version","","false","2024-12-02 17:23:08"
"Customer Update","sys_update_xml","","false","2024-12-02 17:23:13"
"Upgrade App Version History","sys_upgrade_app_version_history","","false","2024-12-02 17:28:28"
"Upgrade Blame Log","sys_upgrade_blame","","false","2024-12-02 17:23:08"
"Upgrade Durations","sys_upgrade_duration","","false","2024-12-02 17:28:29"
"System Upgrades","sys_upgrade_history","","false","2024-12-02 17:23:11"
"Upgrade Details","sys_upgrade_history_log","","false","2024-12-02 17:23:11"
"Upgrade Manifest","sys_upgrade_manifest","","false","2024-12-02 17:23:11"
"System Upgrade Metric","sys_upgrade_metric","","false","2024-12-02 17:23:11"
"Upgrade Plan","sys_upgrade_plan","Application File","false","2024-12-02 17:28:30"
"Upgrade Plan History","sys_upgrade_plan_history","","false","2024-12-02 17:28:30"
"Upgrade Plan Item","sys_upgrade_plan_item","Application File","false","2024-12-02 17:28:30"
"Upgrade Plan History Item","sys_upgrade_plan_item_history","","false","2024-12-02 17:28:31"
"Upgrade Plan Source","sys_upgrade_plan_source","","false","2024-12-02 17:28:31"
"Upgrade Skipped Record Rules","sys_upgrade_skipped_record_rule","","false","2024-12-02 17:28:32"
"Upgrade State","sys_upgrade_state","","false","2024-12-02 17:23:13"
"User","sys_user","","false","2024-12-02 17:23:29"
"User Client Certificate","sys_user_certificate","X.509 Certificate","false","2024-12-02 17:59:13"
"Delegate","sys_user_delegate","","false","2024-12-02 17:41:45"
"User GEO Location","sys_user_geo_location","","false","2024-12-02 17:49:23"
"Group Member","sys_user_grmember","","false","2024-12-02 17:23:29"
"Group","sys_user_group","","false","2024-12-02 17:23:29"
"Group Type","sys_user_group_type","","false","2024-12-02 17:23:29"
"User Subscription","sys_user_has_license","","false","2015-10-27 12:08:46"
"User Role","sys_user_has_role","","false","2024-12-02 17:23:54"
"Time-Limited User Role","sys_user_has_role_time_limited","","false","2024-12-02 17:23:54"
"User Subscription Audit Log","sys_user_license_audit_log","","false","2024-12-02 17:50:03"
"Excluded Users","sys_user_license_exclude","","false","2024-12-02 17:50:13"
"User Subscription Source","sys_user_license_source","","false","2024-12-02 17:50:13"
"User Login History","sys_user_login_history","","false","2024-12-02 18:19:16"
"User Multi Factor Setup","sys_user_multi_factor_setup","","false","2024-12-02 17:31:10"
"Pending Users","sys_user_pending_license","","false","2024-12-02 17:50:13"
"User Preference","sys_user_preference","","false","2024-12-02 17:23:29"
"User Preference Definition","sys_user_preference_definition","Application File","false","2024-12-02 17:23:29"
"User Presence","sys_user_presence","","false","2024-12-02 17:25:40"
"User Public Credential","sys_user_public_credential","","false","2024-12-02 17:31:12"
"Role","sys_user_role","Application File","false","2024-12-02 17:23:28"
"Contained Role","sys_user_role_contains","Application File","false","2024-12-02 17:23:54"
"Role Subscription Attribute","sys_user_role_lic_attr","","false","2024-12-02 17:50:01"
"User Session","sys_user_session","","false","2024-12-02 17:23:29"
"Subscription User Set","sys_user_set","","false","2024-12-02 17:50:14"
"User Set Audit Log","sys_user_set_audit_log","","false","2024-12-02 17:50:13"
"User Token","sys_user_token","","false","2024-12-02 17:23:28"
"User Token Network","sys_user_token_network","","false","2024-12-02 17:23:28"
"Unsubscribed User","sys_user_unlicensed","","false","2024-12-02 17:50:04"
"UX Actions Configuration","sys_ux_action_config","Application File","false","2024-12-02 17:25:48"
"UX Add-on Event Mapping","sys_ux_addon_event_mapping","Application File","false","2024-12-02 17:25:55"
"UX Parent Application","sys_ux_app","Application File","false","2024-12-02 17:25:57"
"Audience","sys_ux_applicability","Application File","false","2024-12-02 17:25:53"
"Layout Applicability","sys_ux_applicability_m2m_layout","Application File","false","2024-12-02 17:25:48"
"List Applicability","sys_ux_applicability_m2m_list","Application File","false","2024-12-02 17:25:50"
"Screen Applicability","sys_ux_applicability_m2m_screen","Application File","false","2024-12-02 17:25:55"
"UX App Configuration","sys_ux_app_config","Application File","false","2024-12-02 17:25:55"
"UX App Property","sys_ux_app_property","Application File","false","2024-12-02 17:25:56"
"UX App Route","sys_ux_app_route","Application File","false","2024-12-02 17:25:56"
"UX Asset Cache Buster","sys_ux_asset_cache_buster","","false","2024-12-02 17:25:55"
"UX Auto Reflow Engine","sys_ux_auto_reflow_engine","Application File","false","2024-12-02 17:25:55"
"UX Auto Reflow Rule","sys_ux_auto_reflow_rule","Application File","false","2024-12-02 17:25:56"
"Banner Announcement","sys_ux_banner_announcement","","false","2024-12-02 17:43:19"
"Banner Announcement Config","sys_ux_banner_announcement_config","","false","2024-12-02 17:43:19"
"UX Children Definition","sys_ux_children","Application File","false","2024-12-02 17:25:53"
"UX Children Layout","sys_ux_children_layout","Application File","false","2024-12-02 17:25:56"
"Children Slot","sys_ux_children_slot","Application File","false","2024-12-02 17:25:57"
"UX Client Script","sys_ux_client_script","Application File","false","2024-12-02 17:25:57"
"UX Client Script Include","sys_ux_client_script_include","Application File","false","2024-12-02 17:25:56"
"UX Component Preset","sys_ux_component_preset","Application File","false","2024-12-02 17:25:58"
"EVAM Definition","sys_ux_composite_data","Application File","false","2024-12-02 17:43:16"
"EVAM Datasource","sys_ux_composite_datasource","Application File","false","2024-12-02 17:43:17"
"EVAM Data Source Filter","sys_ux_composite_datasource_filter","Application File","false","2024-12-02 17:43:16"
"EVAM Data Filter","sys_ux_composite_data_filter","Application File","false","2024-12-02 17:43:15"
"EVAM Datasource M2M","sys_ux_composite_data_m2m_datasource","Application File","false","2024-12-02 17:43:16"
"EVAM View Config Bundle M2M","sys_ux_composite_data_m2m_predicate_bundle","Application File","false","2024-12-02 17:43:16"
"View Template","sys_ux_composite_data_template","Application File","false","2024-12-02 17:43:16"
"EVAM View Config","sys_ux_composite_data_template_predicate","Application File","false","2024-12-02 17:43:16"
"EVAM View Config Bundle","sys_ux_composite_data_template_predicate_bundle","Application File","false","2024-12-02 17:43:16"
"UX Content Picker","sys_ux_content_picker","UX Page Element","false","2024-12-02 17:25:53"
"UX Content Placeholder","sys_ux_content_placeholder_elem","UX Page Element","false","2024-12-02 17:25:55"
"UX Controller","sys_ux_controller","Application File","false","2024-12-02 17:25:58"
"UX Controller Preset","sys_ux_controller_preset","Application File","false","2024-12-02 17:25:56"
"User Criteria Exclusions","sys_ux_criteria_m2m_exclusion","Application File","false","2024-12-02 18:21:45"
"User Criteria Inclusion","sys_ux_criteria_m2m_inclusion","Application File","false","2024-12-02 18:21:45"
"UX Custom Content Extension","sys_ux_custom_content_root_elem","UX Page Element","false","2024-12-02 17:25:54"
"Data Broker","sys_ux_data_broker","Application File","true","2024-12-02 17:25:47"
"Composite Data Broker","sys_ux_data_broker_composite","Data Broker","false","2024-12-02 17:25:47"
"GraphQL Data Broker","sys_ux_data_broker_graphql","Simple Data Broker","false","2024-12-02 17:25:47"
"Proxied Data Broker","sys_ux_data_broker_proxy","Data Broker","false","2024-12-02 17:25:47"
"REST Data Broker","sys_ux_data_broker_rest","Simple Data Broker","false","2024-12-02 17:25:47"
"External REST Data Broker","sys_ux_data_broker_rest_external","Simple Data Broker","false","2024-12-02 17:25:47"
"Data Broker Scriptlet","sys_ux_data_broker_scriptlet","Simple Data Broker","false","2024-12-02 17:25:47"
"Simple Data Broker","sys_ux_data_broker_simple","Data Broker","true","2024-12-02 17:25:47"
"Data Broker Server Script","sys_ux_data_broker_transform","Simple Data Broker","false","2024-12-02 17:25:47"
"UX Diagnostic Rules","sys_ux_diagnostic_rule","Application File","true","2024-12-02 18:15:18"
"Route Configuration","sys_ux_dynamic_route_config","Application File","false","2024-12-02 17:52:40"
"Route Mapping","sys_ux_dynamic_route_mapping","Application File","false","2024-12-02 17:52:41"
"Embeddable Log","sys_ux_embeddable_log","","false","2024-12-02 17:25:57"
"UX Event","sys_ux_event","Application File","false","2024-12-02 17:25:55"
"Experience Category","sys_ux_experience_category","Application File","false","2024-12-02 17:25:57"
"UX Extension Point","sys_ux_extension_point","Application File","false","2024-12-02 17:25:55"
"UX Form Actions","sys_ux_form_action","Application File","false","2024-12-02 17:25:48"
"UX Form Actions Layout","sys_ux_form_action_layout","Application File","false","2024-12-02 17:25:48"
"UX Form Actions Layout Group","sys_ux_form_action_layout_group","Application File","false","2024-12-02 17:25:48"
"UX Form Actions Layout Item","sys_ux_form_action_layout_item","Application File","false","2024-12-02 17:25:48"
"UX Header Configuration","sys_ux_header_config","Application File","false","2024-12-02 17:25:50"
"UX Highlighted Value Configuration","sys_ux_highlighted_value_config","Application File","false","2024-12-02 17:25:50"
"UX Interface","sys_ux_interface","Application File","false","2024-12-02 17:25:54"
"UX Keyboard Shortcut","sys_ux_keyboard_shortcut","Application File","false","2024-12-02 17:25:52"
"UX Keyboard Shortcut Definition","sys_ux_keyboard_shortcut_definition","Application File","false","2024-12-02 17:25:52"
"UX Keyboard Shortcut Deny List","sys_ux_keyboard_shortcut_deny_list","Application File","false","2024-12-02 17:25:52"
"Embeddables Endpoint","sys_ux_libuxf_endpoint","Application File","false","2024-12-02 17:25:54"
"UX Asset","sys_ux_lib_asset","Application File","false","2024-12-02 17:25:53"
"UX Component Definition","sys_ux_lib_component","Application File","false","2024-12-02 17:25:57"
"Component Action","sys_ux_lib_component_action","Application File","false","2024-12-02 17:25:56"
"Component Attribute","sys_ux_lib_component_attr","Variables","false","2024-12-02 17:25:55"
"UX Component Endpoint Definition","sys_ux_lib_component_endpoint","Application File","false","2024-12-02 17:25:55"
"UX Component Assets","sys_ux_lib_component_m2m_asset","Application File","false","2024-12-02 17:25:57"
"Component Property","sys_ux_lib_component_prop","Application File","false","2024-12-02 17:25:54"
"UX Content Picker Slot","sys_ux_lib_content_picker_slot","Application File","false","2024-12-02 17:25:57"
"Picker Slot Variable","sys_ux_lib_picker_slot_var","Variables","false","2024-12-02 17:25:54"
"UX Component Prefetched Resource","sys_ux_lib_presource","Application File","false","2024-12-02 17:25:54"
"UX Source Code","sys_ux_lib_source_script","Application File","false","2024-12-02 17:25:57"
"UX List","sys_ux_list","Application File","false","2024-12-02 17:50:46"
"UX List Category","sys_ux_list_category","Application File","false","2024-12-02 17:50:47"
"UX List Menu Configuration","sys_ux_list_menu_config","Application File","false","2024-12-02 17:25:50"
"M2m Action Assig Ux Action Config","sys_ux_m2m_action_assignment_action_config","Application File","false","2024-12-02 17:25:48"
"Sys Ux M2m Action Layout Item","sys_ux_m2m_action_layout_item","Application File","false","2024-12-02 17:25:48"
"Banner Announcement Mapping","sys_ux_m2m_banner_announcement","","false","2024-12-02 17:43:19"
"Sys Ux M2m Highlighted Value Config","sys_ux_m2m_highlighted_value_config","Application File","false","2024-12-02 18:00:17"
"M2m Workspace Header Ux Header Config","sys_ux_m2m_workspace_header_ux_header_config","Application File","false","2024-12-02 18:00:01"
"Sys Ux M2m Workspace View Rule Ux View Rule Config","sys_ux_m2m_workspace_view_rule_ux_view_rule_config","Application File","false","2024-12-02 18:00:03"
"UX Macroponent Definition","sys_ux_macroponent","Application File","false","2024-12-02 17:25:57"
"UX Macroponent Rules","sys_ux_macroponent_rule","UX Diagnostic Rules","false","2024-12-02 18:15:18"
"UX Macroponent Type","sys_ux_macroponent_type","Application File","false","2024-12-02 17:25:53"
"UX Managed Service Worker","sys_ux_managed_service_worker","Application File","false","2024-12-02 17:25:54"
"UX Metrics Applications","sys_ux_metrics_app","","false","2024-12-02 17:25:51"
"My UX List","sys_ux_my_list","","false","2024-12-02 17:50:47"
"UX App Shell UI","sys_ux_page","Application File","false","2024-12-02 17:25:56"
"UX Page Action Registry","sys_ux_page_action","Application File","false","2024-12-02 17:25:54"
"Action Binding","sys_ux_page_action_binding","Application File","false","2024-12-02 17:25:56"
"UX Page Element","sys_ux_page_element","Application File","true","2024-12-02 17:25:53"
"UX Page Element Permissions","sys_ux_page_element_m2m_role","Application File","false","2024-12-02 17:25:54"
"UX Page Property","sys_ux_page_property","Application File","false","2024-12-02 17:25:54"
"UX Application","sys_ux_page_registry","Application File","false","2024-12-02 17:25:53"
"EVAM View Config Action Assignment M2M","sys_ux_predicate_m2m_action_assignment","Application File","false","2024-12-02 17:43:16"
"Composite Dataset","sys_ux_query_variable","Application File","false","2024-12-02 17:43:16"
"UX Application Category M2M","sys_ux_registry_m2m_category","Application File","false","2024-12-02 17:25:58"
"UX Ribbon Configuration","sys_ux_ribbon_config","Application File","false","2024-12-02 17:25:50"
"Ribbon Configuration Setting","sys_ux_ribbon_config_setting","Application File","false","2024-12-02 17:25:50"
"UX Dashboard Route Permission","sys_ux_route_permission","Application File","false","2024-12-02 17:25:54"
"UX Screen","sys_ux_screen","Application File","false","2024-12-02 17:25:53"
"UX Screen Condition","sys_ux_screen_condition","Application File","false","2024-12-02 17:25:54"
"UX Screen Collection","sys_ux_screen_type","Application File","false","2024-12-02 17:25:54"
"Search Result Component","sys_ux_search_result_component","","false","2024-12-02 17:29:45"
"UX Sitemap Configuration","sys_ux_seo_sitemap_config","","false","2024-12-02 18:30:06"
"UX Sitemap Definition","sys_ux_sitemap_definition","","false","2024-12-02 18:30:06"
"UX Style","sys_ux_style","Application File","false","2024-12-02 17:25:56"
"UX Template Type","sys_ux_template_type","Application File","false","2024-12-02 17:25:55"
"UX Theme","sys_ux_theme","Application File","false","2024-12-02 17:25:53"
"UX Theme Asset","sys_ux_theme_asset","Application File","false","2024-12-02 17:25:56"
"Ux Theme Customization","sys_ux_theme_customization","Application File","false","2024-12-02 17:25:58"
"UX Theme Assets","sys_ux_theme_m2m_asset","Application File","false","2024-12-02 17:25:55"
"UX Theme Property","sys_ux_theme_property","Application File","false","2024-12-02 17:25:55"
"UX Theme Property Schema","sys_ux_theme_property_schema","Application File","false","2024-12-02 17:25:55"
"UX Type","sys_ux_type","Application File","false","2024-12-02 17:25:55"
"UX Unified Cache Version","sys_ux_unified_cache_version","Application File","false","2024-12-02 17:25:52"
"UX View Rules Configuration","sys_ux_view_rules_configuration","Application File","false","2024-12-02 17:25:50"
"Value","sys_variable_value","","false","2024-12-02 17:24:46"
"Version Control Worker State","sys_vcs_worker_state","","false","2024-12-02 17:28:26"
"Viz Framework Data Sources","sys_viz_data_source","Application File","false","2024-12-02 18:17:28"
"Visualization Data Sources Visibility","sys_viz_data_source_role","Application File","false","2024-12-02 18:17:28"
"Email Watermark","sys_watermark","","false","2024-12-02 17:24:36"
"Web Authentication Authentication Request","sys_webauthn_authentication_request","","false","2024-12-02 17:31:12"
"Web Authentication Configuration","sys_webauthn_config","Application File","false","2024-12-02 17:31:12"
"Metadata Configuration","sys_webauthn_metadata_import_config","","false","2024-12-02 17:31:12"
"Web Authentication Registration Request","sys_webauthn_registration_request","","false","2024-12-02 17:31:12"
"Scripted Web Service","sys_web_service","Application File","false","2024-12-02 17:24:58"
"Input Parameter","sys_web_service_input","Application File","false","2024-12-02 17:24:58"
"Output Parameter","sys_web_service_output","Application File","false","2024-12-02 17:24:58"
"Permitted Constructor, Field, or Method","sys_whitelist_member","","false","2024-12-02 17:27:24"
"Permitted Package Call","sys_whitelist_package","","false","2024-12-02 17:27:24"
"Widget","sys_widgets","Application File","false","2024-12-02 17:23:22"
"Interceptor","sys_wizard","Application File","false","2024-12-02 17:23:10"
"Answer","sys_wizard_answer","Application File","false","2024-12-02 17:23:10"
"Wizard Choices","sys_wizard_choice","","false","2024-12-02 17:23:11"
"Wizard Payload","sys_wizard_payload","","false","2024-12-02 17:23:11"
"Action Exclusion","sys_workspace_declarative_action_exclusion","Application File","false","2024-12-02 18:00:05"
"WS Security Profile","sys_wss_profile","","false","2024-12-02 17:24:57"
"Scripted REST API","sys_ws_definition","Application File","false","2024-12-02 17:25:13"
"Scripted REST Header","sys_ws_header","Application File","false","2024-12-02 17:25:13"
"Scripted REST Header Association","sys_ws_header_map","Application File","false","2024-12-02 17:25:13"
"Scripted REST Resource","sys_ws_operation","Application File","false","2024-12-02 17:25:13"
"Scripted REST Query Parameter","sys_ws_query_parameter","Application File","false","2024-12-02 17:25:13"
"Scripted REST Query Parameter Association","sys_ws_query_parameter_map","Application File","false","2024-12-02 17:25:14"
"Scripted REST Version","sys_ws_version","Application File","false","2024-12-02 17:25:13"
"Task","task","","true","2024-12-02 18:09:47"
"Task Action Workflow","task_action_workflow","Application File","false","2024-12-02 17:40:30"
"CIs Affected","task_ci","","false","2015-04-06 11:16:27"
"Task CI Dynamic Group Association","task_ci_dynamic_group_association","","false","2024-12-02 17:39:47"
"Impacted Business Applications","task_cmdb_ci_business_app","","false","2024-12-02 17:39:48"
"Impacted CIs","task_cmdb_ci_service","","false","2015-04-03 14:57:06"
"Cost centers affected","task_cost_center","","false","2024-12-02 17:25:31"
"Groups affected","task_group","","false","2024-12-02 17:25:32"
"Locations affected","task_location","","false","2024-12-02 17:25:31"
"Outages Tasks Link","task_outage","","false","2024-12-02 18:01:39"
"Task Overview Container","task_overview_container","Application File","true","2024-12-02 18:21:45"
"Service Offerings","task_service_offering","","false","2024-12-02 17:39:52"
"Task SLA","task_sla","","false","2024-12-02 17:47:13"
"Time Worked","task_time_worked","","false","2024-12-02 17:39:46"
"Taxonomy","taxonomy","Application File","false","2024-12-02 18:04:13"
"Taxonomy Content Configuration","taxonomy_content_configuration","Application File","false","2024-12-02 18:04:13"
"Template Import Log","template_import_log","","false","2024-12-02 17:27:52"
"Temp Disk","temp_cmdb_ci_disk","","false","2024-12-02 17:39:20"
"Temp File System","temp_cmdb_ci_file_system","","false","2024-12-02 17:39:21"
"Temp Storage Port","temp_cmdb_ci_storage_port","","false","2024-12-02 17:39:21"
"Test Execution","test_execution","","false","2024-12-02 17:24:58"
"Text Searches","text_search","","false","2024-12-02 17:41:55"
"Ticket","ticket","Task","false","2024-12-02 17:39:48"
"Ticket Configuration","ticket_configuration","Application File","false","2024-12-02 18:03:06"
"Tab Configuration","ticket_tab_configuration","Application File","false","2024-12-02 18:03:06"
"Auth Credential","token_auth_credential","","true","2024-12-02 17:59:16"
"Token Verification","token_verification","Auth Key Verification","false","2024-12-02 17:46:14"
"Topic","topic","Application File","false","2024-12-02 18:04:12"
"Transaction Call Chain","transaction_call_chain","","false","2024-12-02 17:58:03"
"Transaction Call Chain Register","transaction_call_chain_register","","false","2024-12-02 17:58:04"
"Trend Definition","trend_definition","Application File","false","2024-12-02 18:00:29"
"Trend Recommendation","trend_recommendation","Application File","false","2024-12-02 18:00:30"
"Trigger Probes","trigger_probe_m2m","Application File","false","2024-12-02 17:46:28"
"Trigger Rule","trigger_rule","Assignment Rule","false","2024-12-02 17:59:26"
"Trigger Rule Table Config","trigger_rule_table_cfg","Application File","false","2024-12-02 17:59:23"
"Trigger Rule Workflow Context","trigger_rule_wf_context","","false","2024-12-02 17:59:20"
"Ts Attachment","ts_attachment","","false","2024-12-02 17:48:25"
"Text Index Attribute Map","ts_attribute_map","Application File","true","2024-12-02 17:27:54"
"Ts Chain","ts_chain","","false","2024-12-02 17:48:24"
"Chain Summary","ts_chain_summary","","false","2024-12-02 17:48:23"
"Text Index Column Attribute Map","ts_column_attribute_map","Text Index Attribute Map","false","2024-12-02 17:27:55"
"Text Index Configuration","ts_configuration","Application File","false","2024-12-02 17:27:54"
"Text Index Configuration Attribute","ts_configuration_attribute","","false","2024-12-02 17:27:54"
"Ts Deleted Doc","ts_deleted_doc","","false","2024-12-02 17:48:25"
"Ts Document","ts_document","","false","2024-12-02 17:48:22"
"Ts Field","ts_field","","false","2024-12-02 17:48:24"
"Text Search Groups","ts_group","Application File","false","2024-12-02 17:41:56"
"Japanese User Token","ts_japanese_token_dictionary","","false","2024-12-02 17:48:22"
"Ts Phrase","ts_phrase","","false","2024-12-02 17:48:25"
"Global Searches","ts_query","","false","2024-12-02 17:41:56"
"Knowledge Searches","ts_query_kb","","false","2024-12-02 17:41:55"
"Text Search Stat","ts_search_stats","","false","2024-12-02 17:48:23"
"Text Search Summaries","ts_search_summary","","false","2024-12-02 17:48:25"
"Stop Word","ts_stop","","false","2024-12-02 17:48:22"
"Synonym Dictionary","ts_synonym_dictionary","","false","2024-12-02 17:48:23"
"Synonym Set","ts_synonym_set","","false","2024-12-02 17:48:24"
"Text Search Table","ts_table","Application File","false","2024-12-02 17:41:55"
"Text Index Table Attribute Map","ts_table_attribute_map","Text Index Attribute Map","false","2024-12-02 17:27:54"
"Text Index for sys_user","ts_v4_13_0","","false","2024-12-02 18:36:54"
"Text Index for sys_user","ts_v4_13_1","","false","2024-12-02 18:36:55"
"Text Index for sys_user","ts_v4_13_2","","false","2024-12-02 18:36:55"
"Text Index for sys_user","ts_v4_13_3","","false","2024-12-02 18:36:55"
"Text Index for sys_user","ts_v4_13_4","","false","2024-12-02 18:36:56"
"Text Index for sys_user","ts_v4_13_5","","false","2024-12-02 18:36:56"
"Text Index for sys_user","ts_v4_13_6","","false","2024-12-02 18:36:56"
"Text Index for sys_user","ts_v4_13_7","","false","2024-12-02 18:36:56"
"Text Index for sys_user","ts_v4_13_8","","false","2024-12-02 18:36:57"
"Text Index for sys_user","ts_v4_13_9","","false","2024-12-02 18:36:57"
"Text Index Doc Freq for sys_user","ts_v4_13_df","","false","2024-12-02 18:36:59"
"Document Meta for ts_v4_13_","ts_v4_13_doc","","false","2024-12-02 18:36:57"
"Text Index for sc_cat_item","ts_v4_18_0","","false","2024-12-02 18:47:53"
"Text Index for sc_cat_item","ts_v4_18_1","","false","2024-12-02 18:47:53"
"Text Index for sc_cat_item","ts_v4_18_2","","false","2024-12-02 18:47:54"
"Text Index for sc_cat_item","ts_v4_18_3","","false","2024-12-02 18:47:54"
"Text Index for sc_cat_item","ts_v4_18_4","","false","2024-12-02 18:47:54"
"Text Index for sc_cat_item","ts_v4_18_5","","false","2024-12-02 18:47:54"
"Text Index for sc_cat_item","ts_v4_18_6","","false","2024-12-02 18:47:55"
"Text Index for sc_cat_item","ts_v4_18_7","","false","2024-12-02 18:47:55"
"Text Index for sc_cat_item","ts_v4_18_8","","false","2024-12-02 18:47:55"
"Text Index for sc_cat_item","ts_v4_18_9","","false","2024-12-02 18:47:56"
"Text Index Doc Freq for sc_cat_item","ts_v4_18_df","","false","2024-12-02 18:48:03"
"Document Meta for ts_v4_18_","ts_v4_18_doc","","false","2024-12-02 18:47:56"
"Text Index for sys_cs_topic","ts_v4_28_0","","false","2024-12-02 18:48:35"
"Text Index for sys_cs_topic","ts_v4_28_1","","false","2024-12-02 18:48:35"
"Text Index for sys_cs_topic","ts_v4_28_2","","false","2024-12-02 18:48:35"
"Text Index for sys_cs_topic","ts_v4_28_3","","false","2024-12-02 18:48:36"
"Text Index for sys_cs_topic","ts_v4_28_4","","false","2024-12-02 18:48:36"
"Text Index for sys_cs_topic","ts_v4_28_5","","false","2024-12-02 18:48:36"
"Text Index for sys_cs_topic","ts_v4_28_6","","false","2024-12-02 18:48:37"
"Text Index for sys_cs_topic","ts_v4_28_7","","false","2024-12-02 18:48:37"
"Text Index for sys_cs_topic","ts_v4_28_8","","false","2024-12-02 18:48:37"
"Text Index for sys_cs_topic","ts_v4_28_9","","false","2024-12-02 18:48:37"
"Text Index Doc Freq for sys_cs_topic","ts_v4_28_df","","false","2024-12-02 18:48:38"
"Document Meta for ts_v4_28_","ts_v4_28_doc","","false","2024-12-02 18:48:38"
"Text Index for kb_knowledge","ts_v4_34_0","","false","2024-12-02 18:49:01"
"Text Index for kb_knowledge","ts_v4_34_1","","false","2024-12-02 18:49:01"
"Text Index for kb_knowledge","ts_v4_34_2","","false","2024-12-02 18:49:01"
"Text Index for kb_knowledge","ts_v4_34_3","","false","2024-12-02 18:49:02"
"Text Index for kb_knowledge","ts_v4_34_4","","false","2024-12-02 18:49:02"
"Text Index for kb_knowledge","ts_v4_34_5","","false","2024-12-02 18:49:02"
"Text Index for kb_knowledge","ts_v4_34_6","","false","2024-12-02 18:49:03"
"Text Index for kb_knowledge","ts_v4_34_7","","false","2024-12-02 18:49:03"
"Text Index for kb_knowledge","ts_v4_34_8","","false","2024-12-02 18:49:03"
"Text Index for kb_knowledge","ts_v4_34_9","","false","2024-12-02 18:49:03"
"Text Index Doc Freq for kb_knowledge","ts_v4_34_df","","false","2024-12-02 18:49:05"
"Document Meta for ts_v4_34_","ts_v4_34_doc","","false","2024-12-02 18:49:04"
"Ts V4 Attachment","ts_v4_attachment","","false","2024-12-02 17:48:23"
"Synonym Term to Synset Mapping","ts_v_synonym_term_to_synset","","false","2024-12-02 17:48:23"
"Ts Word","ts_word","","false","2024-12-02 17:48:24"
"Ts Word Roots","ts_word_roots","","false","2024-12-02 17:48:24"
"Approval Usage Data","ua_approval_usage","","false","2024-12-02 17:28:47"
"Product Family","ua_app_family","","false","2024-12-02 17:28:48"
"Application Metadata","ua_app_metadata","","false","2024-12-02 17:28:48"
"Usage Data for Applications","ua_app_usage","","false","2024-12-02 17:28:47"
"Audit stats for different UA Frameworks","ua_audit_stats","","false","2024-12-02 17:28:45"
"Platform Analytics Collection Blocking","ua_blocking","","false","2024-12-02 17:28:46"
"UA Central Upload Allowed Definition","ua_central_upload_allowed_defn","","false","2024-12-02 17:28:47"
"UA Count Configuration Stats","ua_count_cfg_stats","","false","2024-12-02 17:28:47"
"Usage Data for Custom Table","ua_ct_usage","","false","2024-12-02 17:28:46"
"Custom Metric Definition","ua_custom_metric_defn","","false","2024-12-02 17:28:48"
"Custom Table Inventory","ua_custom_table_inventory","","false","2024-12-02 17:49:59"
"Custom Table Entitlement","ua_cust_tbl_entitlement","","false","2024-12-02 17:50:00"
"Aggregate data for tablestats definition","ua_defn_agg_data","","false","2024-12-02 17:28:48"
"UsageAnalytics Definitions Base","ua_defn_base","","true","2024-12-02 17:28:45"
"Subscription Enforcement Log","ua_enforce_log","","false","2024-12-02 17:30:17"
"Entitlement","ua_entitlement","","false","2024-12-02 17:30:17"
"UA Event Registry","ua_event_registry","","false","2024-12-02 17:28:45"
"UA Event Stat","ua_event_stat","","false","2024-12-02 17:28:48"
"Exempted Table Inventory","ua_exempted_table_inventory","","false","2024-12-02 17:50:00"
"Extra pages to track usage of","ua_extra_page","","false","2024-12-02 17:28:47"
"Flow/Action execution usage","ua_hub_execution_usage","Platform Analytics Event Aggregate","false","2024-12-02 17:54:53"
"Flow/Action generic usage","ua_hub_generic_usage","Platform Analytics Event Aggregate","false","2024-12-02 17:54:52"
"IntegrationHub Feature Usage","ua_ih_feature_usage","","false","2024-12-02 17:28:46"
"IntegrationHub usage","ua_ih_usage","","false","2024-12-02 17:28:48"
"UA Instance Info","ua_instance_state","","false","2024-12-02 17:28:48"
"UA Instance Configuration","ua_instance_state_config","","false","2024-12-02 17:28:46"
"Monitor Property","ua_monitor_property","","false","2024-12-02 17:28:46"
"Monitor Property Audit","ua_monitor_property_audit","","false","2024-12-02 17:28:47"
"Related production instance","ua_prod_inst","","false","2024-12-02 17:28:48"
"UsageAnalytics Scripted Definition","ua_scripted_defn","UsageAnalytics Definitions Base","false","2024-12-02 17:28:46"
"Shared UA Service","ua_shared_service","","false","2024-12-02 17:28:45"
"Ua Sn Table Inventory","ua_sn_table_inventory","","false","2024-12-02 17:50:03"
"Service Portal Bot Session","ua_sp_bot_session","","false","2024-12-02 17:28:45"
"UA Known Bot","ua_sp_known_bot","","false","2024-12-02 17:28:45"
"Service Portal Logouts","ua_sp_logouts","","false","2024-12-02 17:28:46"
"Service Portal Usage","ua_sp_usage","","false","2024-12-02 17:28:46"
"UA Downloaded Table Stats Definitions","ua_stats_defn","UsageAnalytics Definitions Base","false","2024-12-02 17:28:45"
"Historical collection request for UA table stats metric","ua_stats_defn_historical","","false","2024-12-02 17:28:48"
"Tablestats Overide","ua_tablestats_override","","false","2024-12-02 17:28:46"
"Table Subscription Configuration","ua_table_licensing_config","Application File","false","2024-12-02 17:30:17"
"Usage Analytics Upload Log","ua_upload_log","","false","2024-12-02 17:28:45"
"Usage Analytics Upload log details","ua_upload_log_details","","false","2024-12-02 17:28:47"
"Custom tables per user","ua_user_ct_count","","false","2024-12-02 17:49:59"
"Entitled Custom Table","ua_user_role_ct","","false","2024-12-02 17:49:56"
"UI Notification Inbox","ui_notification_inbox","","false","2024-12-02 17:50:40"
"UI Notification Payload Processor","ui_notification_payload_processor","","false","2024-12-02 17:50:40"
"UI Notification Route","ui_notification_route","Notification Route","false","2024-12-02 17:50:40"
"Unallocated group recommendation","unallocated_group_recommendation","","false","2024-12-02 18:15:47"
"Unallocated user recommendation","unallocated_user_recommendation","","false","2024-12-02 18:15:46"
"Unauthorized Change Notification","unauth_chg_notifications","","false","2024-12-02 17:41:39"
"Unauthorized Change Property","unauth_chg_prop","","false","2024-12-02 17:41:40"
"Unconnected Category Content","unconnected_category_content","","false","2024-12-02 18:04:12"
"Unsubscribed Usage","unlicensed_detail","","false","2024-12-02 17:50:02"
"Unsubscribed Plugins","unlicensed_plugin","","false","2024-12-02 17:49:59"
"Upgrade Center Metadata","upgrade_center_metadata","","false","2024-12-02 17:28:29"
"Upgrade History Task","upgrade_history_task","Task","false","2024-12-02 18:09:47"
"Upgrade Preview","upgrade_preview","","false","2024-12-02 17:28:28"
"Previewed Change","upgrade_preview_log","","false","2024-12-02 17:28:28"
"Upgrade Preview Versions","upgrade_preview_version","","false","2024-12-02 17:28:29"
"Upgrade Center VTB Label","upgrade_task_board_label","","false","2024-12-02 17:28:29"
"UPS Alarm","ups_alarm","Application File","false","2024-12-02 17:33:32"
"UsageAnalytics Counts for Tables","usageanalytics_count","","false","2024-12-02 17:28:48"
"UsageAnalytics Count Configuration","usageanalytics_count_cfg","Application File","false","2024-12-02 17:28:49"
"User Allocation Data","user_allocation_data","","false","2024-12-02 18:15:45"
"user allocation data m2m subscription detail","user_allocation_data_m2m_subscription_detail","","false","2024-12-02 18:15:45"
"User Based Filter Criteria","user_based_filter_criteria","Filter Criteria","true","2024-12-02 17:59:07"
"User Criteria","user_criteria","Application File","false","2024-12-02 17:30:39"
"User Entitlement Changelog","user_entl_changelog","","false","2024-12-02 17:50:01"
"User Subscription","user_has_subscription","","false","2024-12-02 18:15:43"
"User Multifactor Authentication","user_multifactor_auth","","false","2024-12-02 17:31:10"
"Insight - Cloud Applications-Query Results","u_cmdb_qb_result_1859dc7fe9d74abd9844d8a3be7019d78c1705b0","Query Builder Results","false","2024-12-02 18:16:10"
"Insight - Cloud VM Instances-Query Results","u_cmdb_qb_result_917e91fecfba01ca08f922d6e68deae68a03c0dc","Query Builder Results","false","2024-12-02 18:16:12"
"Insight - Cloud Servers-Query Results","u_cmdb_qb_result_9a270798bac9295a427ea2f23828e832e265a7bb","Query Builder Results","false","2024-12-02 18:16:15"
"Insight - Cloud Storage Volume-Query Results","u_cmdb_qb_result_b00b22494898682e88f2afc87b19e98790d548d6","Query Builder Results","false","2024-12-02 18:16:10"
"Insight - Cloud DB Instances-Query Results","u_cmdb_qb_result_d3bda2a94c2c358b33baadf23f7d36b956043856","Query Builder Results","false","2024-12-02 18:16:14"
"Validator Run Summary","validator_run_summary","","false","2024-12-02 18:03:00"
"Variables","var_dictionary","Dictionary Entry","true","2024-12-02 17:24:46"
"Menu Item","va_branding_contact_menu","Application File","false","2024-12-02 18:23:48"
"VMware Datastore HostMount","vcenter_datastore_hostmount","","false","2024-12-02 17:46:28"
"vCenter Event","vcenter_event","","false","2024-12-02 17:46:23"
"vCenter Event vCenter Extension Context","vctr_evt_vctr_ext_cx_m2m","","false","2024-12-02 17:46:38"
"Vendor Type","vendor_type","","false","2024-12-02 17:23:28"
"Visualization Migration Storage","visualization_migration_storage","","false","2024-12-02 17:53:08"
"Map source","viz_map_source","","false","2024-12-02 18:17:27"
"VMware Credentials","vmware_credentials","Credentials","false","2024-12-02 17:46:37"
"VMware Folder Type","vmware_folder_type","Application File","false","2024-12-02 17:46:28"
"vCenter Folder Type","vmware_vcenter_folder_type_m2m","","false","2024-12-02 17:46:37"
"Visual Task Board","vtb_board","","false","2024-12-02 17:28:02"
"VTB Board Label","vtb_board_label","","false","2024-12-02 17:28:02"
"Board Member (Board to Users)","vtb_board_member","","false","2024-12-02 17:28:02"
"Visual Task Board Card","vtb_card","","false","2024-12-02 17:28:02"
"Visual Task Board Card History","vtb_card_history","","false","2024-12-02 17:28:03"
"Visual Task Board Lane","vtb_lane","","false","2024-12-02 17:28:02"
"Private Task","vtb_task","Task","false","2024-12-02 17:28:02"
"AI Search Results Improvement Rule Condition Builder Values","v_ais_result_improvement_rule_condition_builder_values","","false","2024-12-02 17:29:43"
"Alternate Rotation Schedule","v_alternate_rotation","","false","2024-12-02 17:59:21"
"Mutually Exclusive Test","v_atf_mutually_exclusive_test","","false","2024-12-02 17:48:40"
"Cluster Nodes","v_cluster_nodes","","false","2012-02-27 23:48:26"
"Active Cluster Transactions","v_cluster_transaction","","false","2024-12-02 17:41:53"
"Customer Uploads","v_customer_uploads","","false","2009-05-14 18:38:13"
"Available Search Resource","v_cxs_search_resource","","false","2024-12-02 17:47:04"
"Database Indexes","v_db_index","","false","2024-12-02 17:42:19"
"Database Trigger","v_db_trigger","","false","2024-12-02 17:24:35"
"Expression Cache","v_expression_cache","","false","2015-02-27 19:10:47"
"Create Field","v_field_creator","","true","2024-12-02 17:40:27"
"Edit Field","v_field_editor","Create Field","true","2024-12-02 17:40:28"
"File Load Order","v_file_load_order","","false","2014-01-06 21:05:03"
"Formatted Schedule Report HTML","v_formatted_schedule_report","","false","2024-12-02 17:59:22"
"Database Indexes","v_index_creator","","false","2024-12-02 17:28:21"
"Interaction Context","v_interaction_context","","false","2024-12-02 18:23:52"
"IOStats","v_iostats","","false","2012-02-27 17:13:51"
"Node Log","v_logfiles","","false","2009-05-14 17:05:41"
"Customized Metadata Risk Scores","v_metadata_customization_risk","","false","2024-12-02 17:28:33"
"Deleted Application File Order","v_metadata_delete_order","","false","2014-06-11 13:59:29"
"File Descendant","v_metadata_descendant","","false","2014-05-07 10:25:45"
"File Parent","v_metadata_parent","","false","2014-06-11 13:59:29"
"MySQL Process List","v_mysql_proclist","","false","2012-02-25 19:47:02"
"MySQL Status","v_mysql_status","","false","2012-02-25 19:47:08"
"MySQL Variables","v_mysql_variables","","false","2012-02-25 19:47:12"
"On-call Notification","v_on_call","","false","2024-12-02 17:59:20"
"On-call Report","v_on_call_report_cache","","false","2024-12-02 17:59:22"
"Unified Report Visualization","v_par_unified_report_viz","","false","2024-12-02 17:54:40"
"VDashboards","v_pa_par_combined_dashboard","","false","2022-02-27 17:13:51"
"V Pd Activity Condition To Run","v_pd_activity_condition_to_run","","false","2024-12-02 18:05:14"
"V Pd Lane Condition To Run","v_pd_lane_condition_to_run","","false","2024-12-02 18:05:14"
"Pending Scheduled Jobs","v_pending_scheduled_job","","false","2024-12-02 17:42:21"
"Permanent Error Scheduled Jobs","v_permanent_error_scheduled_job","","false","2024-12-02 17:42:21"
"System Plugin","v_plugin","","false","2007-10-09 12:10:05"
"Private Cache","v_private_cache","","false","2015-03-02 19:09:55"
"Transaction Quotas","v_quota_transaction","","false","2024-12-02 17:27:06"
"Rotation Schedule","v_rotation","","false","2024-12-02 17:59:20"
"Running Scheduled Jobs","v_running_scheduled_job","","false","2024-12-02 17:42:21"
"Scriptable Object","v_scriptable_object","","false","2012-11-09 15:15:23"
"Search Genius Result","v_search_genius_result","","false","2024-12-02 17:49:13"
"Security Attribute Audit","v_security_attribute_audit","","false","2024-12-02 17:31:16"
"Shared Cache","v_shared_cache","","false","2015-03-03 16:09:29"
"SQL Debug","v_sql_debug","","false","2012-02-28 16:40:55"
"Stuck Scheduled Jobs","v_stuck_scheduled_job","","false","2024-12-02 17:42:21"
"Knowledge Category","v_st_kb_category","","false","2024-12-02 18:27:51"
"Most Viewed Article","v_st_kb_most_viewed","","false","2024-12-02 18:27:51"
"Recently Viewed Article","v_st_kb_recently_viewed","","false","2024-12-02 18:27:51"
"Similar Task","v_st_km_genai_mra_similar_task","","false","2024-12-02 17:42:37"
"Popular Item","v_st_popular_item","","false","2024-12-02 18:27:52"
"Recent Item","v_st_recent_item","","false","2024-12-02 18:27:52"
"Catalog (App Use)","v_st_sc_catalog","","false","2024-12-02 18:27:52"
"Category Hierarchy(App Use)","v_st_sc_category","","false","2024-12-02 18:27:52"
"Catalog Item(App Use)","v_st_sc_cat_item","","false","2024-12-02 18:27:52"
"Create Table","v_table_creator","","true","2024-12-02 17:40:27"
"Edit Table","v_table_editor","Create Table","false","2024-12-02 17:40:28"
"Active Transactions","v_transaction","","false","2008-05-23 17:30:17"
"User Rotation Schedule","v_user_rotation","","false","2024-12-02 17:59:22"
"Logged in User","v_user_session","","false","2007-07-13 16:15:23"
"Workflow Validation Report","v_wf_validation_report","","false","2012-10-01 10:43:05"
"Create Web Service","v_ws_creator","Create Table","true","2024-12-02 17:40:28"
"Edit Web Service","v_ws_editor","Create Web Service","false","2024-12-02 17:40:28"
"Add Field","v_ws_field_creator","Create Field","false","2024-12-02 17:40:28"
"Edit Web Service Field","v_ws_field_editor","Edit Field","false","2024-12-02 17:40:28"
"Webhook Auth","webhook_auth","Provider Auth","false","2024-12-02 17:46:14"
"Workflow Actions","wf_action","Diagrammer Actions","false","2024-12-02 17:40:31"
"Workflow Activity","wf_activity","","false","2024-12-02 17:40:33"
"Workflow Activity Definition","wf_activity_definition","Workflow Element Definition","false","2024-12-02 17:40:34"
"Activity Variables","wf_activity_variable","Variables","false","2024-12-02 17:40:30"
"Workflow Queued Command","wf_command","","false","2024-12-02 17:40:31"
"Workflow Condition","wf_condition","","false","2024-12-02 17:40:32"
"Condition default","wf_condition_default","","false","2024-12-02 17:42:58"
"Workflow context","wf_context","","false","2024-12-02 17:40:34"
"Activity Designer","wf_element_activity","Workflow Element Definition","false","2024-12-02 17:40:33"
"Workflow Element Definition","wf_element_definition","Application File","true","2024-12-02 17:40:31"
"Element Provider","wf_element_provider","","false","2024-12-02 17:40:34"
"Workflow Estimated Runtime Configuration","wf_estimated_runtime_config","","false","2024-12-02 17:40:32"
"Workflow Executing Activity","wf_executing","","false","2024-12-02 17:40:35"
"Workflow Activity History","wf_history","","false","2024-12-02 17:40:34"
"Workflow Activity History Scratchpad","wf_history_scratchpad","","false","2024-12-02 17:40:33"
"Workflow Log Entry","wf_log","Log Entry","false","2024-12-02 17:40:35"
"Workflow Log Entry","wf_log0000","Log Entry","false","2024-12-02 17:45:01"
"Workflow Log Entry","wf_log0001","Log Entry","false","2024-12-02 17:45:03"
"Workflow Log Entry","wf_log0002","Log Entry","false","2024-12-02 17:45:04"
"Workflow Log Entry","wf_log0003","Log Entry","false","2024-12-02 17:45:05"
"Workflow Log Entry","wf_log0004","Log Entry","false","2024-12-02 17:45:06"
"Workflow Log Entry","wf_log0005","Log Entry","false","2024-12-02 17:45:07"
"Workflow Log Entry","wf_log0006","Log Entry","false","2024-12-02 17:45:09"
"Workflow Log Entry","wf_log0007","Log Entry","false","2024-12-02 17:45:10"
"Workflow Stage","wf_stage","","false","2024-12-02 17:40:33"
"Stage Default","wf_stage_default","Application File","false","2024-12-02 17:40:34"
"Workflow Transition","wf_transition","","false","2024-12-02 17:40:34"
"Workflow Transition History","wf_transition_history","","false","2024-12-02 17:40:31"
"UI Panel","wf_ui_panel","Macro","false","2024-12-02 17:40:35"
"Workflow UI Policy","wf_ui_policy","UI Policy","false","2024-12-02 17:42:58"
"Workflow UI Policy Action","wf_ui_policy_action","UI Policy Action","false","2024-12-02 17:42:58"
"Workflow SC Variable","wf_variable","Variable","false","2024-12-02 17:40:33"
"Version","wf_versionable","","false","2024-12-02 17:40:35"
"Workflow","wf_workflow","Application File","false","2024-12-02 17:40:34"
"Workflow Binding","wf_workflow_binding","","false","2024-12-02 17:40:32"
"Workflow Execution","wf_workflow_execution","","false","2024-12-02 17:40:31"
"Workflow Instance","wf_workflow_instance","","false","2024-12-02 17:40:31"
"Workflow Schedule","wf_workflow_schedule","Scheduled Script Execution","false","2024-12-02 17:40:32"
"Workflow Timing","wf_workflow_timing","","false","2024-12-02 17:40:33"
"Workflow Version","wf_workflow_version","","false","2024-12-02 17:40:33"
"On-click behavior","widget_navigation","","false","2024-12-02 17:24:07"
"Windows Credentials","windows_credentials","Credentials","false","2024-12-02 17:46:35"
"WS-Security Profiles (Outbound)","ws_security_profiles_outbound","Application File","true","2024-12-02 17:25:25"
"WS-Security Username Profiles (Outbound)","ws_security_username_profile_outbound","WS-Security Profiles (Outbound)","false","2024-12-02 17:25:25"
"WS-Security X.509 Profiles (Outbound)","ws_security_x509_profile_outbound","WS-Security Profiles (Outbound)","false","2024-12-02 17:25:25"
"WWNA Quick Action","wwna_quick_actions","Quick Action","false","2024-12-02 18:27:41"
"Zing To AI Search Configuration","zing_to_ais_configuration","Application File","false","2024-12-02 17:29:44"
